date,bonus,client_name,bill_rate,pay_rate,venue_service_charge,msp_rate,wc_rate,event_state,client_worked,employee_worked,shift_start,shift_end,client_start,employee_start,use_sheet,client_seconds,employee_seconds,client_min_bill,employee_min_pay,client_no_bill,employee_no_pay,client_no_break_penalty,employee_no_break_penalty,client_tips,client_parking,client_travel,client_service_charge,employee_tips,employee_parking,employee_travel,employee_service_charge
2026-04-25,0.0,@Palm Springs Surf Club,36.0,23.0,0.0,,0.0827,CA,WORKED,WORKED,2026-04-25 09:00:00,2026-04-25 15:00:00,2026-04-25 08:59:00,2026-04-25 08:59:00,,20760.0,20760.0,,,,,0.0,0.0,,,,,,,,
2026-04-25,0.0,@Palm Springs Surf Club,36.0,23.0,0.0,,0.0827,CA,WORKED,WORKED,2026-04-25 09:00:00,2026-04-25 15:00:00,2026-04-25 09:04:00,2026-04-25 09:04:00,,20940.0,20940.0,,,,,0.0,0.0,,,,,,,,
2026-04-25,0.0,@Palm Springs Surf Club,32.0,21.0,0.0,,0.0827,CA,WORKED,WORKED,2026-04-25 09:00:00,2026-04-25 15:00:00,2026-04-25 09:01:00,2026-04-25 09:01:00,,20520.0,20520.0,,,,,0.0,0.0,,,,,,,,
2026-04-22,0.0,Academy Museum of Motion Pictures,30.0,20.0,0.0,0.12,0.0827,CA,WORKED,WORKED,2026-04-22 12:00:00,2026-04-22 20:30:00,2026-04-22 12:00:00,2026-04-22 12:00:00,,28740.0,28740.0,,,,,0.0,0.0,,,,,,,,
2026-04-23,0.0,Academy Museum of Motion Pictures,30.0,20.0,0.0,0.12,0.0827,CA,WORKED,WORKED,2026-04-23 12:00:00,2026-04-23 20:30:00,2026-04-23 12:06:00,2026-04-23 12:06:00,,29220.0,29220.0,,,,,0.0,0.0,,,,,,,,
2026-04-20,0.0,Amgen Thousand Oaks,35.4,20.0,0.0,0.12,0.0827,CA,WORKED,WORKED,2026-04-20 07:30:00,2026-04-20 15:30:00,2026-04-20 07:30:00,2026-04-20 07:30:00,,27000.0,27000.0,,,,,0.0,0.0,,,,,,,,
2026-04-20,0.0,Amgen Thousand Oaks,42.48,24.0,0.0,0.12,0.0827,CA,WORKED,WORKED,2026-04-20 06:30:00,2026-04-20 14:30:00,2026-04-20 06:30:00,2026-04-20 06:30:00,,27840.0,27840.0,,,,,0.0,0.0,,,,,,,,
2026-04-21,0.0,Amgen Thousand Oaks,42.48,24.0,0.0,0.12,0.0827,CA,WORKED,WORKED,2026-04-21 06:30:00,2026-04-21 14:30:00,2026-04-21 06:30:00,2026-04-21 06:30:00,,28260.0,28260.0,,,,,0.0,0.0,,,,,,,,
2026-04-21,0.0,Amgen Thousand Oaks,35.4,20.0,0.0,0.12,0.0827,CA,WORKED,WORKED,2026-04-21 07:30:00,2026-04-21 15:30:00,2026-04-21 07:30:00,2026-04-21 07:30:00,,27000.0,27000.0,,,,,0.0,0.0,,,,,,,,
2026-04-22,0.0,Amgen Thousand Oaks,42.48,24.0,0.0,0.12,0.0827,CA,WORKED,WORKED,2026-04-22 06:30:00,2026-04-22 14:30:00,2026-04-22 06:30:00,2026-04-22 06:30:00,,27720.0,27720.0,,,,,0.0,0.0,,,,,,,,
2026-04-22,0.0,Amgen Thousand Oaks,35.4,20.0,0.0,0.12,0.0827,CA,WORKED,WORKED,2026-04-22 07:30:00,2026-04-22 15:30:00,2026-04-22 09:00:00,2026-04-22 09:00:00,,21600.0,21600.0,,,,,0.0,0.0,,,,,,,,
2026-04-23,0.0,Amgen Thousand Oaks,35.4,20.0,0.0,0.12,0.0827,CA,WORKED,WORKED,2026-04-23 07:30:00,2026-04-23 15:30:00,2026-04-23 07:30:00,2026-04-23 07:30:00,,27120.0,27120.0,,,,,0.0,0.0,,,,,,,,
2026-04-23,0.0,Amgen Thousand Oaks,42.48,24.0,0.0,0.12,0.0827,CA,WORKED,WORKED,2026-04-23 06:30:00,2026-04-23 14:30:00,2026-04-23 06:30:00,2026-04-23 06:30:00,,28200.0,28200.0,,,,,0.0,0.0,,,,,,,,
2026-04-24,0.0,Amgen Thousand Oaks,35.4,20.0,0.0,0.12,0.0827,CA,WORKED,WORKED,2026-04-24 07:30:00,2026-04-24 15:30:00,2026-04-24 07:26:00,2026-04-24 07:26:00,,25920.0,25920.0,,,,,0.0,0.0,,,,,,,,
2026-04-24,0.0,Amgen Thousand Oaks,42.48,24.0,0.0,0.12,0.0827,CA,WORKED,WORKED,2026-04-24 06:30:00,2026-04-24 14:30:00,2026-04-24 06:30:00,2026-04-24 06:30:00,,27660.0,27660.0,,,,,0.0,0.0,,,,,,,,
2026-04-24,0.0,Amgen Thousand Oaks,35.4,20.0,0.0,0.12,0.0827,CA,WORKED,WORKED,2026-04-24 07:30:00,2026-04-24 16:00:00,2026-04-24 07:31:00,2026-04-24 07:31:00,,28740.0,28740.0,,,,,0.0,0.0,,,,,,,,
2026-04-25,0.0,Avalon Hollywood,32.55,21.0,0.0,,0.0827,CA,WORKED,WORKED,2026-04-25 18:30:00,2026-04-25 22:30:00,2026-04-25 18:53:00,2026-04-25 18:53:00,,13020.0,13020.0,,,,,0.0,0.0,,,,,,,,
2026-04-25,0.0,Avalon Hollywood,32.55,21.0,0.0,,0.0827,CA,WORKED,WORKED,2026-04-25 18:30:00,2026-04-25 22:30:00,2026-04-25 18:32:00,2026-04-25 18:32:00,,14400.0,14400.0,,,,,0.0,0.0,,,,,,,,
2026-04-25,0.0,Avalon Hollywood,32.55,21.0,0.0,,0.0827,CA,WORKED,WORKED,2026-04-25 18:30:00,2026-04-25 22:30:00,2026-04-25 18:32:00,2026-04-25 18:32:00,,14280.0,14280.0,,,,,0.0,0.0,,,,,,,,
2026-04-20,0.0,"Beverly Hills Acquisition, LLC dba Maybourne Beverly Hills",42.5,26.5,0.0,,0.0827,CA,WORKED,WORKED,2026-04-20 07:00:00,2026-04-20 15:30:00,2026-04-20 07:00:00,2026-04-20 07:00:00,,28800.0,28800.0,,,,,0.0,0.0,,,,,,,,
2026-04-20,0.0,"Beverly Hills Acquisition, LLC dba Maybourne Beverly Hills",42.5,26.5,0.0,,0.0827,CA,WORKED,WORKED,2026-04-20 07:00:00,2026-04-20 15:30:00,2026-04-20 07:00:00,2026-04-20 07:00:00,,28800.0,28800.0,,,,,0.0,0.0,,,,,,,,
2026-04-21,0.0,"Beverly Hills Acquisition, LLC dba Maybourne Beverly Hills",42.5,26.5,0.0,,0.0827,CA,WORKED,WORKED,2026-04-21 09:00:00,2026-04-21 17:30:00,2026-04-21 09:02:00,2026-04-21 09:02:00,,28920.0,28920.0,,,,,0.0,0.0,,,,,,,,
2026-04-21,0.0,"Beverly Hills Acquisition, LLC dba Maybourne Beverly Hills",42.5,26.5,0.0,,0.0827,CA,WORKED,WORKED,2026-04-21 09:00:00,2026-04-21 17:30:00,2026-04-21 09:00:00,2026-04-21 09:00:00,,28800.0,28800.0,,,,,0.0,0.0,,,,,,,,
2026-04-22,0.0,"Beverly Hills Acquisition, LLC dba Maybourne Beverly Hills",42.5,26.5,0.0,,0.0827,CA,WORKED,WORKED,2026-04-22 06:00:00,2026-04-22 11:00:00,2026-04-22 06:00:00,2026-04-22 06:00:00,,18000.0,18000.0,,,,,0.0,0.0,,,,,,,,
2026-04-20,0.0,Beverly Hills Hotel,38.0,25.0,0.0,,0.0827,CA,WORKED,WORKED,2026-04-20 08:00:00,2026-04-20 16:30:00,2026-04-20 08:00:00,2026-04-20 08:00:00,,28800.0,28800.0,,,,,0.0,0.0,,,,,,,,
2026-04-21,0.0,Beverly Hills Hotel,38.0,25.0,0.0,,0.0827,CA,WORKED,WORKED,2026-04-21 08:00:00,2026-04-21 16:30:00,2026-04-21 08:00:00,2026-04-21 08:00:00,,21600.0,21600.0,,,,,0.0,0.0,,,,,,,,
2026-04-22,0.0,Beverly Hills Hotel,38.0,25.0,0.0,,0.0827,CA,WORKED,WORKED,2026-04-22 08:00:00,2026-04-22 16:30:00,2026-04-22 08:00:00,2026-04-22 08:00:00,,28800.0,28800.0,,,,,0.0,0.0,,,,,,,,
2026-04-25,0.0,Beverly Hills Hotel,38.0,25.0,0.0,,0.0827,CA,WORKED,WORKED,2026-04-25 08:00:00,2026-04-25 16:30:00,2026-04-25 08:00:00,2026-04-25 08:00:00,,28800.0,28800.0,,,,,0.0,0.0,,,,,,,,
2026-04-26,0.0,Beverly Hills Hotel,38.0,25.0,0.0,,0.0827,CA,WORKED,WORKED,2026-04-26 08:00:00,2026-04-26 16:30:00,2026-04-26 08:00:00,2026-04-26 08:00:00,,28800.0,28800.0,,,,,0.0,0.0,,,,,,,,
2026-04-20,0.0,Beverly Hills Unified School District,32.0,20.0,0.0,,0.0216,CA,WORKED,WORKED,2026-04-20 06:00:00,2026-04-20 11:30:00,2026-04-20 06:00:00,2026-04-20 06:00:00,,19800.0,19800.0,0.0,0.0,,,0.0,0.0,,,,,,,,
2026-04-20,0.0,Beverly Hills Unified School District,31.0,20.0,0.0,,0.0216,CA,WORKED,WORKED,2026-04-20 06:00:00,2026-04-20 13:30:00,2026-04-20 05:54:00,2026-04-20 05:54:00,,26760.0,26760.0,,,,,0.0,0.0,,,,,,,,
2026-04-20,0.0,Beverly Hills Unified School District,31.0,20.0,0.0,,0.0216,CA,WORKED,WORKED,2026-04-20 07:00:00,2026-04-20 14:00:00,2026-04-20 07:00:00,2026-04-20 07:00:00,,23880.0,23880.0,,,,,0.0,0.0,,,,,,,,
2026-04-20,0.0,Beverly Hills Unified School District,36.0,24.0,0.0,,0.0216,CA,WORKED,WORKED,2026-04-20 06:00:00,2026-04-20 13:30:00,2026-04-20 06:22:00,2026-04-20 06:22:00,,24540.0,24540.0,,,,,0.0,0.0,,,,,,,,
2026-04-20,0.0,Beverly Hills Unified School District,31.0,20.0,0.0,,0.0216,CA,WORKED,WORKED,2026-04-20 07:00:00,2026-04-20 14:00:00,2026-04-20 07:00:00,2026-04-20 07:00:00,,23400.0,23400.0,,,,,0.0,0.0,,,,,,,,
2026-04-20,0.0,Beverly Hills Unified School District,33.0,22.0,0.0,,0.0216,CA,WORKED,WORKED,2026-04-20 06:30:00,2026-04-20 13:30:00,2026-04-20 06:30:00,2026-04-20 06:30:00,,23400.0,23400.0,,,,,0.0,0.0,,,,,,,,
2026-04-20,0.0,Beverly Hills Unified School District,36.0,24.0,0.0,,0.0216,CA,WORKED,WORKED,2026-04-20 06:00:00,2026-04-20 13:30:00,2026-04-20 05:55:00,2026-04-20 05:55:00,,27300.0,27300.0,,,,,0.0,0.0,,,,,,,,
2026-04-20,0.0,Beverly Hills Unified School District,31.0,20.0,0.0,,0.0216,CA,WORKED,WORKED,2026-04-20 06:00:00,2026-04-20 13:30:00,2026-04-20 05:58:00,2026-04-20 05:58:00,,27120.0,27120.0,,,,,0.0,0.0,,,,,,,,
2026-04-21,0.0,Beverly Hills Unified School District,31.0,20.0,0.0,,0.0216,CA,WORKED,WORKED,2026-04-21 07:00:00,2026-04-21 14:00:00,2026-04-21 07:00:00,2026-04-21 07:00:00,,23100.0,23100.0,,,,,0.0,0.0,,,,,,,,
2026-04-21,0.0,Beverly Hills Unified School District,31.0,20.0,0.0,,0.0216,CA,WORKED,WORKED,2026-04-21 08:00:00,2026-04-21 13:30:00,2026-04-21 08:45:00,2026-04-21 08:45:00,,14100.0,14100.0,,,,,0.0,0.0,,,,,,,,
2026-04-21,0.0,Beverly Hills Unified School District,31.0,20.0,0.0,,0.0216,CA,WORKED,WORKED,2026-04-21 07:00:00,2026-04-21 14:00:00,2026-04-21 07:00:00,2026-04-21 07:00:00,,21600.0,21600.0,,,,,0.0,0.0,,,,,,,,
2026-04-21,0.0,Beverly Hills Unified School District,31.0,20.0,0.0,,0.0216,CA,WORKED,WORKED,2026-04-21 06:30:00,2026-04-21 14:00:00,2026-04-21 06:42:00,2026-04-21 06:42:00,,25920.0,25920.0,,,,,0.0,0.0,,,,,,,,
2026-04-21,0.0,Beverly Hills Unified School District,31.0,20.0,0.0,,0.0216,CA,WORKED,WORKED,2026-04-21 06:00:00,2026-04-21 13:30:00,2026-04-21 05:54:00,2026-04-21 05:54:00,,25500.0,25500.0,,,,,0.0,0.0,,,,,,,,
2026-04-21,0.0,Beverly Hills Unified School District,31.0,20.0,0.0,,0.0216,CA,WORKED,WORKED,2026-04-21 06:00:00,2026-04-21 13:30:00,2026-04-21 06:03:00,2026-04-21 06:03:00,,25260.0,25260.0,,,,,0.0,0.0,,,,,,,,
2026-04-21,0.0,Beverly Hills Unified School District,31.0,20.0,0.0,,0.0216,CA,WORKED,WORKED,2026-04-21 09:00:00,2026-04-21 13:30:00,2026-04-21 08:45:00,2026-04-21 08:45:00,,19800.0,19800.0,,,,,0.0,0.0,,,,,,,,
2026-04-21,0.0,Beverly Hills Unified School District,33.0,22.0,0.0,,0.0216,CA,WORKED,WORKED,2026-04-21 06:30:00,2026-04-21 13:30:00,2026-04-21 06:30:00,2026-04-21 06:30:00,,24780.0,24780.0,,,,,0.0,0.0,,,,,,,,
2026-04-21,0.0,Beverly Hills Unified School District,36.0,24.0,0.0,,0.0216,CA,WORKED,WORKED,2026-04-21 06:00:00,2026-04-21 13:30:00,2026-04-21 05:40:00,2026-04-21 05:40:00,,26400.0,26400.0,,,,,0.0,0.0,,,,,,,,
2026-04-22,0.0,Beverly Hills Unified School District,31.0,20.0,0.0,,0.0216,CA,WORKED,WORKED,2026-04-22 06:00:00,2026-04-22 13:30:00,2026-04-22 06:02:00,2026-04-22 06:02:00,,25200.0,25200.0,,,,,0.0,0.0,,,,,,,,
2026-04-22,0.0,Beverly Hills Unified School District,31.0,20.0,0.0,,0.0216,CA,WORKED,WORKED,2026-04-22 07:00:00,2026-04-22 14:00:00,2026-04-22 07:00:00,2026-04-22 07:00:00,,23400.0,23400.0,,,,,0.0,0.0,,,,,,,,
2026-04-22,0.0,Beverly Hills Unified School District,31.0,20.0,0.0,,0.0216,CA,WORKED,WORKED,2026-04-22 06:30:00,2026-04-22 13:30:00,2026-04-22 06:30:00,2026-04-22 06:30:00,,25200.0,25200.0,,,,,0.0,0.0,,,,,,,,
2026-04-22,0.0,Beverly Hills Unified School District,31.0,20.0,0.0,,0.0216,CA,WORKED,WORKED,2026-04-22 06:00:00,2026-04-22 13:30:00,2026-04-22 05:53:00,2026-04-22 05:53:00,,25740.0,25740.0,,,,,0.0,0.0,,,,,,,,
2026-04-22,0.0,Beverly Hills Unified School District,31.0,20.0,0.0,,0.0216,CA,WORKED,WORKED,2026-04-22 07:00:00,2026-04-22 14:00:00,2026-04-22 07:01:00,2026-04-22 07:01:00,,23940.0,23940.0,,,,,0.0,0.0,,,,,,,,
2026-04-22,0.0,Beverly Hills Unified School District,31.0,20.0,0.0,,0.0216,CA,WORKED,WORKED,2026-04-22 08:00:00,2026-04-22 13:30:00,2026-04-22 07:52:00,2026-04-22 07:52:00,,21180.0,21180.0,,,,,0.0,0.0,,,,,,,,
2026-04-22,0.0,Beverly Hills Unified School District,40.0,20.0,0.0,,0.0216,CA,WORKED,WORKED,2026-04-22 06:00:00,2026-04-22 14:00:00,2026-04-22 06:00:00,2026-04-22 06:00:00,,26100.0,26100.0,,,,,0.0,0.0,,,,,,,,
2026-04-22,0.0,Beverly Hills Unified School District,36.0,24.0,0.0,,0.0216,CA,WORKED,WORKED,2026-04-22 06:00:00,2026-04-22 13:30:00,2026-04-22 05:55:00,2026-04-22 05:55:00,,25980.0,25980.0,,,,,0.0,0.0,,,,,,,,
2026-04-22,0.0,Beverly Hills Unified School District,31.0,20.0,0.0,,0.0216,CA,WORKED,WORKED,2026-04-22 06:30:00,2026-04-22 13:30:00,2026-04-22 07:00:00,2026-04-22 07:00:00,,21600.0,21600.0,,,,,0.0,0.0,,,,,,,,
2026-04-22,0.0,Beverly Hills Unified School District,32.0,20.0,0.0,,0.0216,CA,WORKED,WORKED,2026-04-22 06:00:00,2026-04-22 13:30:00,2026-04-22 06:00:00,2026-04-22 06:00:00,,25200.0,25200.0,,,,,0.0,0.0,,,,,,,,
2026-04-23,0.0,Beverly Hills Unified School District,36.0,24.0,0.0,,0.0216,CA,WORKED,WORKED,2026-04-23 06:00:00,2026-04-23 13:30:00,2026-04-23 05:50:00,2026-04-23 05:50:00,,26160.0,26160.0,,,,,0.0,0.0,,,,,,,,
2026-04-23,0.0,Beverly Hills Unified School District,31.0,20.0,0.0,,0.0216,CA,WORKED,WORKED,2026-04-23 06:00:00,2026-04-23 13:30:00,2026-04-23 06:00:00,2026-04-23 06:00:00,,25260.0,25260.0,,,,,0.0,0.0,,,,,,,,
2026-04-23,0.0,Beverly Hills Unified School District,31.0,20.0,0.0,,0.0216,CA,WORKED,WORKED,2026-04-23 06:30:00,2026-04-23 13:30:00,2026-04-23 06:30:00,2026-04-23 06:30:00,,23400.0,23400.0,,,,,0.0,0.0,,,,,,,,
2026-04-23,0.0,Beverly Hills Unified School District,31.0,20.0,0.0,,0.0216,CA,WORKED,WORKED,2026-04-23 07:00:00,2026-04-23 14:00:00,2026-04-23 07:00:00,2026-04-23 07:00:00,,24240.0,24240.0,,,,,0.0,0.0,,,,,,,,
2026-04-23,0.0,Beverly Hills Unified School District,41.25,22.0,0.0,,0.0216,CA,WORKED,WORKED,2026-04-23 06:00:00,2026-04-23 13:30:00,2026-04-23 06:00:00,2026-04-23 06:00:00,,25200.0,25200.0,,,,,0.0,0.0,,,,,,,,
2026-04-23,0.0,Beverly Hills Unified School District,31.0,20.0,0.0,,0.0216,CA,WORKED,WORKED,2026-04-23 08:00:00,2026-04-23 13:30:00,2026-04-23 08:07:00,2026-04-23 08:07:00,,17460.0,17460.0,,,,,0.0,0.0,,,,,,,,
2026-04-23,0.0,Beverly Hills Unified School District,32.0,20.0,0.0,,0.0216,CA,WORKED,WORKED,2026-04-23 06:00:00,2026-04-23 14:00:00,2026-04-23 06:00:00,2026-04-23 06:00:00,,27000.0,27000.0,,,,,0.0,0.0,,,,,,,,
2026-04-23,0.0,Beverly Hills Unified School District,31.0,20.0,0.0,,0.0216,CA,WORKED,WORKED,2026-04-23 07:00:00,2026-04-23 14:00:00,2026-04-23 07:00:00,2026-04-23 07:00:00,,23400.0,23400.0,,,,,0.0,0.0,,,,,,,,
2026-04-23,0.0,Beverly Hills Unified School District,31.0,20.0,0.0,,0.0216,CA,WORKED,WORKED,2026-04-23 06:00:00,2026-04-23 13:30:00,2026-04-23 06:00:00,2026-04-23 06:00:00,,25260.0,25260.0,,,,,0.0,0.0,,,,,,,,
2026-04-23,0.0,Beverly Hills Unified School District,31.0,20.0,0.0,,0.0216,CA,WORKED,WORKED,2026-04-23 06:30:00,2026-04-23 13:30:00,2026-04-23 07:30:00,2026-04-23 07:30:00,,22500.0,22500.0,,,,,0.0,0.0,,,,,,,,
2026-04-23,0.0,Beverly Hills Unified School District,31.0,20.0,0.0,,0.0216,CA,WORKED,WORKED,2026-04-23 09:00:00,2026-04-23 13:30:00,2026-04-23 08:46:00,2026-04-23 08:46:00,,18840.0,18840.0,,,,,0.0,0.0,,,,,,,,
2026-04-24,0.0,Beverly Hills Unified School District,31.0,20.0,0.0,,0.0216,CA,SENTHOME,SENTHOME,2026-04-24 06:30:00,2026-04-24 14:00:00,,,,0.0,0.0,,1.0,,,0.0,0.0,,,,,,,,
2026-04-24,0.0,Beverly Hills Unified School District,31.0,20.0,0.0,,0.0216,CA,WORKED,WORKED,2026-04-24 06:00:00,2026-04-24 13:30:00,2026-04-24 05:54:00,2026-04-24 05:54:00,,25680.0,25680.0,,,,,0.0,0.0,,,,,,,,
2026-04-24,0.0,Beverly Hills Unified School District,31.0,20.0,0.0,,0.0216,CA,WORKED,WORKED,2026-04-24 07:00:00,2026-04-24 14:00:00,2026-04-24 07:00:00,2026-04-24 07:00:00,,23580.0,23580.0,,,,,0.0,0.0,,,,,,,,
2026-04-24,0.0,Beverly Hills Unified School District,31.0,20.0,0.0,,0.0216,CA,WORKED,WORKED,2026-04-24 08:00:00,2026-04-24 13:30:00,2026-04-24 07:52:00,2026-04-24 07:52:00,,19140.0,19140.0,,,,,0.0,0.0,,,,,,,,
2026-04-24,0.0,Beverly Hills Unified School District,31.0,20.0,0.0,,0.0216,CA,WORKED,WORKED,2026-04-24 07:00:00,2026-04-24 14:00:00,2026-04-24 07:00:00,2026-04-24 07:00:00,,23400.0,23400.0,,,,,0.0,0.0,,,,,,,,
2026-04-24,0.0,Beverly Hills Unified School District,36.0,24.0,0.0,,0.0216,CA,WORKED,WORKED,2026-04-24 06:00:00,2026-04-24 13:30:00,2026-04-24 05:50:00,2026-04-24 05:50:00,,25800.0,25800.0,,,,,0.0,0.0,,,,,,,,
2026-04-24,0.0,Beverly Hills Unified School District,32.0,20.0,0.0,,0.0216,CA,WORKED,WORKED,2026-04-24 06:00:00,2026-04-24 14:00:00,2026-04-24 06:00:00,2026-04-24 06:00:00,,27000.0,27000.0,,,,,0.0,0.0,,,,,,,,
2026-04-23,0.0,Blue Devils Lessee LLC | Hyatt Centric Delfina Santa Monica,34.88,22.5,0.0,,0.0827,CA,WORKED,WORKED,2026-04-23 11:00:00,2026-04-23 19:00:00,2026-04-23 11:01:00,2026-04-23 11:01:00,,27000.0,27000.0,,,,,0.0,0.0,,,,,,,,
2026-04-23,0.0,Blue Devils Lessee LLC | Hyatt Centric Delfina Santa Monica,34.88,22.5,0.0,,0.0827,CA,WORKED,WORKED,2026-04-23 15:00:00,2026-04-23 23:00:00,2026-04-23 14:50:00,2026-04-23 14:50:00,,27300.0,27300.0,,,,,0.0,0.0,,,,,,,,
2026-04-25,0.0,Blue Devils Lessee LLC | Hyatt Centric Delfina Santa Monica,34.88,22.5,0.0,,0.0827,CA,NOSHOW,NOSHOW,2026-04-25 15:00:00,2026-04-25 23:00:00,,,,0.0,0.0,,,,,,,,,,,,,,
2026-04-26,0.0,Blue Devils Lessee LLC | Hyatt Centric Delfina Santa Monica,34.88,24.75,0.0,,0.0827,CA,WORKED,WORKED,2026-04-26 14:00:00,2026-04-26 22:00:00,2026-04-26 14:00:00,2026-04-26 14:00:00,,27000.0,27000.0,0.0,0.0,,,0.0,0.0,,,,,,,,
2026-04-22,0.0,Camp Ronald McDonald,40.0,27.0,0.0,0.12,0.0793,CA,WORKED,WORKED,2026-04-22 11:00:00,2026-04-22 17:30:00,2026-04-22 11:00:00,2026-04-22 11:00:00,,24060.0,24060.0,0.0,0.0,,,0.0,0.0,,,,,,,,
2026-04-23,0.0,Camp Ronald McDonald,40.0,27.0,0.0,0.12,0.0793,CA,WORKED,WORKED,2026-04-23 12:30:00,2026-04-23 21:00:00,2026-04-23 12:28:00,2026-04-23 12:28:00,,25380.0,25380.0,,,,,0.0,0.0,,,,,,,,
2026-04-24,0.0,Camp Ronald McDonald,40.0,27.0,0.0,0.12,0.0793,CA,WORKED,WORKED,2026-04-24 12:30:00,2026-04-24 21:00:00,2026-04-24 12:28:00,2026-04-24 12:28:00,,24420.0,24420.0,,,,,0.0,0.0,,,,,,,,
2026-04-25,0.0,Camp Ronald McDonald,40.0,27.0,0.0,0.12,0.0793,CA,WORKED,WORKED,2026-04-25 12:30:00,2026-04-25 21:00:00,2026-04-25 12:26:00,2026-04-25 12:26:00,,25440.0,25440.0,,,,,0.0,0.0,,,,,,,,
2026-04-25,0.0,Camp Ronald McDonald,37.5,25.0,0.0,0.12,0.0793,CA,WORKED,WORKED,2026-04-25 07:00:00,2026-04-25 15:00:00,,,,,,,,,,,,,,,,,,,
2026-04-26,0.0,Camp Ronald McDonald,40.0,27.0,0.0,0.12,0.0793,CA,WORKED,WORKED,2026-04-26 06:00:00,2026-04-26 16:30:00,2026-04-26 06:01:00,2026-04-26 06:01:00,,35940.0,35940.0,,,,,0.0,0.0,,,,,,,,
2026-04-26,0.0,Camp Ronald McDonald,37.5,25.0,0.0,0.12,0.0793,CA,WORKED,WORKED,2026-04-26 06:00:00,2026-04-26 14:00:00,2026-04-26 05:57:00,2026-04-26 05:57:00,,27180.0,27180.0,,,,,0.0,0.0,,,,,,,,
2026-04-20,0.0,Canyon Palm Springs Hotel dba Thompson Palm Springs,41.25,25.0,0.0,,0.0827,CA,WORKED,WORKED,2026-04-20 19:00:00,2026-04-20 23:00:00,2026-04-20 19:00:00,2026-04-20 19:00:00,,15180.0,15180.0,,,,,0.0,0.0,,,,,,,,
2026-04-20,0.0,Canyon Palm Springs Hotel dba Thompson Palm Springs,41.25,25.0,0.0,,0.0827,CA,WORKED,WORKED,2026-04-20 18:00:00,2026-04-20 23:00:00,2026-04-20 18:01:00,2026-04-20 18:01:00,,18000.0,18000.0,,,,,0.0,0.0,,,,,,,,
2026-04-20,0.0,Capital Group - Irvine,42.96,24.0,0.0,0.12,0.0827,CA,WORKED,WORKED,2026-04-20 06:00:00,2026-04-20 14:30:00,2026-04-20 06:00:00,2026-04-20 06:00:00,,28740.0,28740.0,,,,,0.0,0.0,,,,,,,,
2026-04-21,0.0,Capital Group - Irvine,42.96,24.0,0.0,0.12,0.0827,CA,WORKED,WORKED,2026-04-21 06:00:00,2026-04-21 14:30:00,2026-04-21 06:00:00,2026-04-21 06:00:00,,5280.0,5280.0,,,,,0.0,0.0,,,,,,,,
2026-04-22,0.0,Capital Group - Irvine,42.96,24.0,0.0,0.12,0.0827,CA,WORKED,WORKED,2026-04-22 06:00:00,2026-04-22 14:30:00,2026-04-22 05:30:00,2026-04-22 05:30:00,,27300.0,27300.0,,,,,0.0,0.0,,,,,,,,
2026-04-22,0.0,Capital Group - Irvine,42.96,24.0,0.0,0.12,0.0827,CA,WORKED,WORKED,2026-04-22 06:00:00,2026-04-22 14:30:00,2026-04-22 06:00:00,2026-04-22 06:00:00,,28800.0,28800.0,,,,,0.0,0.0,,,,,,,,
2026-04-22,0.0,Capital Group - Irvine,42.96,24.0,0.0,0.12,0.0827,CA,WORKED,WORKED,2026-04-22 06:00:00,2026-04-22 14:30:00,2026-04-22 06:00:00,2026-04-22 06:00:00,,28800.0,28800.0,,,,,0.0,0.0,,,,,,,,
2026-04-23,0.0,Capital Group - Irvine,42.96,24.0,0.0,0.12,0.0827,CA,WORKED,WORKED,2026-04-23 06:00:00,2026-04-23 14:30:00,2026-04-23 06:00:00,2026-04-23 06:00:00,,28800.0,28800.0,,,,,0.0,0.0,,,,,,,,
2026-04-23,0.0,Capital Group - Irvine,42.96,24.0,0.0,0.12,0.0827,CA,WORKED,WORKED,2026-04-23 06:00:00,2026-04-23 14:30:00,2026-04-23 05:30:00,2026-04-23 05:30:00,,27600.0,27600.0,,,,,0.0,0.0,,,,,,,,
2026-04-22,0.0,Cedars Sinai Medical Center,39.6,24.0,0.0,0.09,0.0549,CA,NOSHOW,NOSHOW,2026-04-22 07:30:00,2026-04-22 15:00:00,,,,0.0,0.0,0.0,,,,0.0,0.0,,,,,,,,
2026-04-23,0.0,Cedars Sinai Medical Center,34.65,24.0,0.0,0.09,0.0549,CA,WORKED,WORKED,2026-04-23 09:00:00,2026-04-23 15:00:00,2026-04-23 09:00:00,2026-04-23 09:00:00,,21600.0,21600.0,,,,,0.0,0.0,,,,,,,,
2026-04-23,0.0,Cedars Sinai Medical Center,39.6,24.0,0.0,0.09,0.0549,CA,WORKED,WORKED,2026-04-23 07:30:00,2026-04-23 16:00:00,2026-04-23 07:30:00,2026-04-23 07:30:00,,25620.0,25620.0,,,,,0.0,0.0,,,,,,,,
2026-04-23,0.0,Cedars Sinai Medical Center,34.65,24.0,0.0,0.09,0.0549,CA,WORKED,WORKED,2026-04-23 10:00:00,2026-04-23 15:00:00,2026-04-23 10:05:00,2026-04-23 10:05:00,,15000.0,15000.0,,,,,0.0,0.0,,,,,,,,
2026-04-23,0.0,Cedars Sinai Medical Center,34.65,24.0,0.0,0.09,0.0549,CA,WORKED,WORKED,2026-04-23 09:00:00,2026-04-23 15:00:00,2026-04-23 09:00:00,2026-04-23 09:00:00,,18840.0,18840.0,,,,,0.0,0.0,,,,,,,,
2026-04-23,0.0,Cedars Sinai Medical Center,34.65,24.0,0.0,0.09,0.0549,CA,WORKED,WORKED,2026-04-23 10:00:00,2026-04-23 15:00:00,2026-04-23 09:46:00,2026-04-23 09:46:00,,19140.0,19140.0,,,,,1.0,1.0,,,,,,,,
2026-04-25,0.0,Cedars Sinai Medical Center,39.6,24.0,0.0,0.09,0.0549,CA,CANCELLED,CANCELLED,2026-04-25 09:00:00,2026-04-25 15:00:00,,,,0.0,0.0,,1.0,,,,,,,,,,,,
2026-04-25,0.0,Cedars Sinai Medical Center,39.6,24.0,0.0,0.09,0.0549,CA,WORKED,WORKED,2026-04-25 09:00:00,2026-04-25 15:00:00,2026-04-25 09:00:00,2026-04-25 09:00:00,,21540.0,21540.0,,,,,0.0,0.0,,,,,,,,
2026-04-26,0.0,Cedars Sinai Medical Center,39.6,24.0,0.0,0.09,0.0549,CA,WORKED,WORKED,2026-04-26 09:00:00,2026-04-26 15:00:00,2026-04-26 09:00:00,2026-04-26 09:00:00,,19800.0,19800.0,,,,,0.0,0.0,,,,,,,,
2026-04-20,0.0,Childrens Hospital Los Angeles,39.6,24.0,0.0,0.09,0.0549,CA,WORKED,WORKED,2026-04-20 12:00:00,2026-04-20 20:30:00,,2026-04-20 12:00:00,EMPLOYEE,0.0,28800.0,,,,,,,,,,,,,,
2026-04-21,0.0,Childrens Hospital Los Angeles,39.6,24.0,0.0,0.09,0.0549,CA,WORKED,WORKED,2026-04-21 12:00:00,2026-04-21 20:30:00,,2026-04-21 11:30:00,EMPLOYEE,0.0,31200.0,,,,,,,,,,,,,,
2026-04-22,0.0,Childrens Hospital Los Angeles,39.6,24.0,0.0,0.09,0.0549,CA,WORKED,WORKED,2026-04-22 06:30:00,2026-04-22 15:00:00,,2026-04-22 06:30:00,EMPLOYEE,0.0,28800.0,,,,,,,,,,,,,,
2026-04-22,0.0,Childrens Hospital Los Angeles,39.6,24.0,0.0,0.09,0.0549,CA,WORKED,WORKED,2026-04-22 12:00:00,2026-04-22 20:30:00,,2026-04-22 12:00:00,EMPLOYEE,0.0,28800.0,,,,,,,,,,,,,,
2026-04-23,0.0,Childrens Hospital Los Angeles,39.6,24.0,0.0,0.09,0.0549,CA,WORKED,WORKED,2026-04-23 06:30:00,2026-04-23 15:00:00,,2026-04-23 06:30:00,EMPLOYEE,0.0,28800.0,,,,,,,,,,,,,,
2026-04-24,0.0,Childrens Hospital Los Angeles,39.6,24.0,0.0,0.09,0.0549,CA,WORKED,WORKED,2026-04-24 06:30:00,2026-04-24 15:00:00,,2026-04-24 06:30:00,EMPLOYEE,0.0,28800.0,,,,,,,,,,,,,,
2026-04-25,0.0,Childrens Hospital Los Angeles,39.6,24.0,0.0,0.09,0.0549,CA,WORKED,WORKED,2026-04-25 12:00:00,2026-04-25 20:30:00,,2026-04-25 12:00:00,EMPLOYEE,0.0,28800.0,,,,,,,,,,,,,,
2026-04-25,0.0,Childrens Hospital Los Angeles,39.6,24.0,0.0,0.09,0.0549,CA,WORKED,WORKED,2026-04-25 06:30:00,2026-04-25 15:00:00,,2026-04-25 06:30:00,EMPLOYEE,0.0,28800.0,,,,,,,,,,,,,,
2026-04-26,0.0,Childrens Hospital Los Angeles,39.6,24.0,0.0,0.09,0.0549,CA,WORKED,WORKED,2026-04-26 12:00:00,2026-04-26 20:30:00,,2026-04-26 12:00:00,EMPLOYEE,0.0,28200.0,,,,,,,,,,,,,,
2026-04-26,0.0,Childrens Hospital Los Angeles,39.6,24.0,0.0,0.09,0.0549,CA,WORKED,WORKED,2026-04-26 06:30:00,2026-04-26 15:00:00,,2026-04-26 06:30:00,EMPLOYEE,0.0,28800.0,,,,,,,,,,,,,,
2026-04-23,0.0,City National Bank,40.71,23.0,0.0,0.12,0.0827,CA,WORKED,WORKED,2026-04-23 15:00:00,2026-04-23 20:00:00,2026-04-23 15:00:00,2026-04-23 15:00:00,,18000.0,18000.0,,,,,0.0,0.0,,,,,,,,
2026-04-23,0.0,City National Bank,40.71,23.0,0.0,0.12,0.0827,CA,WORKED,WORKED,2026-04-23 15:00:00,2026-04-23 20:00:00,2026-04-23 15:01:00,2026-04-23 15:01:00,EMPLOYEE,18240.0,17940.0,,,,,,,,,,,,,,
2026-04-20,0.0,Commerce Casino,40.63,24.0,0.0,,0.0827,CA,WORKED,WORKED,2026-04-20 22:00:00,2026-04-21 06:30:00,2026-04-20 22:01:00,2026-04-20 22:01:00,EMPLOYEE,29700.0,30960.0,,,,,,,,,,,,,,
2026-04-20,0.0,Commerce Casino,37.5,22.0,0.0,,0.0827,CA,WORKED,WORKED,2026-04-20 22:00:00,2026-04-21 06:30:00,2026-04-20 21:57:00,2026-04-20 21:57:00,,28980.0,28980.0,,,,,0.0,0.0,,,,,,,,
2026-04-20,0.0,Commerce Casino,32.0,22.0,0.0,,0.0827,CA,WORKED,WORKED,2026-04-20 16:00:00,2026-04-20 22:30:00,2026-04-20 16:05:00,2026-04-20 16:05:00,,21540.0,21540.0,,,,,0.0,0.0,,,,,,,,
2026-04-21,0.0,Commerce Casino,32.5,24.0,0.0,,0.0827,CA,WORKED,WORKED,2026-04-21 22:00:00,2026-04-22 06:30:00,2026-04-21 22:00:00,2026-04-21 22:00:00,EMPLOYEE,28200.0,28800.0,,,,,,,,,,,,,,
2026-04-21,0.0,Commerce Casino,32.0,22.0,0.0,,0.0827,CA,WORKED,WORKED,2026-04-21 14:00:00,2026-04-21 22:30:00,2026-04-21 13:58:00,2026-04-21 14:00:00,EMPLOYEE,28920.0,28800.0,,,,,,,,,,,,,,
2026-04-21,0.0,Commerce Casino,30.0,22.0,0.0,,0.0827,CA,WORKED,WORKED,2026-04-21 22:00:00,2026-04-22 06:30:00,2026-04-21 22:00:00,2026-04-21 22:00:00,,28740.0,28740.0,,,,,0.0,0.0,,,,,,,,
2026-04-21,0.0,Commerce Casino,32.5,24.0,0.0,,0.0827,CA,WORKED,WORKED,2026-04-21 15:00:00,2026-04-21 23:30:00,2026-04-21 15:00:00,2026-04-21 15:00:00,,27000.0,27000.0,,,,,0.0,0.0,,,,,,,,
2026-04-22,0.0,Commerce Casino,32.5,24.0,0.0,,0.0827,CA,WORKED,WORKED,2026-04-22 22:00:00,2026-04-23 06:30:00,2026-04-22 21:58:00,2026-04-22 22:00:00,EMPLOYEE,28920.0,28800.0,,,,,,,,,,,,,,
2026-04-22,0.0,Commerce Casino,32.0,22.0,0.0,,0.0827,CA,WORKED,WORKED,2026-04-22 14:00:00,2026-04-22 22:30:00,2026-04-22 14:00:00,2026-04-22 14:00:00,EMPLOYEE,28920.0,29220.0,,,,,,,,,,,,,,
2026-04-22,0.0,Commerce Casino,32.5,24.0,0.0,,0.0827,CA,WORKED,WORKED,2026-04-22 15:00:00,2026-04-22 23:30:00,2026-04-22 15:00:00,2026-04-22 15:00:00,,28860.0,28860.0,,,,,0.0,0.0,,,,,,,,
2026-04-23,0.0,Commerce Casino,32.0,22.0,0.0,,0.0827,CA,WORKED,WORKED,2026-04-23 06:00:00,2026-04-23 14:00:00,2026-04-23 05:58:00,2026-04-23 05:58:00,,28920.0,28920.0,,,,,0.0,0.0,,,,,,,,
2026-04-23,0.0,Commerce Casino,32.5,24.0,0.0,,0.0827,CA,WORKED,WORKED,2026-04-23 22:00:00,2026-04-24 06:30:00,2026-04-23 22:00:00,2026-04-23 22:00:00,,28740.0,28740.0,,,,,0.0,0.0,,,,,,,,
2026-04-23,0.0,Commerce Casino,32.5,24.0,0.0,,0.0827,CA,WORKED,WORKED,2026-04-23 14:30:00,2026-04-23 23:00:00,2026-04-23 14:31:00,2026-04-23 14:31:00,,28740.0,28740.0,,,,,0.0,0.0,,,,,,,,
2026-04-23,0.0,Commerce Casino,32.0,22.0,0.0,,0.0827,CA,WORKED,WORKED,2026-04-23 14:00:00,2026-04-23 22:30:00,2026-04-23 14:03:00,2026-04-23 14:03:00,,27660.0,27660.0,,,,,0.0,0.0,,,,,,,,
2026-04-24,0.0,Commerce Casino,32.5,24.0,0.0,,0.0827,CA,WORKED,WORKED,2026-04-24 14:30:00,2026-04-24 23:00:00,2026-04-24 14:30:00,2026-04-24 14:30:00,,28800.0,28800.0,,,,,0.0,0.0,,,,,,,,
2026-04-24,0.0,Commerce Casino,32.0,22.0,0.0,,0.0827,CA,WORKED,WORKED,2026-04-24 17:00:00,2026-04-25 01:30:00,2026-04-24 16:54:00,2026-04-24 16:54:00,,32280.0,32280.0,,,,,0.0,0.0,,,,,,,,
2026-04-24,0.0,Commerce Casino,32.0,22.0,0.0,,0.0827,CA,WORKED,WORKED,2026-04-24 14:00:00,2026-04-24 22:30:00,2026-04-24 14:07:00,2026-04-24 14:00:00,EMPLOYEE,31800.0,30420.0,,,,,,,,,,,,,,
2026-04-24,0.0,Commerce Casino,32.5,24.0,0.0,,0.0827,CA,WORKED,WORKED,2026-04-24 22:00:00,2026-04-25 06:30:00,2026-04-24 22:00:00,2026-04-24 22:00:00,,28800.0,28800.0,,,,,0.0,0.0,,,,,,,,
2026-04-24,0.0,Commerce Casino,32.0,22.0,0.0,,0.0827,CA,WORKED,WORKED,2026-04-24 06:00:00,2026-04-24 14:00:00,2026-04-24 06:11:00,2026-04-24 06:11:00,,29100.0,29100.0,,,,,0.0,0.0,,,,,,,,
2026-04-24,0.0,Commerce Casino,32.0,22.0,0.0,,0.0827,CA,WORKED,WORKED,2026-04-24 06:00:00,2026-04-24 14:30:00,2026-04-24 05:53:00,2026-04-24 06:00:00,EMPLOYEE,29220.0,28800.0,,,,,,,,,,,,,,
2026-04-24,0.0,Commerce Casino,32.0,22.0,0.0,,0.0827,CA,WORKED,WORKED,2026-04-24 22:00:00,2026-04-25 06:00:00,2026-04-24 22:11:00,2026-04-24 22:00:00,EMPLOYEE,27480.0,27000.0,,,,,,,,,,,,,,
2026-04-25,0.0,Commerce Casino,32.0,22.0,0.0,,0.0827,CA,WORKED,WORKED,2026-04-25 22:00:00,2026-04-26 06:00:00,2026-04-25 22:00:00,2026-04-25 22:00:00,,27000.0,27000.0,,,,,0.0,0.0,,,,,,,,
2026-04-25,0.0,Commerce Casino,32.0,22.0,0.0,,0.0827,CA,WORKED,WORKED,2026-04-25 06:00:00,2026-04-25 14:30:00,2026-04-25 05:54:00,2026-04-25 05:54:00,,29160.0,29160.0,,,,,0.0,0.0,,,,,,,,
2026-04-25,0.0,Commerce Casino,32.0,22.0,0.0,,0.0827,CA,WORKED,WORKED,2026-04-25 17:00:00,2026-04-26 01:30:00,2026-04-25 17:15:00,2026-04-25 17:00:00,EMPLOYEE,31260.0,30360.0,,,,,,,,,,,,,,
2026-04-25,0.0,Commerce Casino,32.0,22.0,0.0,,0.0827,CA,WORKED,WORKED,2026-04-25 14:00:00,2026-04-25 22:30:00,2026-04-25 14:00:00,2026-04-25 14:00:00,,28800.0,28800.0,,,,,0.0,0.0,,,,,,,,
2026-04-26,0.0,Commerce Casino,32.5,24.0,0.0,,0.0827,CA,WORKED,WORKED,2026-04-26 15:00:00,2026-04-26 23:30:00,2026-04-26 15:05:00,2026-04-26 15:05:00,,28920.0,28920.0,,,,,0.0,0.0,,,,,,,,
2026-04-26,0.0,Commerce Casino,32.0,22.0,0.0,,0.0827,CA,WORKED,WORKED,2026-04-26 14:00:00,2026-04-26 22:30:00,2026-04-26 14:00:00,2026-04-26 14:00:00,EMPLOYEE,28980.0,28800.0,,,,,,,,,,,,,,
2026-04-26,0.0,Commerce Casino,32.5,24.0,0.0,,0.0827,CA,WORKED,WORKED,2026-04-26 22:00:00,2026-04-27 06:30:00,2026-04-26 22:00:00,2026-04-26 22:00:00,,28800.0,28800.0,,,,,0.0,0.0,,,,,,,,
2026-04-23,0.0,Country Market Catering Inc dba Contemporary Catering,46.0,27.0,0.0,,0.0827,CA,WORKED,WORKED,2026-04-23 16:30:00,2026-04-23 21:30:00,2026-04-23 16:30:00,2026-04-23 16:30:00,,18000.0,18000.0,,,,,0.0,0.0,,,,,,,,
2026-04-20,0.0,Crescent Heights Ten Thousand,37.0,23.0,0.0,,0.0827,CA,WORKED,WORKED,2026-04-20 07:00:00,2026-04-20 15:30:00,2026-04-20 07:00:00,2026-04-20 07:00:00,,28800.0,28800.0,,,,,0.0,0.0,,,,,,,,
2026-04-20,0.0,Crescent Heights Ten Thousand,37.0,23.0,0.0,,0.0827,CA,WORKED,WORKED,2026-04-20 15:00:00,2026-04-20 23:30:00,2026-04-20 15:00:00,2026-04-20 15:00:00,,28800.0,28800.0,,,,,0.0,0.0,,,,,,,,
2026-04-20,0.0,Crescent Heights Ten Thousand,37.0,23.0,0.0,,0.0827,CA,WORKED,WORKED,2026-04-20 06:00:00,2026-04-20 12:00:00,2026-04-20 06:05:00,2026-04-20 06:05:00,,19500.0,19500.0,,,,,0.0,0.0,,,,,,,,
2026-04-20,0.0,Crescent Heights Ten Thousand,37.0,23.0,0.0,,0.0827,CA,WORKED,WORKED,2026-04-20 07:00:00,2026-04-20 15:30:00,2026-04-20 07:00:00,2026-04-20 07:00:00,,28800.0,28800.0,,,,,0.0,0.0,,,,,,,,
2026-04-20,0.0,Crescent Heights Ten Thousand,37.0,23.0,0.0,,0.0827,CA,WORKED,WORKED,2026-04-20 12:00:00,2026-04-20 20:30:00,2026-04-20 12:00:00,2026-04-20 12:00:00,,28800.0,28800.0,,,,,0.0,0.0,,,,,,,,
2026-04-21,0.0,Crescent Heights Ten Thousand,37.0,23.0,0.0,,0.0827,CA,WORKED,WORKED,2026-04-21 15:00:00,2026-04-21 23:30:00,2026-04-21 15:00:00,2026-04-21 15:00:00,,28800.0,28800.0,,,,,0.0,0.0,,,,,,,,
2026-04-21,0.0,Crescent Heights Ten Thousand,37.0,23.0,0.0,,0.0827,CA,WORKED,WORKED,2026-04-21 07:00:00,2026-04-21 15:30:00,2026-04-21 07:10:00,2026-04-21 07:10:00,,28200.0,28200.0,,,,,0.0,0.0,,,,,,,,
2026-04-21,0.0,Crescent Heights Ten Thousand,37.0,23.0,0.0,,0.0827,CA,WORKED,WORKED,2026-04-21 07:00:00,2026-04-21 15:30:00,2026-04-21 07:00:00,2026-04-21 07:00:00,,28800.0,28800.0,,,,,0.0,0.0,,,,,,,,
2026-04-22,0.0,Crescent Heights Ten Thousand,37.0,23.0,0.0,,0.0827,CA,WORKED,WORKED,2026-04-22 15:00:00,2026-04-22 23:30:00,2026-04-22 15:00:00,2026-04-22 15:00:00,,28800.0,28800.0,,,,,0.0,0.0,,,,,,,,
2026-04-22,0.0,Crescent Heights Ten Thousand,37.0,23.0,0.0,,0.0827,CA,WORKED,WORKED,2026-04-22 07:00:00,2026-04-22 15:30:00,2026-04-22 07:00:00,2026-04-22 07:00:00,,28800.0,28800.0,,,,,0.0,0.0,,,,,,,,
2026-04-23,0.0,Crescent Heights Ten Thousand,37.0,23.0,0.0,,0.0827,CA,WORKED,WORKED,2026-04-23 15:00:00,2026-04-23 23:30:00,2026-04-23 15:00:00,2026-04-23 15:00:00,,28800.0,28800.0,,,,,0.0,0.0,,,,,,,,
2026-04-23,0.0,Crescent Heights Ten Thousand,37.0,23.0,0.0,,0.0827,CA,WORKED,WORKED,2026-04-23 07:00:00,2026-04-23 15:30:00,2026-04-23 07:00:00,2026-04-23 07:00:00,,28800.0,28800.0,,,,,0.0,0.0,,,,,,,,
2026-04-24,0.0,Crescent Heights Ten Thousand,37.0,23.0,0.0,,0.0827,CA,WORKED,WORKED,2026-04-24 06:00:00,2026-04-24 12:00:00,2026-04-24 06:01:00,2026-04-24 06:01:00,,21540.0,21540.0,,,,,0.0,0.0,,,,,,,,
2026-04-24,0.0,Crescent Heights Ten Thousand,37.0,23.0,0.0,,0.0827,CA,WORKED,WORKED,2026-04-24 07:00:00,2026-04-24 15:30:00,2026-04-24 07:00:00,2026-04-24 07:00:00,,28800.0,28800.0,,,,,0.0,0.0,,,,,,,,
2026-04-24,0.0,Crescent Heights Ten Thousand,37.0,23.0,0.0,,0.0827,CA,WORKED,WORKED,2026-04-24 15:00:00,2026-04-24 23:30:00,2026-04-24 15:00:00,2026-04-24 15:00:00,,28800.0,28800.0,,,,,0.0,0.0,,,,,,,,
2026-04-24,0.0,Crescent Heights Ten Thousand,37.0,23.0,0.0,,0.0827,CA,WORKED,WORKED,2026-04-24 07:00:00,2026-04-24 15:30:00,2026-04-24 07:00:00,2026-04-24 07:00:00,,28800.0,28800.0,,,,,0.0,0.0,,,,,,,,
2026-04-24,0.0,Crescent Heights Ten Thousand,37.0,23.0,0.0,,0.0827,CA,WORKED,WORKED,2026-04-24 08:00:00,2026-04-24 16:30:00,2026-04-24 08:00:00,2026-04-24 08:00:00,,28800.0,28800.0,,,,,0.0,0.0,,,,,,,,
2026-04-24,0.0,Crescent Heights Ten Thousand,46.25,25.0,0.0,,0.0827,CA,WORKED,WORKED,2026-04-24 16:30:00,2026-04-24 23:00:00,2026-04-24 17:00:00,2026-04-24 17:00:00,,19800.0,19800.0,,,,,0.0,0.0,,,,,,,,
2026-04-25,0.0,Crescent Heights Ten Thousand,37.0,23.0,0.0,,0.0827,CA,WORKED,WORKED,2026-04-25 07:00:00,2026-04-25 15:30:00,2026-04-25 07:00:00,2026-04-25 07:00:00,,28800.0,28800.0,,,,,0.0,0.0,,,,,,,,
2026-04-26,0.0,Crescent Heights Ten Thousand,46.25,25.0,0.0,,0.0827,CA,WORKED,WORKED,2026-04-26 16:30:00,2026-04-26 23:00:00,2026-04-26 17:10:00,2026-04-26 17:10:00,,19200.0,19200.0,,,,,0.0,0.0,,,,,,,,
2026-04-26,0.0,Crescent Heights Ten Thousand,37.0,23.0,0.0,,0.0827,CA,WORKED,WORKED,2026-04-26 17:00:00,2026-04-26 22:00:00,2026-04-26 17:06:00,2026-04-26 17:06:00,,13740.0,13740.0,,,,,0.0,0.0,,,,,,,,
2026-04-26,0.0,Crescent Heights Ten Thousand,37.0,23.0,0.0,,0.0827,CA,WORKED,WORKED,2026-04-26 09:00:00,2026-04-26 17:30:00,2026-04-26 09:00:00,2026-04-26 09:00:00,,28800.0,28800.0,,,,,0.0,0.0,,,,,,,,
2026-04-26,0.0,Crescent Heights Ten Thousand,37.0,23.0,0.0,,0.0827,CA,WORKED,WORKED,2026-04-26 17:00:00,2026-04-26 22:00:00,2026-04-26 17:03:00,2026-04-26 17:03:00,,14220.0,14220.0,,,,,0.0,0.0,,,,,,,,
2026-04-20,0.0,Disney Studios,37.22,23.0,0.0,0.12,0.0827,CA,WORKED,WORKED,2026-04-20 06:15:00,2026-04-20 14:45:00,2026-04-20 06:15:00,2026-04-20 06:15:00,,28800.0,28800.0,,,,,0.0,0.0,,,,,,,,
2026-04-21,0.0,Disney Studios,37.22,23.0,0.0,0.12,0.0827,CA,WORKED,WORKED,2026-04-21 06:15:00,2026-04-21 14:45:00,2026-04-21 06:15:00,2026-04-21 06:15:00,,28800.0,28800.0,,,,,0.0,0.0,,,,,,,,
2026-04-22,0.0,Disney Studios,37.22,23.0,0.0,0.12,0.0827,CA,WORKED,WORKED,2026-04-22 06:15:00,2026-04-22 14:45:00,2026-04-22 06:15:00,2026-04-22 06:15:00,,28800.0,28800.0,,,,,0.0,0.0,,,,,,,,
2026-04-22,0.0,Disney Studios,37.22,23.0,0.0,0.12,0.0827,CA,WORKED,WORKED,2026-04-22 14:00:00,2026-04-22 21:00:00,2026-04-22 14:00:00,2026-04-22 14:00:00,,18540.0,18540.0,,,,,0.0,0.0,,,,,,,,
2026-04-22,0.0,Disney Studios,37.22,23.0,0.0,0.12,0.0827,CA,WORKED,WORKED,2026-04-22 06:00:00,2026-04-22 14:30:00,2026-04-22 06:00:00,2026-04-22 06:00:00,,28800.0,28800.0,,,,,0.0,0.0,,,,,,,,
2026-04-22,0.0,Disney Studios,34.02,21.0,0.0,0.12,0.0827,CA,WORKED,WORKED,2026-04-22 06:30:00,2026-04-22 13:30:00,2026-04-22 06:30:00,2026-04-22 06:30:00,EMPLOYEE,25860.0,25860.0,,,,,,,,,,,,,,
2026-04-23,0.0,Disney Studios,37.22,23.0,0.0,0.12,0.0827,CA,WORKED,WORKED,2026-04-23 06:00:00,2026-04-23 14:30:00,2026-04-23 06:00:00,2026-04-23 06:00:00,,28800.0,28800.0,,,,,0.0,0.0,,,,,,,,
2026-04-23,0.0,Disney Studios,37.22,23.0,0.0,0.12,0.0827,CA,WORKED,WORKED,2026-04-23 06:15:00,2026-04-23 14:45:00,2026-04-23 06:15:00,2026-04-23 06:15:00,,29220.0,29220.0,,,,,0.0,0.0,,,,,,,,
2026-04-25,0.0,Ebell of Los Angeles,32.0,20.0,0.0,,0.1314,CA,WORKED,WORKED,2026-04-25 18:00:00,2026-04-26 00:00:00,2026-04-25 18:00:00,2026-04-25 18:00:00,,21600.0,21600.0,,,,,0.0,0.0,,,,,,,,
2026-04-25,0.0,Ebell of Los Angeles,34.0,22.0,0.0,,0.1314,CA,WORKED,WORKED,2026-04-25 16:00:00,2026-04-25 22:00:00,2026-04-25 15:55:00,2026-04-25 15:55:00,EMPLOYEE,21900.0,21900.0,,,,,0.0,,,,,,,,,
2026-04-25,0.0,Ebell of Los Angeles,34.0,24.0,0.0,,0.1314,CA,WORKED,WORKED,2026-04-25 14:00:00,2026-04-25 21:00:00,2026-04-25 14:00:00,2026-04-25 14:00:00,,23400.0,23400.0,,,,,0.0,0.0,,,,,,,,
2026-04-25,0.0,Ebell of Los Angeles,34.0,22.0,0.0,,0.1314,CA,WORKED,WORKED,2026-04-25 16:00:00,2026-04-25 22:00:00,2026-04-25 15:54:00,2026-04-25 15:54:00,EMPLOYEE,22140.0,22140.0,,,,,0.0,,,,,,,,,
2026-04-25,0.0,Ebell of Los Angeles,34.0,22.0,0.0,,0.1314,CA,WORKED,WORKED,2026-04-25 16:00:00,2026-04-25 22:00:00,2026-04-25 15:53:00,2026-04-25 15:53:00,EMPLOYEE,22020.0,22020.0,,,,,0.0,,,,,,,,,
2026-04-25,0.0,Ebell of Los Angeles,34.0,22.0,0.0,,0.1314,CA,WORKED,WORKED,2026-04-25 16:00:00,2026-04-25 22:00:00,2026-04-25 15:55:00,2026-04-25 15:55:00,EMPLOYEE,21900.0,21900.0,,,,,0.0,,,,,,,,,
2026-04-25,0.0,Ebell of Los Angeles,34.0,22.0,0.0,,0.1314,CA,WORKED,WORKED,2026-04-25 16:00:00,2026-04-25 22:00:00,2026-04-25 16:01:00,2026-04-25 16:01:00,EMPLOYEE,21660.0,19860.0,,,,,0.0,,,,,,,,,
2026-04-20,0.0,Edwards Lifesciences,35.69,23.35,0.0,0.12,0.0827,CA,WORKED,WORKED,2026-04-20 06:00:00,2026-04-20 14:30:00,2026-04-20 06:00:00,2026-04-20 06:00:00,,28800.0,28800.0,,,,,0.0,0.0,,,,,,,,
2026-04-20,0.0,Edwards Lifesciences,35.69,23.35,0.0,0.12,0.0827,CA,WORKED,WORKED,2026-04-20 06:00:00,2026-04-20 14:30:00,2026-04-20 06:00:00,2026-04-20 06:00:00,,28800.0,28800.0,,,,,0.0,0.0,,,,,,,,
2026-04-20,0.0,Edwards Lifesciences,35.69,23.35,0.0,0.12,0.0827,CA,WORKED,WORKED,2026-04-20 06:00:00,2026-04-20 14:30:00,2026-04-20 06:00:00,2026-04-20 06:00:00,,28800.0,28800.0,,,,,0.0,0.0,,,,,,,,
2026-04-20,0.0,Edwards Lifesciences,35.69,23.35,0.0,0.12,0.0827,CA,WORKED,WORKED,2026-04-20 06:00:00,2026-04-20 14:30:00,2026-04-20 06:00:00,2026-04-20 06:00:00,,28800.0,28800.0,,,,,0.0,0.0,,,,,,,,
2026-04-20,0.0,Edwards Lifesciences,35.69,23.35,0.0,0.12,0.0827,CA,WORKED,WORKED,2026-04-20 05:00:00,2026-04-20 13:30:00,2026-04-20 04:55:00,2026-04-20 04:55:00,,29580.0,29580.0,,,,,0.0,0.0,,,,,,,,
2026-04-21,0.0,Edwards Lifesciences,35.69,23.35,0.0,0.12,0.0827,CA,WORKED,WORKED,2026-04-21 06:00:00,2026-04-21 14:30:00,2026-04-21 06:00:00,2026-04-21 06:00:00,,28860.0,28860.0,,,,,0.0,0.0,,,,,,,,
2026-04-21,0.0,Edwards Lifesciences,35.69,23.35,0.0,0.12,0.0827,CA,WORKED,WORKED,2026-04-21 08:00:00,2026-04-21 16:30:00,2026-04-21 08:00:00,2026-04-21 08:00:00,,28800.0,28800.0,,,,,0.0,0.0,,,,,,,,
2026-04-21,0.0,Edwards Lifesciences,35.69,23.35,0.0,0.12,0.0827,CA,WORKED,WORKED,2026-04-21 06:00:00,2026-04-21 14:30:00,2026-04-21 06:00:00,2026-04-21 06:00:00,,28800.0,28800.0,,,,,0.0,0.0,,,,,,,,
2026-04-21,0.0,Edwards Lifesciences,35.69,23.35,0.0,0.12,0.0827,CA,WORKED,WORKED,2026-04-21 05:00:00,2026-04-21 13:30:00,2026-04-21 04:55:00,2026-04-21 04:55:00,,29820.0,29820.0,,,,,0.0,0.0,,,,,,,,
2026-04-22,0.0,Edwards Lifesciences,35.69,23.35,0.0,0.12,0.0827,CA,WORKED,WORKED,2026-04-22 06:00:00,2026-04-22 14:30:00,2026-04-22 06:00:00,2026-04-22 06:00:00,,28800.0,28800.0,,,,,0.0,0.0,,,,,,,,
2026-04-22,0.0,Edwards Lifesciences,35.69,23.35,0.0,0.12,0.0827,CA,WORKED,WORKED,2026-04-22 05:00:00,2026-04-22 13:30:00,2026-04-22 05:00:00,2026-04-22 05:00:00,,28860.0,28860.0,,,,,0.0,0.0,,,,,,,,
2026-04-22,0.0,Edwards Lifesciences,35.69,23.35,0.0,0.12,0.0827,CA,WORKED,WORKED,2026-04-22 06:00:00,2026-04-22 14:30:00,2026-04-22 06:00:00,2026-04-22 06:00:00,,28800.0,28800.0,,,,,0.0,0.0,,,,,,,,
2026-04-22,0.0,Edwards Lifesciences,35.69,23.35,0.0,0.12,0.0827,CA,WORKED,WORKED,2026-04-22 08:00:00,2026-04-22 16:30:00,2026-04-22 08:00:00,2026-04-22 08:00:00,,28800.0,28800.0,,,,,0.0,0.0,,,,,,,,
2026-04-22,0.0,Edwards Lifesciences,35.69,23.35,0.0,0.12,0.0827,CA,WORKED,WORKED,2026-04-22 06:00:00,2026-04-22 14:30:00,2026-04-22 06:07:00,2026-04-22 06:07:00,,28380.0,28380.0,,,,,,,,,,,,,,
2026-04-23,0.0,Edwards Lifesciences,35.69,23.35,0.0,0.12,0.0827,CA,WORKED,WORKED,2026-04-23 06:00:00,2026-04-23 14:30:00,2026-04-23 06:00:00,2026-04-23 06:00:00,,28860.0,28860.0,,,,,0.0,0.0,,,,,,,,
2026-04-23,0.0,Edwards Lifesciences,35.69,23.35,0.0,0.12,0.0827,CA,WORKED,WORKED,2026-04-23 05:00:00,2026-04-23 13:30:00,2026-04-23 06:00:00,2026-04-23 06:00:00,,28800.0,28800.0,,,,,0.0,0.0,,,,,,,,
2026-04-23,0.0,Edwards Lifesciences,35.69,23.35,0.0,0.12,0.0827,CA,WORKED,WORKED,2026-04-23 06:00:00,2026-04-23 14:30:00,2026-04-23 06:00:00,2026-04-23 06:00:00,,28920.0,28920.0,,,,,0.0,0.0,,,,,,,,
2026-04-23,0.0,Edwards Lifesciences,35.69,23.35,0.0,0.12,0.0827,CA,WORKED,WORKED,2026-04-23 06:00:00,2026-04-23 14:30:00,2026-04-23 06:01:00,2026-04-23 06:01:00,,28740.0,28740.0,,,,,0.0,0.0,,,,,,,,
2026-04-23,0.0,Edwards Lifesciences,35.69,23.35,0.0,0.12,0.0827,CA,WORKED,WORKED,2026-04-23 07:30:00,2026-04-23 15:30:00,2026-04-23 07:30:00,2026-04-23 07:30:00,,27000.0,27000.0,,,,,0.0,0.0,,,,,,,,
2026-04-23,0.0,Edwards Lifesciences,35.69,23.35,0.0,0.12,0.0827,CA,WORKED,WORKED,2026-04-23 06:00:00,2026-04-23 14:30:00,2026-04-23 06:00:00,2026-04-23 06:00:00,,28800.0,28800.0,,,,,0.0,0.0,,,,,,,,
2026-04-23,0.0,Edwards Lifesciences,35.69,23.35,0.0,0.12,0.0827,CA,WORKED,WORKED,2026-04-23 05:00:00,2026-04-23 13:30:00,2026-04-23 04:55:00,2026-04-23 04:55:00,,29700.0,29700.0,,,,,0.0,0.0,,,,,,,,
2026-04-24,0.0,Edwards Lifesciences,35.69,23.35,0.0,0.12,0.0827,CA,WORKED,WORKED,2026-04-24 06:00:00,2026-04-24 14:30:00,2026-04-24 06:00:00,2026-04-24 06:00:00,,27000.0,27000.0,,,,,,,,,,,,,,
2026-04-24,0.0,Edwards Lifesciences,35.69,23.35,0.0,0.12,0.0827,CA,WORKED,WORKED,2026-04-24 05:00:00,2026-04-24 13:30:00,2026-04-24 04:59:00,2026-04-24 04:59:00,,28560.0,28560.0,,,,,0.0,0.0,,,,,,,,
2026-04-24,0.0,Edwards Lifesciences,35.69,23.35,0.0,0.12,0.0827,CA,WORKED,WORKED,2026-04-24 08:00:00,2026-04-24 16:30:00,2026-04-24 08:00:00,2026-04-24 08:00:00,,28800.0,28800.0,,,,,0.0,0.0,,,,,,,,
2026-04-24,0.0,Edwards Lifesciences,35.69,23.35,0.0,0.12,0.0827,CA,WORKED,WORKED,2026-04-24 06:00:00,2026-04-24 14:30:00,2026-04-24 05:55:00,2026-04-24 05:55:00,,29520.0,29520.0,,,,,0.0,0.0,,,,,,,,
2026-04-24,0.0,Edwards Lifesciences,35.69,25.0,0.0,0.12,0.0827,CA,WORKED,WORKED,2026-04-24 05:00:00,2026-04-24 13:30:00,2026-04-24 05:00:00,2026-04-24 05:00:00,,28800.0,28800.0,,,,,0.0,0.0,,,,,,,,
2026-04-24,0.0,Edwards Lifesciences,35.69,23.35,0.0,0.12,0.0827,CA,WORKED,WORKED,2026-04-24 07:00:00,2026-04-24 15:30:00,2026-04-24 07:30:00,2026-04-24 07:30:00,,24600.0,24600.0,,,,,0.0,0.0,,,,,,,,
2026-04-20,0.0,Empowered 4 Life Foundation,32.0,20.0,0.0,,0.0827,CA,WORKED,WORKED,2026-04-20 05:30:00,2026-04-20 11:00:00,2026-04-20 05:30:00,2026-04-20 05:30:00,,19800.0,19800.0,,,,,0.0,0.0,,,,,,,,
2026-04-20,0.0,Empowered 4 Life Foundation,32.0,20.0,0.0,,0.0827,CA,WORKED,WORKED,2026-04-20 05:30:00,2026-04-20 11:00:00,2026-04-20 05:00:00,2026-04-20 05:00:00,,21600.0,21600.0,,,,,0.0,0.0,,,,,,,,
2026-04-21,0.0,Empowered 4 Life Foundation,32.0,20.0,0.0,,0.0827,CA,WORKED,WORKED,2026-04-21 05:30:00,2026-04-21 11:00:00,2026-04-21 05:30:00,2026-04-21 05:30:00,,19800.0,19800.0,,,,,0.0,0.0,,,,,,,,
2026-04-21,0.0,Empowered 4 Life Foundation,32.0,20.0,0.0,,0.0827,CA,WORKED,WORKED,2026-04-21 05:30:00,2026-04-21 11:00:00,2026-04-21 05:00:00,2026-04-21 05:00:00,,21600.0,21600.0,,,,,0.0,0.0,,,,,,,,
2026-04-22,0.0,Empowered 4 Life Foundation,32.0,20.0,0.0,,0.0827,CA,WORKED,WORKED,2026-04-22 05:30:00,2026-04-22 11:00:00,2026-04-22 05:26:00,2026-04-22 05:26:00,,18240.0,18240.0,,,,,,,,,,,,,,
2026-04-22,0.0,Empowered 4 Life Foundation,32.0,20.0,0.0,,0.0827,CA,WORKED,WORKED,2026-04-22 05:30:00,2026-04-22 11:00:00,2026-04-22 05:00:00,2026-04-22 05:00:00,,21600.0,21600.0,,,,,0.0,0.0,,,,,,,,
2026-04-23,0.0,Empowered 4 Life Foundation,32.0,20.0,0.0,,0.0827,CA,WORKED,WORKED,2026-04-23 05:30:00,2026-04-23 11:00:00,2026-04-23 05:30:00,2026-04-23 05:30:00,,18900.0,18900.0,,,,,0.0,0.0,,,,,,,,
2026-04-23,0.0,Empowered 4 Life Foundation,32.0,20.0,0.0,,0.0827,CA,WORKED,WORKED,2026-04-23 05:30:00,2026-04-23 11:00:00,2026-04-23 05:00:00,2026-04-23 05:00:00,,21600.0,21600.0,,,,,0.0,0.0,,,,,,,,
2026-04-24,0.0,Empowered 4 Life Foundation,32.0,20.0,0.0,,0.0827,CA,WORKED,WORKED,2026-04-24 05:30:00,2026-04-24 11:00:00,2026-04-24 05:00:00,2026-04-24 05:00:00,,16200.0,16200.0,,,,,0.0,0.0,,,,,,,,
2026-04-24,0.0,Empowered 4 Life Foundation,32.0,20.0,0.0,,0.0827,CA,WORKED,WORKED,2026-04-24 05:30:00,2026-04-24 11:00:00,2026-04-24 05:00:00,2026-04-24 05:00:00,,21600.0,21600.0,,,,,0.0,0.0,,,,,,,,
2026-04-20,0.0,Four Seasons Hotel Westlake Village,32.2,23.0,0.0,,0.0827,CA,WORKED,WORKED,2026-04-20 10:00:00,2026-04-20 18:30:00,2026-04-20 10:10:00,2026-04-20 10:10:00,,28800.0,28800.0,,,,,0.0,0.0,,,,,,,,
2026-04-21,0.0,Four Seasons Hotel Westlake Village,32.2,23.0,0.0,,0.0827,CA,WORKED,WORKED,2026-04-21 10:00:00,2026-04-21 18:30:00,2026-04-21 10:00:00,2026-04-21 10:00:00,,28800.0,28800.0,,,,,0.0,0.0,,,,,,,,
2026-04-22,0.0,Four Seasons Hotel Westlake Village,32.2,23.0,0.0,,0.0827,CA,WORKED,WORKED,2026-04-22 10:00:00,2026-04-22 18:30:00,2026-04-22 10:10:00,2026-04-22 10:10:00,,28200.0,28200.0,,,,,0.0,0.0,,,,,,,,
2026-04-23,0.0,Four Seasons Hotel Westlake Village,32.2,23.0,0.0,,0.0827,CA,WORKED,WORKED,2026-04-23 10:00:00,2026-04-23 18:30:00,2026-04-23 10:00:00,2026-04-23 10:00:00,,28800.0,28800.0,,,,,0.0,0.0,,,,,,,,
2026-04-26,0.0,Four Seasons Hotel Westlake Village,32.2,23.0,0.0,,0.0827,CA,WORKED,WORKED,2026-04-26 10:00:00,2026-04-26 18:30:00,2026-04-26 10:00:00,2026-04-26 10:00:00,,28800.0,28800.0,,,,,0.0,0.0,,,,,,,,
2026-04-20,0.0,"Fox Studio Lot, LLC",41.6,26.0,0.0,,0.0827,CA,WORKED,WORKED,2026-04-20 06:00:00,2026-04-20 15:00:00,2026-04-20 06:00:00,2026-04-20 06:00:00,,28200.0,28200.0,,,,,0.0,0.0,,,,,,,,
2026-04-20,0.0,"Fox Studio Lot, LLC",41.6,26.0,0.0,,0.0827,CA,WORKED,WORKED,2026-04-20 06:00:00,2026-04-20 15:00:00,2026-04-20 06:00:00,2026-04-20 06:00:00,,30600.0,30600.0,,,,,0.0,0.0,,,,,,,,
2026-04-20,0.0,"Fox Studio Lot, LLC",41.6,26.0,0.0,,0.0827,CA,WORKED,WORKED,2026-04-20 06:00:00,2026-04-20 14:30:00,2026-04-20 06:00:00,2026-04-20 06:00:00,,28800.0,28800.0,,,,,0.0,0.0,,,,,,,,
2026-04-20,0.0,"Fox Studio Lot, LLC",44.8,28.0,0.0,,0.0827,CA,WORKED,WORKED,2026-04-20 08:00:00,2026-04-20 16:30:00,2026-04-20 08:00:00,2026-04-20 08:00:00,,28800.0,28800.0,,,,,0.0,0.0,,,,,,,,
2026-04-20,0.0,"Fox Studio Lot, LLC",35.2,22.0,0.0,,0.0827,CA,WORKED,WORKED,2026-04-20 07:30:00,2026-04-20 16:00:00,2026-04-20 07:30:00,2026-04-20 07:30:00,,28800.0,28800.0,,,,,0.0,0.0,,,,,,,,
2026-04-21,0.0,"Fox Studio Lot, LLC",41.6,26.0,0.0,,0.0827,CA,WORKED,WORKED,2026-04-21 06:00:00,2026-04-21 15:00:00,2026-04-21 06:00:00,2026-04-21 06:00:00,,30600.0,30600.0,,,,,0.0,0.0,,,,,,,,
2026-04-21,0.0,"Fox Studio Lot, LLC",41.6,26.0,0.0,,0.0827,CA,WORKED,WORKED,2026-04-21 06:00:00,2026-04-21 14:30:00,2026-04-21 06:00:00,2026-04-21 06:00:00,,25200.0,25200.0,,,,,0.0,0.0,,,,,,,,
2026-04-21,0.0,"Fox Studio Lot, LLC",41.6,26.0,0.0,,0.0827,CA,WORKED,WORKED,2026-04-21 06:00:00,2026-04-21 14:30:00,2026-04-21 06:00:00,2026-04-21 06:00:00,,28800.0,28800.0,,,,,0.0,0.0,,,,,,,,
2026-04-21,0.0,"Fox Studio Lot, LLC",35.2,22.0,0.0,,0.0827,CA,WORKED,WORKED,2026-04-21 07:30:00,2026-04-21 16:00:00,2026-04-21 07:30:00,2026-04-21 07:30:00,,28800.0,28800.0,,,,,0.0,0.0,,,,,,,,
2026-04-22,0.0,"Fox Studio Lot, LLC",41.6,26.0,0.0,,0.0827,CA,WORKED,WORKED,2026-04-22 05:30:00,2026-04-22 14:30:00,2026-04-22 05:35:00,2026-04-22 05:35:00,,30120.0,30120.0,,,,,0.0,0.0,,,,,,,,
2026-04-22,0.0,"Fox Studio Lot, LLC",41.6,26.0,0.0,,0.0827,CA,WORKED,WORKED,2026-04-22 06:00:00,2026-04-22 15:00:00,2026-04-22 06:00:00,2026-04-22 06:00:00,,30600.0,30600.0,,,,,0.0,0.0,,,,,,,,
2026-04-22,0.0,"Fox Studio Lot, LLC",41.6,26.0,0.0,,0.0827,CA,WORKED,WORKED,2026-04-22 06:00:00,2026-04-22 14:30:00,2026-04-22 06:01:00,2026-04-22 06:01:00,,28800.0,28800.0,,,,,0.0,0.0,,,,,,,,
2026-04-22,0.0,"Fox Studio Lot, LLC",35.2,22.0,0.0,,0.0827,CA,WORKED,WORKED,2026-04-22 07:30:00,2026-04-22 16:00:00,2026-04-22 07:30:00,2026-04-22 07:30:00,,28800.0,28800.0,,,,,0.0,0.0,,,,,,,,
2026-04-22,0.0,"Fox Studio Lot, LLC",41.6,26.0,0.0,,0.0827,CA,WORKED,WORKED,2026-04-22 05:30:00,2026-04-22 14:30:00,2026-04-22 05:30:00,2026-04-22 05:30:00,,30600.0,30600.0,,,,,0.0,0.0,,,,,,,,
2026-04-23,0.0,"Fox Studio Lot, LLC",40.56,26.0,0.0,,0.0827,CA,WORKED,WORKED,2026-04-23 07:00:00,2026-04-23 16:00:00,2026-04-23 06:31:00,2026-04-23 06:31:00,,32760.0,32760.0,,,,,0.0,0.0,,,,,,,,
2026-04-23,0.0,"Fox Studio Lot, LLC",41.6,26.0,0.0,,0.0827,CA,WORKED,WORKED,2026-04-23 05:30:00,2026-04-23 14:30:00,2026-04-23 05:32:00,2026-04-23 05:32:00,,30480.0,30480.0,,,,,0.0,0.0,,,,,,,,
2026-04-23,0.0,"Fox Studio Lot, LLC",41.6,26.0,0.0,,0.0827,CA,WORKED,WORKED,2026-04-23 06:00:00,2026-04-23 14:30:00,2026-04-23 06:00:00,2026-04-23 06:00:00,,28800.0,28800.0,,,,,0.0,0.0,,,,,,,,
2026-04-23,0.0,"Fox Studio Lot, LLC",41.6,26.0,0.0,,0.0827,CA,WORKED,WORKED,2026-04-23 06:00:00,2026-04-23 15:00:00,2026-04-23 06:00:00,2026-04-23 06:00:00,,27000.0,27000.0,,,,,0.0,0.0,,,,,,,,
2026-04-23,0.0,"Fox Studio Lot, LLC",35.2,22.0,0.0,,0.0827,CA,WORKED,WORKED,2026-04-23 07:30:00,2026-04-23 16:00:00,2026-04-23 07:00:00,2026-04-23 07:00:00,,30600.0,30600.0,,,,,0.0,0.0,,,,,,,,
2026-04-24,0.0,"Fox Studio Lot, LLC",44.8,28.0,0.0,,0.0827,CA,WORKED,WORKED,2026-04-24 11:00:00,2026-04-24 16:30:00,2026-04-24 11:00:00,2026-04-24 11:00:00,,18000.0,18000.0,,,,,0.0,0.0,,,,,,,,
2026-04-24,0.0,"Fox Studio Lot, LLC",41.6,26.0,0.0,,0.0827,CA,WORKED,WORKED,2026-04-24 06:00:00,2026-04-24 15:00:00,2026-04-24 06:00:00,2026-04-24 06:00:00,,30600.0,30600.0,,,,,0.0,0.0,,,,,,,,
2026-04-24,0.0,"Fox Studio Lot, LLC",35.2,22.0,0.0,,0.0827,CA,WORKED,WORKED,2026-04-24 07:30:00,2026-04-24 16:00:00,2026-04-24 07:30:00,2026-04-24 07:30:00,,28800.0,28800.0,,,,,0.0,0.0,,,,,,,,
2026-04-25,0.0,"Fox Studio Lot, LLC",41.6,26.0,0.0,,0.0827,CA,WORKED,WORKED,2026-04-25 06:00:00,2026-04-25 14:30:00,2026-04-25 06:00:00,2026-04-25 06:00:00,,28800.0,28800.0,,,,,0.0,0.0,,,,,,,,
2026-04-25,0.0,"Fox Studio Lot, LLC",35.2,22.0,0.0,,0.0827,CA,WORKED,WORKED,2026-04-25 07:00:00,2026-04-25 15:30:00,2026-04-25 07:01:00,2026-04-25 07:01:00,,26460.0,26460.0,,,,,0.0,0.0,,,,,,,,
2026-04-25,0.0,"Fox Studio Lot, LLC",40.56,26.0,0.0,,0.0827,CA,WORKED,WORKED,2026-04-25 06:30:00,2026-04-25 14:30:00,2026-04-25 06:23:00,2026-04-25 06:23:00,,27000.0,27000.0,,,,,0.0,0.0,,,,,,,,
2026-04-25,0.0,"Fox Studio Lot, LLC",41.6,26.0,0.0,,0.0827,CA,WORKED,WORKED,2026-04-25 06:00:00,2026-04-25 14:30:00,2026-04-25 06:00:00,2026-04-25 06:00:00,,28800.0,28800.0,,,,,0.0,0.0,,,,,,,,
2026-04-25,0.0,"Fox Studio Lot, LLC",41.6,26.0,0.0,,0.0827,CA,WORKED,WORKED,2026-04-25 05:30:00,2026-04-25 14:30:00,2026-04-25 06:00:00,2026-04-25 06:00:00,,28200.0,28200.0,,,,,0.0,0.0,,,,,,,,
2026-04-26,0.0,"Fox Studio Lot, LLC",41.6,26.0,0.0,,0.0827,CA,NOSHOW,NOSHOW,2026-04-26 06:00:00,2026-04-26 14:30:00,,,,0.0,0.0,,,,,0.0,0.0,,,,,,,,
2026-04-26,0.0,"Fox Studio Lot, LLC",35.2,22.0,0.0,,0.0827,CA,WORKED,WORKED,2026-04-26 07:00:00,2026-04-26 15:00:00,2026-04-26 07:00:00,2026-04-26 07:00:00,,27000.0,27000.0,,,,,0.0,0.0,,,,,,,,
2026-04-26,0.0,"Fox Studio Lot, LLC",40.56,26.0,0.0,,0.0827,CA,WORKED,WORKED,2026-04-26 06:30:00,2026-04-26 14:30:00,2026-04-26 06:24:00,2026-04-26 06:24:00,,27000.0,27000.0,,,,,0.0,0.0,,,,,,,,
2026-04-26,0.0,"Fox Studio Lot, LLC",41.6,26.0,0.0,,0.0827,CA,WORKED,WORKED,2026-04-26 06:00:00,2026-04-26 14:30:00,2026-04-26 06:00:00,2026-04-26 06:00:00,,29700.0,29700.0,,,,,0.0,0.0,,,,,,,,
2026-04-25,0.0,Garibaldina Society ,28.0,20.0,0.0,,0.0827,CA,WORKED,WORKED,2026-04-25 15:30:00,2026-04-25 23:30:00,2026-04-25 15:30:00,2026-04-25 15:30:00,,26040.0,26040.0,,,,,0.0,0.0,,,,,,,,
2026-04-25,0.0,Garibaldina Society ,28.0,20.0,0.0,,0.0827,CA,WORKED,WORKED,2026-04-25 15:30:00,2026-04-25 23:30:00,2026-04-25 15:29:00,2026-04-25 15:29:00,,27840.0,27840.0,,,,,,,,,,,,,,
2026-04-22,0.0,Glen Arden Club,35.0,22.0,0.0,,0.1314,CA,WORKED,WORKED,2026-04-22 15:30:00,2026-04-22 23:00:00,2026-04-22 15:45:00,2026-04-22 15:45:00,,24300.0,24300.0,,,,,0.0,0.0,,,,,,,,
2026-04-22,0.0,Glen Arden Club,35.0,22.0,0.0,,0.1314,CA,WORKED,WORKED,2026-04-22 15:30:00,2026-04-22 23:00:00,2026-04-22 15:30:00,2026-04-22 15:30:00,,25200.0,25200.0,,,,,0.0,0.0,,,,,,,,
2026-04-25,0.0,Good Gracious Events Inc.,32.0,20.0,0.0,,0.0827,CA,NOSHOW,NOSHOW,2026-04-25 18:00:00,2026-04-26 00:00:00,,,,0.0,0.0,,,,,0.0,0.0,,,,,,,,
2026-04-25,0.0,Good Gracious Events Inc.,32.0,20.0,0.0,,0.0827,CA,WORKED,WORKED,2026-04-25 18:00:00,2026-04-26 00:00:00,2026-04-25 18:00:00,2026-04-25 18:00:00,,19800.0,19800.0,,,,,0.0,0.0,,,,,,,,
2026-04-25,0.0,Good Gracious Events Inc.,32.0,20.0,0.0,,0.0827,CA,WORKED,WORKED,2026-04-25 18:00:00,2026-04-26 00:00:00,2026-04-25 17:43:00,2026-04-25 17:43:00,EMPLOYEE,20100.0,20100.0,,,,,,,,,,,,,,
2026-04-25,0.0,Good Gracious Events Inc.,32.0,20.0,0.0,,0.0827,CA,WORKED,WORKED,2026-04-25 18:00:00,2026-04-26 00:00:00,2026-04-25 18:00:00,2026-04-25 17:58:00,CLIENT,18900.0,19140.0,,,,,,,,,,,,,,
2026-04-20,0.0,Google Spruce Goose Offices,35.4,25.0,0.0,0.12,0.0827,CA,WORKED,WORKED,2026-04-20 11:00:00,2026-04-20 16:30:00,2026-04-20 11:00:00,2026-04-20 11:00:00,,18000.0,18000.0,0.0,0.0,,,0.0,0.0,,,,,,,,
2026-04-20,0.0,Google Spruce Goose Offices,44.25,28.0,0.0,0.12,0.0827,CA,WORKED,WORKED,2026-04-20 05:00:00,2026-04-20 13:30:00,2026-04-20 05:01:00,2026-04-20 05:01:00,,28860.0,28860.0,,,,,0.0,0.0,,,,,,,,
2026-04-20,0.0,Google Spruce Goose Offices,35.4,25.0,0.0,0.12,0.0827,CA,WORKED,WORKED,2026-04-20 11:00:00,2026-04-20 16:30:00,2026-04-20 11:00:00,2026-04-20 11:00:00,,18000.0,18000.0,0.0,0.0,,,,,,,,,,,,
2026-04-20,0.0,Google Spruce Goose Offices,35.4,22.0,0.0,0.12,0.0827,CA,WORKED,WORKED,2026-04-20 09:00:00,2026-04-20 15:00:00,2026-04-20 09:00:00,2026-04-20 09:00:00,,21600.0,21600.0,,,,,0.0,0.0,,,,,,,,
2026-04-21,0.0,Google Spruce Goose Offices,35.4,22.0,0.0,0.12,0.0827,CA,WORKED,WORKED,2026-04-21 09:30:00,2026-04-21 15:00:00,2026-04-21 09:30:00,2026-04-21 09:30:00,,19800.0,19800.0,,,,,0.0,0.0,,,,,,,,
2026-04-21,0.0,Google Spruce Goose Offices,44.25,28.0,0.0,0.12,0.0827,CA,WORKED,WORKED,2026-04-21 05:00:00,2026-04-21 13:30:00,2026-04-21 05:00:00,2026-04-21 05:00:00,,28860.0,28860.0,,,,,0.0,0.0,,,,,,,,
2026-04-22,0.0,Google Spruce Goose Offices,35.4,22.0,0.0,0.12,0.0827,CA,WORKED,WORKED,2026-04-22 09:00:00,2026-04-22 15:00:00,2026-04-22 09:00:00,2026-04-22 09:00:00,,21600.0,21600.0,,,,,0.0,0.0,,,,,,,,
2026-04-22,0.0,Google Spruce Goose Offices,35.4,22.0,0.0,0.12,0.0827,CA,WORKED,WORKED,2026-04-22 10:00:00,2026-04-22 14:30:00,2026-04-22 10:00:00,2026-04-22 10:00:00,,16200.0,16200.0,,,,,0.0,0.0,,,,,,,,
2026-04-22,0.0,Google Spruce Goose Offices,44.25,28.0,0.0,0.12,0.0827,CA,WORKED,WORKED,2026-04-22 05:00:00,2026-04-22 13:30:00,2026-04-22 05:00:00,2026-04-22 05:00:00,,28860.0,28860.0,,,,,0.0,0.0,,,,,,,,
2026-04-23,0.0,Google Spruce Goose Offices,44.25,28.0,0.0,0.12,0.0827,CA,WORKED,WORKED,2026-04-23 05:00:00,2026-04-23 13:30:00,2026-04-23 05:01:00,2026-04-23 05:01:00,,28800.0,28800.0,,,,,0.0,0.0,,,,,,,,
2026-04-23,0.0,Google Spruce Goose Offices,35.4,22.0,0.0,0.12,0.0827,CA,WORKED,WORKED,2026-04-23 09:30:00,2026-04-23 15:00:00,2026-04-23 09:30:00,2026-04-23 09:30:00,,19800.0,19800.0,,,,,0.0,0.0,,,,,,,,
2026-04-24,0.0,Google Spruce Goose Offices,44.25,28.0,0.0,0.12,0.0827,CA,WORKED,WORKED,2026-04-24 05:00:00,2026-04-24 13:30:00,2026-04-24 05:00:00,2026-04-24 05:00:00,,29040.0,29040.0,,,,,0.0,0.0,,,,,,,,
2026-04-24,0.0,Google Spruce Goose Offices,40.71,25.0,0.0,0.12,0.0827,CA,WORKED,WORKED,2026-04-24 08:00:00,2026-04-24 15:00:00,2026-04-24 08:16:00,2026-04-24 08:00:00,EMPLOYEE,22620.0,23580.0,,,,,,,,,,,,,,
2026-04-24,0.0,Google Spruce Goose Offices,40.71,25.0,0.0,0.12,0.0827,CA,WORKED,WORKED,2026-04-24 06:30:00,2026-04-24 15:00:00,2026-04-24 06:29:00,2026-04-24 06:29:00,,29340.0,29340.0,,,,,0.0,0.0,,,,,,,,
2026-04-24,0.0,Google Spruce Goose Offices,35.4,22.0,0.0,0.12,0.0827,CA,WORKED,WORKED,2026-04-24 09:00:00,2026-04-24 15:00:00,2026-04-24 09:00:00,2026-04-24 09:00:00,,21600.0,21600.0,,,,,0.0,0.0,,,,,,,,
2026-04-24,0.0,Google Spruce Goose Offices,49.0,30.0,0.0,0.12,0.0827,CA,WORKED,WORKED,2026-04-24 06:30:00,2026-04-24 15:30:00,2026-04-24 06:30:00,2026-04-24 06:30:00,,30900.0,30900.0,,,,,0.0,0.0,,,,,,,,
2026-04-20,0.0,Griffin Club Los Angeles,38.75,25.0,0.0,,0.047,CA,WORKED,WORKED,2026-04-20 10:00:00,2026-04-20 18:30:00,2026-04-20 10:00:00,2026-04-20 10:00:00,,28800.0,28800.0,,,,,0.0,0.0,,,,,,,,
2026-04-21,0.0,Griffin Club Los Angeles,31.0,20.0,0.0,,0.047,CA,WORKED,WORKED,2026-04-21 16:00:00,2026-04-21 21:30:00,2026-04-21 16:00:00,2026-04-21 16:00:00,,19800.0,19800.0,,,,,1.0,1.0,,,,,,,,
2026-04-21,0.0,Griffin Club Los Angeles,38.75,25.0,0.0,,0.047,CA,WORKED,WORKED,2026-04-21 12:00:00,2026-04-21 20:30:00,2026-04-21 12:00:00,2026-04-21 12:00:00,,28800.0,28800.0,,,,,0.0,0.0,,,,,,,,
2026-04-22,0.0,Griffin Club Los Angeles,48.44,27.5,0.0,,0.047,CA,WORKED,WORKED,2026-04-22 12:30:00,2026-04-22 21:00:00,2026-04-22 12:30:00,2026-04-22 12:30:00,,29040.0,29040.0,,,,,0.0,0.0,,,,,,,,
2026-04-22,0.0,Griffin Club Los Angeles,38.75,25.0,0.0,,0.047,CA,WORKED,WORKED,2026-04-22 10:00:00,2026-04-22 18:30:00,2026-04-22 10:00:00,2026-04-22 10:00:00,,29700.0,29700.0,,,,,0.0,0.0,,,,,,,,
2026-04-23,0.0,Griffin Club Los Angeles,31.0,23.0,0.0,,0.047,CA,WORKED,WORKED,2026-04-23 17:00:00,2026-04-23 22:30:00,2026-04-23 16:59:00,2026-04-23 16:59:00,,18120.0,18120.0,,,,,0.0,0.0,,,,,,,,
2026-04-24,0.0,Griffin Club Los Angeles,38.75,25.0,0.0,,0.047,CA,WORKED,WORKED,2026-04-24 10:00:00,2026-04-24 18:30:00,2026-04-24 10:00:00,2026-04-24 10:00:00,,29400.0,29400.0,,,,,0.0,0.0,,,,,,,,
2026-04-24,0.0,Griffin Club Los Angeles,31.0,20.0,0.0,,0.047,CA,WORKED,WORKED,2026-04-24 17:00:00,2026-04-24 22:30:00,2026-04-24 17:09:00,2026-04-24 17:09:00,,21180.0,21180.0,,,,,0.0,0.0,,,,,,,,
2026-04-24,0.0,Griffin Club Los Angeles,38.75,25.0,0.0,,0.047,CA,WORKED,WORKED,2026-04-24 11:00:00,2026-04-24 18:30:00,2026-04-24 11:01:00,2026-04-24 11:01:00,,30360.0,30360.0,,,,,0.0,0.0,,,,,,,,
2026-04-25,0.0,Griffin Club Los Angeles,38.75,25.0,0.0,,0.047,CA,WORKED,WORKED,2026-04-25 10:00:00,2026-04-25 18:30:00,2026-04-25 10:00:00,2026-04-25 10:00:00,,28800.0,28800.0,,,,,0.0,0.0,,,,,,,,
2026-04-25,0.0,Griffin Club Los Angeles,31.0,20.0,0.0,,0.047,CA,WORKED,WORKED,2026-04-25 17:00:00,2026-04-25 22:30:00,2026-04-25 17:08:00,2026-04-25 17:08:00,,19320.0,19320.0,,,,,,,,,,,,,,
2026-04-25,0.0,Griffin Club Los Angeles,38.75,25.0,0.0,,0.047,CA,WORKED,WORKED,2026-04-25 11:00:00,2026-04-25 18:30:00,2026-04-25 11:00:00,2026-04-25 11:00:00,,23940.0,23940.0,,,,,0.0,0.0,,,,,,,,
2026-04-25,0.0,Griffin Club Los Angeles,39.2,24.5,0.0,,0.047,CA,WORKED,WORKED,2026-04-25 13:30:00,2026-04-25 22:00:00,2026-04-25 13:30:00,2026-04-25 13:30:00,,28200.0,28200.0,,,,,0.0,0.0,,,,,,,,
2026-04-26,0.0,Griffin Club Los Angeles,38.75,25.0,0.0,,0.047,CA,WORKED,WORKED,2026-04-26 11:00:00,2026-04-26 18:30:00,2026-04-26 11:00:00,2026-04-26 11:00:00,,25200.0,25200.0,,,,,0.0,0.0,,,,,,,,
2026-04-26,0.0,Griffin Club Los Angeles,31.0,20.0,0.0,,0.047,CA,WORKED,WORKED,2026-04-26 16:30:00,2026-04-26 21:30:00,2026-04-26 16:30:00,2026-04-26 16:30:00,,20820.0,20820.0,,,,,1.0,1.0,,,,,,,,
2026-04-26,0.0,Griffin Club Los Angeles,39.2,24.5,0.0,,0.047,CA,WORKED,WORKED,2026-04-26 13:30:00,2026-04-26 22:00:00,2026-04-26 13:45:00,2026-04-26 13:45:00,,24300.0,24300.0,,,,,0.0,0.0,,,,,,,,
2026-04-20,0.0,Guckenheimer Cafe at Red Bull,32.89,23.0,0.0,0.09,0.0827,CA,WORKED,WORKED,2026-04-20 07:00:00,2026-04-20 14:30:00,2026-04-20 07:04:00,2026-04-20 07:04:00,,25200.0,25200.0,,,,,0.0,0.0,,,,,,,,
2026-04-20,0.0,Guckenheimer Cafe at Red Bull,28.6,20.0,0.0,0.09,0.0827,CA,WORKED,WORKED,2026-04-20 07:00:00,2026-04-20 15:30:00,2026-04-20 07:45:00,2026-04-20 07:45:00,,27900.0,27900.0,,,,,0.0,0.0,,,,,,,,
2026-04-21,0.0,Guckenheimer Cafe at Red Bull,32.89,23.0,0.0,0.09,0.0827,CA,WORKED,WORKED,2026-04-21 07:00:00,2026-04-21 14:30:00,2026-04-21 07:00:00,2026-04-21 07:00:00,,25200.0,25200.0,0.0,0.0,,,0.0,0.0,,,,,,,,
2026-04-21,0.0,Guckenheimer Cafe at Red Bull,28.6,20.0,0.0,0.09,0.0827,CA,WORKED,WORKED,2026-04-21 07:00:00,2026-04-21 15:30:00,2026-04-21 07:10:00,2026-04-21 07:10:00,,30300.0,30300.0,,,,,0.0,0.0,,,,,,,,
2026-04-22,0.0,Guckenheimer Cafe at Red Bull,28.6,20.0,0.0,0.09,0.0827,CA,WORKED,WORKED,2026-04-22 11:00:00,2026-04-22 19:30:00,2026-04-22 11:00:00,2026-04-22 11:00:00,CLIENT,18000.0,23460.0,,,,,,,,,,,,,,
2026-04-22,0.0,Guckenheimer Cafe at Red Bull,32.89,23.0,0.0,0.09,0.0827,CA,WORKED,WORKED,2026-04-22 07:00:00,2026-04-22 14:30:00,2026-04-22 07:00:00,2026-04-22 07:00:00,,23400.0,23400.0,,,,,0.0,0.0,,,,,,,,
2026-04-23,0.0,Guckenheimer Cafe at Red Bull,28.6,20.0,0.0,0.09,0.0827,CA,WORKED,WORKED,2026-04-23 07:30:00,2026-04-23 16:00:00,2026-04-23 07:30:00,2026-04-23 07:30:00,,28800.0,28800.0,,,,,0.0,0.0,,,,,,,,
2026-04-23,0.0,Guckenheimer Cafe at Red Bull,32.89,23.0,0.0,0.09,0.0827,CA,WORKED,WORKED,2026-04-23 07:00:00,2026-04-23 14:30:00,2026-04-23 07:15:00,2026-04-23 07:15:00,,22560.0,22560.0,,,,,0.0,0.0,,,,,,,,
2026-04-24,0.0,Guckenheimer Cafe at Red Bull,28.6,20.0,0.0,0.09,0.0827,CA,WORKED,WORKED,2026-04-24 07:30:00,2026-04-24 16:00:00,2026-04-24 07:30:00,2026-04-24 07:30:00,,28800.0,28800.0,,,,,0.0,0.0,,,,,,,,
2026-04-24,0.0,Henry Mayo Newhall Hospital,28.0,19.0,0.0,0.09,0.0549,CA,WORKED,WORKED,2026-04-24 08:00:00,2026-04-24 09:00:00,2026-04-24 08:00:00,2026-04-24 08:00:00,,3600.0,3600.0,,,,,0.0,0.0,,,,,,,,
2026-04-20,0.0,Hotel Bel Air,32.0,25.0,0.0,,0.0827,CA,WORKED,WORKED,2026-04-20 14:00:00,2026-04-20 22:00:00,2026-04-20 14:00:00,2026-04-20 14:00:00,,27000.0,27000.0,,,,,0.0,0.0,,,,,,,,
2026-04-21,0.0,Hotel Bel Air,32.0,25.0,0.0,,0.0827,CA,WORKED,WORKED,2026-04-21 14:00:00,2026-04-21 22:00:00,2026-04-21 14:00:00,2026-04-21 14:00:00,,27000.0,27000.0,,,,,0.0,0.0,,,,,,,,
2026-04-22,0.0,Hotel Bel Air,32.0,25.0,0.0,,0.0827,CA,WORKED,WORKED,2026-04-22 14:00:00,2026-04-22 22:00:00,2026-04-22 14:00:00,2026-04-22 14:00:00,,27000.0,27000.0,,,,,0.0,0.0,,,,,,,,
2026-04-23,0.0,Hotel Bel Air,32.0,25.0,0.0,,0.0827,CA,WORKED,WORKED,2026-04-23 12:00:00,2026-04-23 20:00:00,2026-04-23 12:00:00,2026-04-23 12:00:00,,27300.0,27300.0,,,,,0.0,0.0,,,,,,,,
2026-04-23,0.0,Hotel Bel Air,32.0,25.0,0.0,,0.0827,CA,WORKED,WORKED,2026-04-23 14:00:00,2026-04-23 22:00:00,2026-04-23 14:00:00,2026-04-23 14:00:00,,27000.0,27000.0,,,,,0.0,0.0,,,,,,,,
2026-04-23,0.0,Hotel Bel Air,32.0,25.0,0.0,,0.0827,CA,WORKED,WORKED,2026-04-23 12:00:00,2026-04-23 20:00:00,2026-04-23 12:00:00,2026-04-23 12:00:00,,27000.0,27000.0,,,,,0.0,0.0,,,,,,,,
2026-04-24,0.0,Hotel Bel Air,32.0,25.0,0.0,,0.0827,CA,WORKED,WORKED,2026-04-24 14:00:00,2026-04-24 22:00:00,2026-04-24 14:00:00,2026-04-24 14:00:00,,27000.0,27000.0,,,,,0.0,0.0,,,,,,,,
2026-04-24,0.0,Hotel Bel Air,32.0,25.0,0.0,,0.0827,CA,WORKED,WORKED,2026-04-24 08:00:00,2026-04-24 16:00:00,2026-04-24 08:00:00,2026-04-24 08:00:00,,27000.0,27000.0,,,,,0.0,0.0,,,,,,,,
2026-04-24,0.0,Hotel Bel Air,32.0,25.0,0.0,,0.0827,CA,WORKED,WORKED,2026-04-24 08:00:00,2026-04-24 16:00:00,2026-04-24 08:00:00,2026-04-24 08:00:00,,27000.0,27000.0,,,,,0.0,0.0,,,,,,,,
2026-04-24,0.0,Hotel Bel Air,32.0,25.0,0.0,,0.0827,CA,WORKED,WORKED,2026-04-24 08:00:00,2026-04-24 16:00:00,2026-04-24 08:00:00,2026-04-24 08:00:00,,27000.0,27000.0,,,,,0.0,0.0,,,,,,,,
2026-04-25,0.0,Hotel Bel Air,32.0,25.0,0.0,,0.0827,CA,WORKED,WORKED,2026-04-25 08:00:00,2026-04-25 16:00:00,2026-04-25 08:00:00,2026-04-25 08:00:00,,27000.0,27000.0,,,,,0.0,0.0,,,,,,,,
2026-04-26,0.0,Hotel Bel Air,32.0,25.0,0.0,,0.0827,CA,WORKED,WORKED,2026-04-26 08:00:00,2026-04-26 16:00:00,2026-04-26 08:01:00,2026-04-26 08:01:00,,26940.0,26940.0,,,,,0.0,0.0,,,,,,,,
2026-04-26,0.0,Hotel Bel Air,32.0,25.0,0.0,,0.0827,CA,WORKED,WORKED,2026-04-26 08:00:00,2026-04-26 16:00:00,2026-04-26 08:00:00,2026-04-26 08:00:00,,43380.0,43380.0,,,,,1.0,1.0,,,,,,,,
2026-04-26,0.0,Hotel Bel Air,32.0,25.0,0.0,,0.0827,CA,WORKED,WORKED,2026-04-26 14:00:00,2026-04-26 22:00:00,2026-04-26 14:00:00,2026-04-26 14:00:00,,27000.0,27000.0,,,,,0.0,0.0,,,,,,,,
2026-04-22,0.0,Irvine Spectrum ,35.2,22.0,0.0,0.01,0.0827,CA,WORKED,WORKED,2026-04-22 16:00:00,2026-04-23 00:30:00,2026-04-22 16:00:00,2026-04-22 16:00:00,,28800.0,28800.0,,,,,,,,,,,,,,
2026-04-26,0.0,Irvine Spectrum ,35.2,22.0,0.0,0.01,0.0827,CA,WORKED,WORKED,2026-04-26 16:00:00,2026-04-27 00:30:00,2026-04-26 16:00:00,2026-04-26 16:00:00,,28800.0,28800.0,,,,,,0.0,,,,,,,,
2026-04-21,0.0,Jet Propulsion Laboratory,38.88,24.0,0.0,0.12,0.0827,CA,WORKED,WORKED,2026-04-21 08:00:00,2026-04-21 15:00:00,,2026-04-21 08:00:00,EMPLOYEE,0.0,21540.0,0.0,0.0,,,,,,,,,,,,
2026-04-22,0.0,Jet Propulsion Laboratory,38.88,24.0,0.0,0.12,0.0827,CA,WORKED,WORKED,2026-04-22 06:00:00,2026-04-22 14:30:00,,2026-04-22 06:00:00,EMPLOYEE,0.0,28800.0,,,,,,,,,,,,,,
2026-04-23,0.0,Jet Propulsion Laboratory,38.88,24.0,0.0,0.12,0.0827,CA,WORKED,WORKED,2026-04-23 06:00:00,2026-04-23 14:30:00,,2026-04-23 06:00:00,EMPLOYEE,0.0,28800.0,,,,,,,,,,,,,,
2026-04-22,0.0,Judd's Catering ,33.6,21.0,0.0,,0.0827,CA,WORKED,WORKED,2026-04-22 09:30:00,2026-04-22 14:00:00,2026-04-22 09:30:00,2026-04-22 09:30:00,,17160.0,17160.0,,,,,0.0,0.0,,,,,,,,
2026-04-22,0.0,Judd's Catering ,33.6,21.0,0.0,,0.0827,CA,WORKED,WORKED,2026-04-22 09:30:00,2026-04-22 14:00:00,2026-04-22 09:42:00,2026-04-22 09:42:00,,16440.0,16440.0,,,,,0.0,0.0,,,,,,,,
2026-04-23,0.0,Judd's Catering ,33.6,21.0,0.0,,0.0827,CA,WORKED,WORKED,2026-04-23 06:00:00,2026-04-23 10:00:00,,2026-04-23 06:05:00,EMPLOYEE,0.0,14100.0,,,,,,,,,,,,,,
2026-04-23,0.0,Judd's Catering ,33.6,21.0,0.0,,0.0827,CA,WORKED,WORKED,2026-04-23 06:00:00,2026-04-23 10:00:00,2026-04-23 06:03:00,2026-04-23 06:03:00,,14220.0,14220.0,,,,,0.0,0.0,,,,,,,,
2026-04-25,0.0,Judd's Catering ,33.6,21.0,0.0,,0.0827,CA,WORKED,WORKED,2026-04-25 14:15:00,2026-04-25 18:30:00,2026-04-25 14:15:00,2026-04-25 14:15:00,,15300.0,15300.0,,,,,0.0,0.0,,,,,,,,
2026-04-21,0.0,JW Marriott L.A. Live,40.0,25.0,0.0,0.01,0.0827,CA,WORKED,WORKED,2026-04-21 13:30:00,2026-04-21 22:00:00,2026-04-21 13:30:00,2026-04-21 13:30:00,,28800.0,28800.0,,,,,,0.0,,,,,,,,
2026-04-21,0.0,JW Marriott L.A. Live,40.0,25.0,0.0,0.01,0.0827,CA,WORKED,WORKED,2026-04-21 13:30:00,2026-04-21 22:00:00,2026-04-21 13:30:00,2026-04-21 13:30:00,,28800.0,28800.0,,,,,,0.0,,,,,,,,
2026-04-21,0.0,JW Marriott L.A. Live,40.0,25.0,0.0,0.01,0.0827,CA,WORKED,WORKED,2026-04-21 13:30:00,2026-04-21 22:00:00,2026-04-21 13:30:00,2026-04-21 13:30:00,,28800.0,28800.0,,,,,,,,,,,,,,
2026-04-21,0.0,JW Marriott L.A. Live,40.0,25.0,0.0,0.01,0.0827,CA,WORKED,WORKED,2026-04-21 13:30:00,2026-04-21 22:00:00,2026-04-21 13:30:00,2026-04-21 13:30:00,,28800.0,28800.0,,,,,,0.0,,,,,,,,
2026-04-21,0.0,JW Marriott L.A. Live,40.0,25.0,0.0,0.01,0.0827,CA,WORKED,WORKED,2026-04-21 13:30:00,2026-04-21 22:00:00,2026-04-21 13:30:00,2026-04-21 13:30:00,,28800.0,28800.0,,,,,,0.0,,,,,,,,
2026-04-21,0.0,JW Marriott L.A. Live,40.0,25.0,0.0,0.01,0.0827,CA,WORKED,WORKED,2026-04-21 13:30:00,2026-04-21 22:00:00,2026-04-21 13:30:00,2026-04-21 13:30:00,,28800.0,28800.0,,,,,,0.0,,,,,,,,
2026-04-21,0.0,JW Marriott L.A. Live,40.0,25.0,0.0,0.01,0.0827,CA,WORKED,WORKED,2026-04-21 13:30:00,2026-04-21 22:00:00,2026-04-21 13:30:00,2026-04-21 13:30:00,,28800.0,28800.0,,,,,,0.0,,,,,,,,
2026-04-21,0.0,JW Marriott L.A. Live,40.0,25.0,0.0,0.01,0.0827,CA,WORKED,WORKED,2026-04-21 13:30:00,2026-04-21 22:00:00,2026-04-21 15:10:00,2026-04-21 15:10:00,,19200.0,19200.0,,,,,1.0,1.0,,,,,,,,
2026-04-21,0.0,JW Marriott L.A. Live,40.0,25.0,0.0,0.01,0.0827,CA,WORKED,WORKED,2026-04-21 13:30:00,2026-04-21 22:00:00,2026-04-21 13:30:00,2026-04-21 13:30:00,,28800.0,28800.0,,,,,,,,,,,,,,
2026-04-21,0.0,JW Marriott L.A. Live,40.0,25.0,0.0,0.01,0.0827,CA,WORKED,WORKED,2026-04-21 13:30:00,2026-04-21 22:00:00,2026-04-21 13:30:00,2026-04-21 13:30:00,,28800.0,28800.0,,,,,,0.0,,,,,,,,
2026-04-25,0.0,KMR Gourmet Catering,37.75,24.0,0.0,,0.0827,CA,WORKED,WORKED,2026-04-25 17:30:00,2026-04-25 21:30:00,2026-04-25 17:30:00,2026-04-25 17:30:00,,14400.0,14400.0,,,,,0.0,0.0,,,,,,,,
2026-04-25,0.0,KMR Gourmet Catering,34.1,22.0,0.0,,0.0827,CA,WORKED,WORKED,2026-04-25 17:30:00,2026-04-25 21:30:00,2026-04-25 17:28:00,2026-04-25 17:28:00,,15120.0,15120.0,,,,,0.0,0.0,,,,,,,,
2026-04-25,0.0,KMR Gourmet Catering,34.1,22.0,0.0,,0.0827,CA,WORKED,WORKED,2026-04-25 17:30:00,2026-04-25 21:30:00,2026-04-25 17:25:00,2026-04-25 17:25:00,,15480.0,15480.0,,,,,0.0,0.0,,,,,,,,
2026-04-23,0.0,L.A. Galaxy,32.4,20.0,0.0,0.12,0.0827,CA,WORKED,WORKED,2026-04-23 10:00:00,2026-04-23 18:00:00,2026-04-23 11:00:00,2026-04-23 11:00:00,,23400.0,23400.0,,,,,0.0,0.0,,,,,,,,
2026-04-20,0.0,L.A. Rams,37.26,23.0,0.0,0.12,0.0827,CA,WORKED,WORKED,2026-04-20 07:00:00,2026-04-20 15:30:00,2026-04-20 07:00:00,2026-04-20 07:00:00,,28860.0,28860.0,,,,,0.0,0.0,,,,,,,,
2026-04-20,0.0,L.A. Rams,32.4,20.0,0.0,0.12,0.0827,CA,WORKED,WORKED,2026-04-20 07:00:00,2026-04-20 15:30:00,2026-04-20 06:57:00,2026-04-20 06:57:00,,30180.0,30180.0,,,,,0.0,0.0,,,,,,,,
2026-04-21,0.0,L.A. Rams,37.26,23.0,0.0,0.12,0.0827,CA,WORKED,WORKED,2026-04-21 07:00:00,2026-04-21 15:30:00,2026-04-21 07:00:00,2026-04-21 07:00:00,,28800.0,28800.0,,,,,0.0,0.0,,,,,,,,
2026-04-21,0.0,L.A. Rams,32.4,20.0,0.0,0.12,0.0827,CA,WORKED,WORKED,2026-04-21 07:00:00,2026-04-21 15:30:00,2026-04-21 06:58:00,2026-04-21 06:58:00,,31860.0,31860.0,,,,,0.0,0.0,,,,,,,,
2026-04-22,0.0,L.A. Rams,32.4,20.0,0.0,0.12,0.0827,CA,WORKED,WORKED,2026-04-22 07:00:00,2026-04-22 15:30:00,2026-04-22 07:01:00,2026-04-22 07:01:00,,29760.0,29760.0,,,,,,,,,,,,,,
2026-04-22,0.0,L.A. Rams,37.26,23.0,0.0,0.12,0.0827,CA,WORKED,WORKED,2026-04-22 07:00:00,2026-04-22 15:30:00,2026-04-22 07:26:00,2026-04-22 07:00:00,EMPLOYEE,25560.0,28800.0,,,,,,,,,,,,,,
2026-04-23,0.0,L.A. Rams,37.26,23.0,0.0,0.12,0.0827,CA,WORKED,WORKED,2026-04-23 07:00:00,2026-04-23 15:30:00,2026-04-23 07:02:00,2026-04-23 07:02:00,,30480.0,30480.0,,,,,0.0,0.0,,,,,,,,
2026-04-23,0.0,L.A. Rams,32.4,20.0,0.0,0.12,0.0827,CA,WORKED,WORKED,2026-04-23 07:00:00,2026-04-23 15:30:00,2026-04-23 07:00:00,2026-04-23 07:00:00,,31200.0,31200.0,,,,,0.0,0.0,,,,,,,,
2026-04-24,0.0,L.A. Rams,37.26,23.0,0.0,0.12,0.0827,CA,WORKED,WORKED,2026-04-24 07:00:00,2026-04-24 15:30:00,2026-04-24 07:00:00,2026-04-24 07:00:00,,26340.0,26340.0,,,,,0.0,0.0,,,,,,,,
2026-04-24,0.0,L.A. Rams,32.4,20.0,0.0,0.12,0.0827,CA,WORKED,WORKED,2026-04-24 07:00:00,2026-04-24 15:30:00,2026-04-24 07:15:00,2026-04-24 07:15:00,,25800.0,25800.0,,,,,0.0,0.0,,,,,,,,
2026-04-24,0.0,L.A. Rams,37.26,23.0,0.0,0.12,0.0827,CA,NOSHOW,NOSHOW,2026-04-24 07:00:00,2026-04-24 15:30:00,,,,0.0,0.0,,,,,,,,,,,,,,
2026-04-26,0.0,L.A. Rams,37.26,23.0,0.0,0.12,0.0827,CA,WORKED,WORKED,2026-04-26 07:00:00,2026-04-26 15:30:00,2026-04-26 07:01:00,2026-04-26 07:01:00,,29640.0,29640.0,,,,,0.0,0.0,,,,,,,,
2026-04-26,0.0,L.A. Rams,32.4,20.0,0.0,0.12,0.0827,CA,WORKED,WORKED,2026-04-26 07:00:00,2026-04-26 15:30:00,2026-04-26 07:24:00,2026-04-26 07:24:00,,25320.0,25320.0,,,,,0.0,0.0,,,,,,,,
2026-04-26,0.0,L.A. Rams,35.64,22.0,0.0,0.12,0.0827,CA,WORKED,WORKED,2026-04-26 07:00:00,2026-04-26 16:00:00,2026-04-26 07:00:00,2026-04-26 07:00:00,,30600.0,30600.0,,,,,0.0,0.0,,,,,,,,
2026-04-26,0.0,L.A. Rams,37.26,23.0,0.0,0.12,0.0827,CA,WORKED,WORKED,2026-04-26 06:00:00,2026-04-26 14:30:00,2026-04-26 06:01:00,2026-04-26 06:01:00,,28740.0,28740.0,,,,,0.0,0.0,,,,,,,,
2026-04-20,0.0,"LBVH Hotel, LLC - L'Ermitage Beverly Hills",32.0,24.0,0.0,,0.0827,CA,WORKED,WORKED,2026-04-20 15:00:00,2026-04-20 23:30:00,2026-04-20 15:00:00,2026-04-20 15:00:00,,28800.0,28800.0,,,,,0.0,0.0,,,,,,,,
2026-04-21,0.0,"LBVH Hotel, LLC - L'Ermitage Beverly Hills",32.0,20.0,0.0,,0.0827,CA,WORKED,WORKED,2026-04-21 15:00:00,2026-04-21 23:30:00,2026-04-21 14:57:00,2026-04-21 14:57:00,,29400.0,29400.0,,,,,0.0,0.0,,,,,,,,
2026-04-22,0.0,"LBVH Hotel, LLC - L'Ermitage Beverly Hills",32.0,20.0,0.0,,0.0827,CA,WORKED,WORKED,2026-04-22 15:00:00,2026-04-22 23:30:00,2026-04-22 15:00:00,2026-04-22 15:00:00,,28800.0,28800.0,,,,,,,,,,,,,,
2026-04-22,0.0,"LBVH Hotel, LLC - L'Ermitage Beverly Hills",36.8,23.0,0.0,,0.0827,CA,WORKED,WORKED,2026-04-22 13:00:00,2026-04-22 21:00:00,2026-04-22 13:02:00,2026-04-22 13:02:00,,27240.0,27240.0,,,,,0.0,0.0,,,,,,,,
2026-04-23,0.0,"LBVH Hotel, LLC - L'Ermitage Beverly Hills",36.8,23.0,0.0,,0.0827,CA,WORKED,WORKED,2026-04-23 13:00:00,2026-04-23 21:00:00,2026-04-23 13:39:00,2026-04-23 13:39:00,,24660.0,24660.0,,,,,0.0,0.0,,,,,,,,
2026-04-23,0.0,"LBVH Hotel, LLC - L'Ermitage Beverly Hills",32.0,20.0,0.0,,0.0827,CA,WORKED,WORKED,2026-04-23 15:00:00,2026-04-23 23:30:00,2026-04-23 15:00:00,2026-04-23 15:00:00,,28920.0,28920.0,,,,,0.0,0.0,,,,,,,,
2026-04-24,0.0,"LBVH Hotel, LLC - L'Ermitage Beverly Hills",36.8,23.0,0.0,,0.0827,CA,WORKED,WORKED,2026-04-24 14:00:00,2026-04-24 22:30:00,2026-04-24 14:00:00,2026-04-24 14:00:00,,27660.0,27660.0,,,,,0.0,0.0,,,,,,,,
2026-04-24,0.0,"LBVH Hotel, LLC - L'Ermitage Beverly Hills",32.0,20.0,0.0,,0.0827,CA,WORKED,WORKED,2026-04-24 15:00:00,2026-04-24 23:30:00,2026-04-24 15:03:00,2026-04-24 15:03:00,,28620.0,28620.0,,,,,0.0,0.0,,,,,,,,
2026-04-25,0.0,"LBVH Hotel, LLC - L'Ermitage Beverly Hills",36.8,23.0,0.0,,0.0827,CA,WORKED,WORKED,2026-04-25 14:00:00,2026-04-25 22:30:00,2026-04-25 14:01:00,2026-04-25 14:01:00,,28200.0,28200.0,,,,,0.0,0.0,,,,,,,,
2026-04-25,0.0,"LBVH Hotel, LLC - L'Ermitage Beverly Hills",32.0,20.0,0.0,,0.0827,CA,WORKED,WORKED,2026-04-25 15:00:00,2026-04-25 23:30:00,2026-04-25 15:00:00,2026-04-25 15:00:00,,18240.0,18240.0,,,,,0.0,0.0,,,,,,,,
2026-04-23,0.0,Los Angeles LGBT Center,34.5,23.0,0.0,,0.0827,CA,WORKED,WORKED,2026-04-23 16:00:00,2026-04-23 20:00:00,2026-04-23 16:00:00,2026-04-23 16:00:00,,14400.0,14400.0,,,,,0.0,0.0,,,,,,,,
2026-04-23,0.0,Los Angeles LGBT Center,34.5,23.0,0.0,,0.0827,CA,WORKED,WORKED,2026-04-23 16:00:00,2026-04-23 20:00:00,2026-04-23 16:00:00,2026-04-23 16:00:00,,14400.0,14400.0,,,,,0.0,0.0,,,,,,,,
2026-04-20,0.0,Malibu Beach Inn,35.0,23.0,0.0,,0.0827,CA,WORKED,WORKED,2026-04-20 08:00:00,2026-04-20 14:00:00,2026-04-20 07:59:00,2026-04-20 07:59:00,,21780.0,21780.0,,,,,0.0,0.0,,,,,,,,
2026-04-20,0.0,Malibu Beach Inn,35.0,23.0,0.0,,0.0827,CA,WORKED,WORKED,2026-04-20 15:30:00,2026-04-20 22:00:00,2026-04-20 15:30:00,2026-04-20 15:30:00,,27000.0,27000.0,,,,,0.0,0.0,,,,,,,,
2026-04-20,0.0,Malibu Beach Inn,38.0,25.0,0.0,,0.0827,CA,WORKED,WORKED,2026-04-20 15:00:00,2026-04-20 22:00:00,2026-04-20 14:59:00,2026-04-20 14:59:00,,24540.0,24540.0,,,,,0.0,0.0,,,,,,,,
2026-04-21,0.0,Malibu Beach Inn,35.0,23.0,0.0,,0.0827,CA,WORKED,WORKED,2026-04-21 08:00:00,2026-04-21 14:00:00,2026-04-21 08:00:00,2026-04-21 08:00:00,,23400.0,23400.0,,,,,0.0,0.0,,,,,,,,
2026-04-21,0.0,Malibu Beach Inn,38.0,25.0,0.0,,0.0827,CA,WORKED,WORKED,2026-04-21 15:00:00,2026-04-21 22:00:00,2026-04-21 15:00:00,2026-04-21 15:00:00,,23580.0,23580.0,,,,,0.0,0.0,,,,,,,,
2026-04-21,0.0,Malibu Beach Inn,35.0,23.0,0.0,,0.0827,CA,WORKED,WORKED,2026-04-21 15:30:00,2026-04-21 22:00:00,2026-04-21 15:29:00,2026-04-21 15:29:00,,24900.0,24900.0,,,,,0.0,0.0,,,,,,,,
2026-04-22,0.0,Malibu Beach Inn,35.0,23.0,0.0,,0.0827,CA,WORKED,WORKED,2026-04-22 15:30:00,2026-04-22 22:00:00,2026-04-22 15:30:00,2026-04-22 15:30:00,,23400.0,23400.0,,,,,0.0,0.0,,,,,,,,
2026-04-22,0.0,Malibu Beach Inn,35.0,23.0,0.0,,0.0827,CA,WORKED,WORKED,2026-04-22 09:00:00,2026-04-22 17:00:00,2026-04-22 09:02:00,2026-04-22 09:02:00,,19680.0,19680.0,,,,,0.0,0.0,,,,,,,,
2026-04-22,0.0,Malibu Beach Inn,35.0,23.0,0.0,,0.0827,CA,WORKED,WORKED,2026-04-22 08:00:00,2026-04-22 14:00:00,2026-04-22 07:51:00,2026-04-22 07:51:00,,26700.0,26700.0,,,,,0.0,0.0,,,,,,,,
2026-04-23,0.0,Malibu Beach Inn,35.0,23.0,0.0,,0.0827,CA,WORKED,WORKED,2026-04-23 15:30:00,2026-04-23 22:00:00,2026-04-23 15:30:00,2026-04-23 15:30:00,,24300.0,24300.0,,,,,0.0,0.0,,,,,,,,
2026-04-23,0.0,Malibu Beach Inn,35.0,23.0,0.0,,0.0827,CA,WORKED,WORKED,2026-04-23 08:00:00,2026-04-23 14:00:00,2026-04-23 08:01:00,2026-04-23 08:01:00,,21240.0,21240.0,,,,,0.0,0.0,,,,,,,,
2026-04-23,0.0,Malibu Beach Inn,35.0,23.0,0.0,,0.0827,CA,WORKED,WORKED,2026-04-23 09:00:00,2026-04-23 17:00:00,2026-04-23 09:01:00,2026-04-23 09:01:00,,26940.0,26940.0,,,,,0.0,0.0,,,,,,,,
2026-04-24,0.0,Malibu Beach Inn,35.0,23.0,0.0,,0.0827,CA,WORKED,WORKED,2026-04-24 15:30:00,2026-04-24 23:00:00,2026-04-24 15:32:00,2026-04-24 15:32:00,,25080.0,25080.0,,,,,0.0,0.0,,,,,,,,
2026-04-24,0.0,Malibu Beach Inn,35.0,23.0,0.0,,0.0827,CA,WORKED,WORKED,2026-04-24 09:00:00,2026-04-24 17:00:00,2026-04-24 09:00:00,2026-04-24 09:00:00,,27000.0,27000.0,,,,,0.0,0.0,,,,,,,,
2026-04-24,0.0,Malibu Beach Inn,35.0,23.0,0.0,,0.0827,CA,WORKED,WORKED,2026-04-24 08:00:00,2026-04-24 14:00:00,2026-04-24 08:00:00,2026-04-24 08:00:00,,21600.0,21600.0,,,,,0.0,0.0,,,,,,,,
2026-04-25,0.0,Malibu Beach Inn,35.0,23.0,0.0,,0.0827,CA,SENTHOME,SENTHOME,2026-04-25 09:00:00,2026-04-25 17:00:00,,,,0.0,0.0,1.0,1.0,,,0.0,0.0,,,,,,,,
2026-04-25,0.0,Malibu Beach Inn,35.0,23.0,0.0,,0.0827,CA,WORKED,WORKED,2026-04-25 07:00:00,2026-04-25 15:00:00,2026-04-25 06:59:00,2026-04-25 06:59:00,,27600.0,27600.0,,,,,0.0,0.0,,,,,,,,
2026-04-25,0.0,Malibu Beach Inn,35.0,23.0,0.0,,0.0827,CA,WORKED,WORKED,2026-04-25 15:30:00,2026-04-25 23:00:00,2026-04-25 15:30:00,2026-04-25 15:30:00,,21600.0,21600.0,,,,,0.0,0.0,,,,,,,,
2026-04-26,0.0,Malibu Beach Inn,35.0,23.0,0.0,,0.0827,CA,WORKED,WORKED,2026-04-26 07:00:00,2026-04-26 15:00:00,2026-04-26 07:01:00,2026-04-26 07:01:00,,28740.0,28740.0,,,,,0.0,0.0,,,,,,,,
2026-04-20,0.0,"Manhattan Beach Hotel TRS LLC., dba Westdrift Manhattan Beach",48.05,31.0,0.0,,0.0827,CA,WORKED,WORKED,2026-04-20 15:30:00,2026-04-21 00:00:00,2026-04-20 15:30:00,2026-04-20 15:30:00,,28800.0,28800.0,,,,,0.0,0.0,,,,,,,,
2026-04-21,0.0,"Manhattan Beach Hotel TRS LLC., dba Westdrift Manhattan Beach",48.05,31.0,0.0,,0.0827,CA,WORKED,WORKED,2026-04-21 15:30:00,2026-04-22 00:00:00,2026-04-21 15:30:00,2026-04-21 15:30:00,,28800.0,28800.0,,,,,0.0,0.0,,,,,,,,
2026-04-22,0.0,"Manhattan Beach Hotel TRS LLC., dba Westdrift Manhattan Beach",48.05,31.0,0.0,,0.0827,CA,WORKED,WORKED,2026-04-22 15:30:00,2026-04-23 00:00:00,2026-04-22 15:30:00,2026-04-22 15:30:00,,28800.0,28800.0,,,,,0.0,0.0,,,,,,,,
2026-04-23,0.0,"Manhattan Beach Hotel TRS LLC., dba Westdrift Manhattan Beach",36.8,23.0,0.0,,0.0827,CA,WORKED,WORKED,2026-04-23 16:00:00,2026-04-23 22:00:00,2026-04-23 15:45:00,2026-04-23 15:45:00,,26100.0,26100.0,,,,,0.0,0.0,,,,,,,,
2026-04-25,0.0,"Manhattan Beach Hotel TRS LLC., dba Westdrift Manhattan Beach",48.05,31.0,0.0,,0.0827,CA,WORKED,WORKED,2026-04-25 16:30:00,2026-04-26 00:30:00,2026-04-25 16:30:00,2026-04-25 16:30:00,,28800.0,28800.0,,,,,0.0,0.0,,,,,,,,
2026-04-26,0.0,"Manhattan Beach Hotel TRS LLC., dba Westdrift Manhattan Beach",48.05,31.0,0.0,,0.0827,CA,WORKED,WORKED,2026-04-26 15:30:00,2026-04-27 00:00:00,2026-04-26 15:30:00,2026-04-26 15:30:00,,28800.0,28800.0,,,,,0.0,0.0,,,,,,,,
2026-04-25,0.0,"Marbella Country Club, American Golf",33.0,23.0,0.0,,0.1115,CA,WORKED,WORKED,2026-04-25 16:30:00,2026-04-25 22:30:00,2026-04-25 16:29:00,2026-04-25 16:29:00,,19980.0,19980.0,,,,,0.0,0.0,,,,,,,,
2026-04-25,0.0,"Marbella Country Club, American Golf",33.0,23.0,0.0,,0.1115,CA,WORKED,WORKED,2026-04-25 16:30:00,2026-04-25 22:30:00,2026-04-25 16:24:00,2026-04-25 16:24:00,,21960.0,21960.0,,,,,0.0,0.0,,,,,,,,
2026-04-25,0.0,"Marbella Country Club, American Golf",33.0,23.0,0.0,,0.1115,CA,WORKED,WORKED,2026-04-25 16:30:00,2026-04-25 22:30:00,2026-04-25 16:31:00,2026-04-25 16:31:00,,21540.0,21540.0,,,,,0.0,0.0,,,,,,,,
2026-04-20,0.0,Marina Del Rey Marriott,35.2,22.0,0.0,0.01,0.0827,CA,WORKED,WORKED,2026-04-20 07:00:00,2026-04-20 15:00:00,2026-04-20 07:00:00,2026-04-20 07:00:00,,27000.0,27000.0,,,,,,0.0,,,,,,,,
2026-04-20,0.0,Marina Del Rey Marriott,35.2,22.0,0.0,0.01,0.0827,CA,WORKED,WORKED,2026-04-20 07:00:00,2026-04-20 15:00:00,2026-04-20 07:00:00,2026-04-20 07:00:00,,27480.0,27480.0,,,,,,0.0,,,,,,,,
2026-04-20,0.0,Marina Del Rey Marriott,35.2,22.0,0.0,0.01,0.0827,CA,WORKED,WORKED,2026-04-20 17:00:00,2026-04-21 01:00:00,2026-04-20 17:00:00,2026-04-20 17:00:00,CLIENT,27000.0,27000.0,,,,,,,,,,,,,,
2026-04-20,0.0,Marina Del Rey Marriott,35.2,22.0,0.0,0.01,0.0827,CA,WORKED,WORKED,2026-04-20 17:00:00,2026-04-21 01:00:00,2026-04-20 17:10:00,2026-04-20 17:00:00,CLIENT,26400.0,27000.0,,,,,,,,,,,,,,
2026-04-21,0.0,Marina Del Rey Marriott,35.2,22.0,0.0,0.01,0.0827,CA,WORKED,WORKED,2026-04-21 07:00:00,2026-04-21 15:00:00,2026-04-21 07:00:00,2026-04-21 07:00:00,,27000.0,27000.0,,,,,,0.0,,,,,,,,
2026-04-21,0.0,Marina Del Rey Marriott,35.2,22.0,0.0,0.01,0.0827,CA,WORKED,WORKED,2026-04-21 07:00:00,2026-04-21 15:00:00,2026-04-21 07:00:00,2026-04-21 07:00:00,,26040.0,26040.0,,,,,,0.0,,,,,,,,
2026-04-21,0.0,Marina Del Rey Marriott,35.2,22.0,0.0,0.01,0.0827,CA,WORKED,WORKED,2026-04-21 17:00:00,2026-04-22 01:00:00,2026-04-21 16:55:00,2026-04-21 16:55:00,,27300.0,27300.0,,,,,,,,,,,,,,
2026-04-21,0.0,Marina Del Rey Marriott,35.2,22.0,0.0,0.01,0.0827,CA,WORKED,WORKED,2026-04-21 17:00:00,2026-04-22 01:00:00,2026-04-21 17:00:00,,CLIENT,3600.0,0.0,,,,,,,,,,,,,,
2026-04-22,0.0,Marina Del Rey Marriott,35.2,22.0,0.0,0.01,0.0827,CA,WORKED,WORKED,2026-04-22 07:00:00,2026-04-22 15:00:00,2026-04-22 07:00:00,2026-04-22 07:00:00,,27000.0,27000.0,,,,,,0.0,,,,,,,,
2026-04-22,0.0,Marina Del Rey Marriott,35.2,22.0,0.0,0.01,0.0827,CA,WORKED,WORKED,2026-04-22 07:00:00,2026-04-22 15:00:00,2026-04-22 07:00:00,2026-04-22 07:00:00,,27000.0,27000.0,,,,,,0.0,,,,,,,,
2026-04-22,0.0,Marina Del Rey Marriott,35.2,22.0,0.0,0.01,0.0827,CA,WORKED,WORKED,2026-04-22 17:00:00,2026-04-23 01:00:00,2026-04-22 17:00:00,2026-04-22 17:00:00,,27000.0,27000.0,,,,,,,,,,,,,,
2026-04-22,0.0,Marina Del Rey Marriott,35.2,22.0,0.0,0.01,0.0827,CA,WORKED,WORKED,2026-04-22 17:00:00,2026-04-23 01:00:00,2026-04-22 17:30:00,2026-04-22 17:00:00,CLIENT,25200.0,27000.0,,,,,,,,,,,,,,
2026-04-23,0.0,Marina Del Rey Marriott,35.2,22.0,0.0,0.01,0.0827,CA,WORKED,WORKED,2026-04-23 17:00:00,2026-04-24 01:00:00,2026-04-23 17:00:00,2026-04-23 17:00:00,,25200.0,25200.0,,,,,,,,,,,,,,
2026-04-23,0.0,Marina Del Rey Marriott,35.2,22.0,0.0,0.01,0.0827,CA,WORKED,WORKED,2026-04-23 17:00:00,2026-04-24 01:00:00,2026-04-23 17:10:00,2026-04-23 17:10:00,,26400.0,26400.0,,,,,,,,,,,,,,
2026-04-23,0.0,Marina Del Rey Marriott,35.2,22.0,0.0,0.01,0.0827,CA,WORKED,WORKED,2026-04-23 07:00:00,2026-04-23 15:00:00,2026-04-23 07:00:00,2026-04-23 17:00:00,CLIENT,27000.0,27000.0,,,,,,,,,,,,,,
2026-04-24,0.0,Marina Del Rey Marriott,35.2,22.0,0.0,0.01,0.0827,CA,WORKED,WORKED,2026-04-24 17:00:00,2026-04-25 01:00:00,2026-04-24 17:00:00,2026-04-24 17:00:00,CLIENT,27000.0,27180.0,,,,,,,,,,,,,,
2026-04-24,0.0,Marina Del Rey Marriott,35.2,22.0,0.0,0.01,0.0827,CA,WORKED,WORKED,2026-04-24 07:00:00,2026-04-24 15:00:00,2026-04-24 07:00:00,2026-04-24 07:00:00,,23400.0,23400.0,,,,,,0.0,,,,,,,,
2026-04-24,0.0,Marina Del Rey Marriott,35.2,22.0,0.0,0.01,0.0827,CA,WORKED,WORKED,2026-04-24 07:00:00,2026-04-24 15:00:00,2026-04-24 07:00:00,2026-04-24 07:00:00,,23400.0,23400.0,,,,,,0.0,,,,,,,,
2026-04-24,0.0,Marina Del Rey Marriott,35.2,22.0,0.0,0.01,0.0827,CA,WORKED,WORKED,2026-04-24 17:00:00,2026-04-25 01:00:00,2026-04-24 17:00:00,2026-04-24 17:00:00,,27000.0,27000.0,,,,,,0.0,,,,,,,,
2026-04-20,0.0,Martin Luther King Jr Hospital,39.6,24.0,0.0,0.09,0.0549,CA,WORKED,WORKED,2026-04-20 07:00:00,2026-04-20 15:30:00,2026-04-20 07:00:00,2026-04-20 07:00:00,,33300.0,33300.0,,,,,0.0,0.0,,,,,,,,
2026-04-20,0.0,Martin Luther King Jr Hospital,39.6,24.0,0.0,0.09,0.0549,CA,WORKED,WORKED,2026-04-20 06:00:00,2026-04-20 14:30:00,2026-04-20 06:00:00,2026-04-20 06:00:00,,29400.0,29400.0,,,,,0.0,0.0,,,,,,,,
2026-04-20,0.0,Martin Luther King Jr Hospital,39.6,24.0,0.0,0.09,0.0549,CA,WORKED,WORKED,2026-04-20 14:00:00,2026-04-20 22:30:00,2026-04-20 14:00:00,2026-04-20 14:00:00,,28800.0,28800.0,,,,,0.0,0.0,,,,,,,,
2026-04-21,0.0,Martin Luther King Jr Hospital,39.6,24.0,0.0,0.09,0.0549,CA,WORKED,WORKED,2026-04-21 07:00:00,2026-04-21 15:30:00,2026-04-21 07:00:00,2026-04-21 07:00:00,,30600.0,30600.0,,,,,0.0,0.0,,,,,,,,
2026-04-21,0.0,Martin Luther King Jr Hospital,39.6,24.0,0.0,0.09,0.0549,CA,WORKED,WORKED,2026-04-21 06:00:00,2026-04-21 14:30:00,2026-04-21 07:45:00,2026-04-21 07:30:00,CLIENT,22800.0,23700.0,,,,,,,,,,,,,,
2026-04-21,0.0,Martin Luther King Jr Hospital,39.6,24.0,0.0,0.09,0.0549,CA,WORKED,WORKED,2026-04-21 14:00:00,2026-04-21 22:30:00,2026-04-21 14:00:00,2026-04-21 14:00:00,,28800.0,28800.0,,,,,0.0,0.0,,,,,,,,
2026-04-22,0.0,Martin Luther King Jr Hospital,39.6,24.0,0.0,0.09,0.0549,CA,WORKED,WORKED,2026-04-22 14:00:00,2026-04-22 22:30:00,2026-04-22 14:00:00,2026-04-22 14:00:00,,28920.0,28920.0,,,,,0.0,0.0,,,,,,,,
2026-04-22,0.0,Martin Luther King Jr Hospital,39.6,24.0,0.0,0.09,0.0549,CA,WORKED,WORKED,2026-04-22 06:00:00,2026-04-22 14:30:00,2026-04-22 06:00:00,2026-04-22 06:00:00,,28800.0,28800.0,,,,,0.0,0.0,,,,,,,,
2026-04-22,0.0,Martin Luther King Jr Hospital,39.6,24.0,0.0,0.09,0.0549,CA,WORKED,WORKED,2026-04-22 07:00:00,2026-04-22 15:30:00,2026-04-22 07:00:00,2026-04-22 07:00:00,,28800.0,28800.0,,,,,0.0,0.0,,,,,,,,
2026-04-23,0.0,Martin Luther King Jr Hospital,39.6,24.0,0.0,0.09,0.0549,CA,WORKED,WORKED,2026-04-23 06:00:00,2026-04-23 14:30:00,2026-04-23 06:00:00,2026-04-23 06:00:00,,29700.0,29700.0,,,,,0.0,0.0,,,,,,,,
2026-04-23,0.0,Martin Luther King Jr Hospital,39.6,24.0,0.0,0.09,0.0549,CA,WORKED,WORKED,2026-04-23 07:00:00,2026-04-23 15:30:00,2026-04-23 06:55:00,2026-04-23 06:55:00,,28260.0,28260.0,,,,,0.0,0.0,,,,,,,,
2026-04-23,0.0,Martin Luther King Jr Hospital,39.6,24.0,0.0,0.09,0.0549,CA,WORKED,WORKED,2026-04-23 14:00:00,2026-04-23 22:30:00,2026-04-23 14:00:00,2026-04-23 14:00:00,,28920.0,28920.0,,,,,0.0,0.0,,,,,,,,
2026-04-24,0.0,Martin Luther King Jr Hospital,39.6,24.0,0.0,0.09,0.0549,CA,WORKED,WORKED,2026-04-24 07:00:00,2026-04-24 15:30:00,2026-04-24 07:00:00,2026-04-24 07:00:00,,28800.0,28800.0,,,,,0.0,0.0,,,,,,,,
2026-04-24,0.0,Martin Luther King Jr Hospital,39.6,24.0,0.0,0.09,0.0549,CA,WORKED,WORKED,2026-04-24 14:00:00,2026-04-24 22:30:00,2026-04-24 13:59:00,2026-04-24 13:59:00,,28800.0,28800.0,,,,,0.0,0.0,,,,,,,,
2026-04-24,0.0,Martin Luther King Jr Hospital,39.6,24.0,0.0,0.09,0.0549,CA,WORKED,WORKED,2026-04-24 06:00:00,2026-04-24 14:30:00,2026-04-24 06:00:00,2026-04-24 06:00:00,,28500.0,28500.0,,,,,0.0,0.0,,,,,,,,
2026-04-24,0.0,Martin Luther King Jr Hospital,39.6,24.0,0.0,0.09,0.0549,CA,WORKED,WORKED,2026-04-24 14:00:00,2026-04-24 22:30:00,2026-04-24 14:00:00,2026-04-24 14:00:00,,28800.0,28800.0,,,,,0.0,0.0,,,,,,,,
2026-04-25,0.0,Martin Luther King Jr Hospital,39.6,24.0,0.0,0.09,0.0549,CA,WORKED,WORKED,2026-04-25 14:00:00,2026-04-25 22:30:00,2026-04-25 14:00:00,2026-04-25 14:00:00,,28800.0,28800.0,,,,,0.0,0.0,,,,,,,,
2026-04-25,0.0,Martin Luther King Jr Hospital,39.6,24.0,0.0,0.09,0.0549,CA,WORKED,WORKED,2026-04-25 14:00:00,2026-04-25 22:30:00,2026-04-25 14:00:00,2026-04-25 14:00:00,,28980.0,28980.0,,,,,0.0,0.0,,,,,,,,
2026-04-26,0.0,Martin Luther King Jr Hospital,39.6,24.0,0.0,0.09,0.0549,CA,WORKED,WORKED,2026-04-26 14:00:00,2026-04-26 22:30:00,2026-04-26 14:00:00,2026-04-26 14:00:00,,28020.0,28020.0,,,,,0.0,0.0,,,,,,,,
2026-04-20,0.0,Masimo Technology Cafe,36.8,22.0,0.0,,0.0827,CA,WORKED,WORKED,2026-04-20 06:30:00,2026-04-20 15:00:00,2026-04-20 06:30:00,2026-04-20 06:30:00,,29040.0,29040.0,,,,,0.0,0.0,,,,,,,,
2026-04-21,0.0,Masimo Technology Cafe,36.8,22.0,0.0,,0.0827,CA,WORKED,WORKED,2026-04-21 06:00:00,2026-04-21 14:30:00,2026-04-21 06:00:00,2026-04-21 06:00:00,,28800.0,28800.0,,,,,0.0,0.0,,,,,,,,
2026-04-21,0.0,Masimo Technology Cafe,36.8,22.0,0.0,,0.0827,CA,WORKED,WORKED,2026-04-21 06:00:00,2026-04-21 14:30:00,2026-04-21 06:00:00,2026-04-21 06:00:00,,28800.0,28800.0,,,,,0.0,0.0,,,,,,,,
2026-04-22,0.0,MCP Catering,38.4,24.0,0.0,,0.0827,CA,WORKED,WORKED,2026-04-22 08:30:00,2026-04-22 15:00:00,2026-04-22 08:30:00,2026-04-22 08:30:00,,23400.0,23400.0,,,,,0.0,0.0,,,,,,,,
2026-04-22,0.0,MCP Catering,38.4,24.0,0.0,,0.0827,CA,WORKED,WORKED,2026-04-22 08:30:00,2026-04-22 15:00:00,2026-04-22 08:30:00,2026-04-22 08:30:00,,14400.0,14400.0,,,,,0.0,0.0,,,,,,,,
2026-04-22,0.0,Middleby Residential SoCal,35.2,22.0,0.0,,0.0827,CA,WORKED,WORKED,2026-04-22 11:00:00,2026-04-22 16:00:00,2026-04-22 11:00:00,2026-04-22 11:00:00,,18000.0,18000.0,,,,,0.0,0.0,,,,,,,,
2026-04-23,0.0,Middleby Residential SoCal,35.2,22.0,0.0,,0.0827,CA,WORKED,WORKED,2026-04-23 10:00:00,2026-04-23 15:00:00,2026-04-23 09:50:00,2026-04-23 09:50:00,EMPLOYEE,18300.0,18300.0,,,,,,,,,,,,,,
2026-04-24,0.0,Mosaic Hotel,39.0,25.0,0.0,,0.0827,CA,NOSHOW,NOSHOW,2026-04-24 06:30:00,2026-04-24 12:30:00,,,,0.0,0.0,,,,,,,,,,,,,,
2026-04-26,0.0,Mosaic Hotel,39.0,25.0,0.0,,0.0827,CA,SENTHOME,SENTHOME,2026-04-26 06:30:00,2026-04-26 13:00:00,2026-04-26 06:23:00,2026-04-26 06:23:00,,2640.0,2640.0,1.0,1.0,,,0.0,0.0,,,,,,,,
2026-04-25,0.0,Mount Saint Mary's University,38.5,24.0,0.0,0.12,0.0827,CA,WORKED,WORKED,2026-04-25 10:30:00,2026-04-25 19:00:00,2026-04-25 10:30:00,2026-04-25 10:30:00,,28800.0,28800.0,,,,,0.0,0.0,,,,,,,,
2026-04-26,0.0,Mount Saint Mary's University,38.5,24.0,0.0,0.12,0.0827,CA,WORKED,WORKED,2026-04-26 10:30:00,2026-04-26 19:00:00,2026-04-26 10:30:00,2026-04-26 10:30:00,,28800.0,28800.0,,,,,0.0,0.0,,,,,,,,
2026-04-20,0.0,NBC Universal,37.26,23.0,0.0,0.12,0.0827,CA,WORKED,WORKED,2026-04-20 11:00:00,2026-04-20 19:00:00,2026-04-20 11:00:00,2026-04-20 11:00:00,,27000.0,27000.0,,,,,0.0,0.0,,,,,,,,
2026-04-20,0.0,NBC Universal,37.26,23.0,0.0,0.12,0.0827,CA,WORKED,WORKED,2026-04-20 07:00:00,2026-04-20 15:00:00,2026-04-20 07:00:00,2026-04-20 07:00:00,,27000.0,27000.0,,,,,0.0,0.0,,,,,,,,
2026-04-20,0.0,NBC Universal,37.26,23.0,0.0,0.12,0.0827,CA,WORKED,WORKED,2026-04-20 11:00:00,2026-04-20 19:00:00,2026-04-20 11:00:00,2026-04-20 11:00:00,,27000.0,27000.0,,,,,0.0,0.0,,,,,,,,
2026-04-20,0.0,NBC Universal,37.26,23.0,0.0,0.12,0.0827,CA,WORKED,WORKED,2026-04-20 07:00:00,2026-04-20 15:00:00,2026-04-20 07:01:00,2026-04-20 07:01:00,EMPLOYEE,28860.0,27060.0,,,,,,,,,,,,,,
2026-04-20,0.0,NBC Universal,37.26,23.0,0.0,0.12,0.0827,CA,WORKED,WORKED,2026-04-20 07:00:00,2026-04-20 15:00:00,2026-04-20 07:00:00,2026-04-20 07:00:00,EMPLOYEE,29280.0,27480.0,,,,,,,,,,,,,,
2026-04-20,0.0,NBC Universal,37.26,23.0,0.0,0.12,0.0827,CA,WORKED,WORKED,2026-04-20 07:00:00,2026-04-20 15:00:00,2026-04-20 07:00:00,2026-04-20 07:00:00,,27000.0,27000.0,,,,,0.0,0.0,,,,,,,,
2026-04-20,0.0,NBC Universal,37.26,23.0,0.0,0.12,0.0827,CA,WORKED,WORKED,2026-04-20 07:00:00,2026-04-20 15:00:00,2026-04-20 07:07:00,2026-04-20 07:07:00,,26580.0,26580.0,,,,,0.0,0.0,,,,,,,,
2026-04-21,0.0,NBC Universal,37.26,23.0,0.0,0.12,0.0827,CA,WORKED,WORKED,2026-04-21 05:00:00,2026-04-21 12:00:00,2026-04-21 05:00:00,2026-04-21 05:00:00,,23400.0,23400.0,,,,,0.0,0.0,,,,,,,,
2026-04-21,0.0,NBC Universal,37.26,23.0,0.0,0.12,0.0827,CA,WORKED,WORKED,2026-04-21 13:00:00,2026-04-21 21:00:00,2026-04-21 13:00:00,2026-04-21 13:00:00,,28860.0,28860.0,,,,,0.0,0.0,,,,,,,,
2026-04-21,0.0,NBC Universal,37.26,23.0,0.0,0.12,0.0827,CA,WORKED,WORKED,2026-04-21 07:00:00,2026-04-21 15:30:00,2026-04-21 07:00:00,2026-04-21 07:00:00,,29700.0,29700.0,,,,,0.0,0.0,,,,,,,,
2026-04-21,0.0,NBC Universal,37.26,23.0,0.0,0.12,0.0827,CA,WORKED,WORKED,2026-04-21 06:00:00,2026-04-21 14:00:00,,2026-04-21 06:00:00,EMPLOYEE,0.0,27000.0,,,,,,,,,,,,,,
2026-04-21,0.0,NBC Universal,37.26,23.0,0.0,0.12,0.0827,CA,WORKED,WORKED,2026-04-21 06:00:00,2026-04-21 14:00:00,2026-04-21 06:16:00,2026-04-21 06:16:00,EMPLOYEE,26220.0,26280.0,,,,,,,,,,,,,,
2026-04-21,0.0,NBC Universal,37.26,23.0,0.0,0.12,0.0827,CA,WORKED,WORKED,2026-04-21 06:00:00,2026-04-21 14:00:00,2026-04-21 06:03:00,2026-04-21 06:03:00,,26880.0,26880.0,,,,,0.0,0.0,,,,,,,,
2026-04-21,0.0,NBC Universal,37.26,23.0,0.0,0.12,0.0827,CA,WORKED,WORKED,2026-04-21 13:00:00,2026-04-21 21:00:00,2026-04-21 13:00:00,2026-04-21 13:00:00,,23400.0,23400.0,,,,,0.0,0.0,,,,,,,,
2026-04-21,0.0,NBC Universal,37.26,23.0,0.0,0.12,0.0827,CA,WORKED,WORKED,2026-04-21 13:00:00,2026-04-21 21:00:00,2026-04-21 13:04:00,2026-04-21 13:04:00,EMPLOYEE,25020.0,23220.0,,,,,,,,,,,,,,
2026-04-21,0.0,NBC Universal,37.26,23.0,0.0,0.12,0.0827,CA,WORKED,WORKED,2026-04-21 06:00:00,2026-04-21 14:00:00,2026-04-21 06:00:00,2026-04-21 06:00:00,,27000.0,27000.0,,,,,0.0,0.0,,,,,,,,
2026-04-21,0.0,NBC Universal,37.26,23.0,0.0,0.12,0.0827,CA,WORKED,WORKED,2026-04-21 06:00:00,2026-04-21 14:00:00,2026-04-21 06:01:00,2026-04-21 06:01:00,,26880.0,26880.0,,,,,0.0,0.0,,,,,,,,
2026-04-21,0.0,NBC Universal,37.26,23.0,0.0,0.12,0.0827,CA,WORKED,WORKED,2026-04-21 13:00:00,2026-04-21 21:00:00,2026-04-21 12:49:00,2026-04-21 12:49:00,EMPLOYEE,26160.0,26160.0,,,,,,,,,,,,,,
2026-04-21,0.0,NBC Universal,37.26,23.0,0.0,0.12,0.0827,CA,WORKED,WORKED,2026-04-21 13:00:00,2026-04-21 21:00:00,2026-04-21 13:00:00,2026-04-21 13:00:00,,23400.0,23400.0,,,,,0.0,0.0,,,,,,,,
2026-04-22,0.0,NBC Universal,37.26,23.0,0.0,0.12,0.0827,CA,WORKED,WORKED,2026-04-22 05:00:00,2026-04-22 13:00:00,2026-04-22 05:00:00,2026-04-22 05:00:00,,34020.0,34020.0,,,,,0.0,0.0,,,,,,,,
2026-04-22,0.0,NBC Universal,37.26,23.0,0.0,0.12,0.0827,CA,WORKED,WORKED,2026-04-22 05:00:00,2026-04-22 13:00:00,2026-04-22 06:00:00,2026-04-22 06:00:00,,27900.0,27900.0,,,,,0.0,0.0,,,,,,,,
2026-04-22,0.0,NBC Universal,37.26,23.0,0.0,0.12,0.0827,CA,WORKED,WORKED,2026-04-22 11:00:00,2026-04-22 19:30:00,2026-04-22 11:00:00,2026-04-22 11:00:00,,30600.0,30600.0,,,,,0.0,0.0,,,,,,,,
2026-04-22,0.0,NBC Universal,37.26,23.0,0.0,0.12,0.0827,CA,WORKED,WORKED,2026-04-22 07:00:00,2026-04-22 15:30:00,2026-04-22 07:00:00,2026-04-22 07:00:00,,30600.0,30600.0,,,,,0.0,0.0,,,,,,,,
2026-04-22,0.0,NBC Universal,37.26,23.0,0.0,0.12,0.0827,CA,WORKED,WORKED,2026-04-22 05:00:00,2026-04-22 13:00:00,2026-04-22 05:10:00,2026-04-22 05:10:00,,26400.0,26400.0,,,,,0.0,0.0,,,,,,,,
2026-04-22,0.0,NBC Universal,37.26,23.0,0.0,0.12,0.0827,CA,WORKED,WORKED,2026-04-22 05:00:00,2026-04-22 13:00:00,2026-04-22 05:00:00,2026-04-22 05:00:00,,27000.0,27000.0,,,,,0.0,0.0,,,,,,,,
2026-04-22,0.0,NBC Universal,37.26,23.0,0.0,0.12,0.0827,CA,WORKED,WORKED,2026-04-22 11:00:00,2026-04-22 19:30:00,2026-04-22 11:00:00,2026-04-22 11:00:00,,28860.0,28860.0,,,,,0.0,0.0,,,,,,,,
2026-04-22,0.0,NBC Universal,37.26,23.0,0.0,0.12,0.0827,CA,WORKED,WORKED,2026-04-22 11:00:00,2026-04-22 19:30:00,2026-04-22 11:30:00,2026-04-22 11:30:00,,27060.0,27060.0,,,,,0.0,0.0,,,,,,,,
2026-04-23,0.0,NBC Universal,37.26,23.0,0.0,0.12,0.0827,CA,WORKED,WORKED,2026-04-23 07:00:00,2026-04-23 15:30:00,2026-04-23 06:20:00,2026-04-23 06:20:00,,28200.0,28200.0,,,,,0.0,0.0,,,,,,,,
2026-04-23,0.0,NBC Universal,37.26,25.0,0.0,0.12,0.0827,CA,WORKED,WORKED,2026-04-23 07:00:00,2026-04-23 15:00:00,2026-04-23 07:00:00,2026-04-23 07:00:00,,27840.0,27840.0,0.0,0.0,,,0.0,0.0,,,,,,,,
2026-04-23,0.0,NBC Universal,37.26,25.0,0.0,0.12,0.0827,CA,WORKED,WORKED,2026-04-23 07:00:00,2026-04-23 15:00:00,2026-04-23 10:30:00,2026-04-23 10:30:00,,17100.0,17100.0,,,,,0.0,0.0,,,,,,,,
2026-04-23,0.0,NBC Universal,37.26,25.0,0.0,0.12,0.0827,CA,WORKED,WORKED,2026-04-23 07:00:00,2026-04-23 15:00:00,2026-04-23 07:00:00,2026-04-23 07:00:00,,27000.0,27000.0,,,,,0.0,0.0,,,,,,,,
2026-04-23,0.0,NBC Universal,37.26,25.0,0.0,0.12,0.0827,CA,NOSHOW,NOSHOW,2026-04-23 07:00:00,2026-04-23 15:00:00,,,,0.0,0.0,,,,,,,,,,,,,,
2026-04-25,0.0,NBC Universal,37.26,25.0,0.0,0.12,0.0827,CA,WORKED,WORKED,2026-04-25 14:00:00,2026-04-25 22:00:00,2026-04-25 14:00:00,2026-04-25 14:00:00,,27000.0,27000.0,,,,,0.0,0.0,,,,,,,,
2026-04-25,0.0,NBC Universal,37.26,23.0,0.0,0.12,0.0827,CA,WORKED,WORKED,2026-04-25 14:00:00,2026-04-25 22:00:00,2026-04-25 14:00:00,2026-04-25 14:00:00,,25080.0,25080.0,,,,,0.0,0.0,,,,,,,,
2026-04-25,0.0,NBC Universal,37.26,25.0,0.0,0.12,0.0827,CA,WORKED,WORKED,2026-04-25 14:00:00,2026-04-25 22:00:00,2026-04-25 14:52:00,2026-04-25 14:52:00,EMPLOYEE,22680.0,20880.0,,,,,,,,,,,,,,
2026-04-25,0.0,NBC Universal,37.26,25.0,0.0,0.12,0.0827,CA,WORKED,WORKED,2026-04-25 14:00:00,2026-04-25 22:00:00,2026-04-25 14:00:00,2026-04-25 14:00:00,EMPLOYEE,23460.0,23400.0,,,,,,,,,,,,,,
2026-04-25,0.0,NBC Universal,37.26,25.0,0.0,0.12,0.0827,CA,WORKED,WORKED,2026-04-25 14:00:00,2026-04-25 22:00:00,2026-04-25 14:00:00,2026-04-25 14:00:00,EMPLOYEE,26100.0,24300.0,,,,,,,,,,,,,,
2026-04-25,0.0,NBC Universal,37.26,25.0,0.0,0.12,0.0827,CA,WORKED,WORKED,2026-04-25 14:00:00,2026-04-25 22:00:00,2026-04-25 13:59:00,2026-04-25 13:59:00,,24420.0,24420.0,,,,,0.0,0.0,,,,,,,,
2026-04-25,0.0,NBC Universal,37.26,25.0,0.0,0.12,0.0827,CA,WORKED,WORKED,2026-04-25 14:00:00,2026-04-25 22:00:00,2026-04-25 14:18:00,2026-04-25 14:18:00,EMPLOYEE,24840.0,23040.0,,,,,,,,,,,,,,
2026-04-25,0.0,NBC Universal,37.26,23.0,0.0,0.12,0.0827,CA,WORKED,WORKED,2026-04-25 14:00:00,2026-04-25 22:00:00,2026-04-25 14:00:00,2026-04-25 14:00:00,,24300.0,24300.0,,,,,0.0,0.0,,,,,,,,
2026-04-25,0.0,NBC Universal,37.26,25.0,0.0,0.12,0.0827,CA,WORKED,WORKED,2026-04-25 14:00:00,2026-04-25 22:00:00,2026-04-25 13:59:00,2026-04-25 13:59:00,EMPLOYEE,26160.0,24360.0,,,,,,,,,,,,,,
2026-04-25,0.0,NBC Universal,37.26,23.0,0.0,0.12,0.0827,CA,WORKED,WORKED,2026-04-25 14:00:00,2026-04-25 22:00:00,2026-04-25 14:00:00,2026-04-25 14:00:00,,24300.0,24300.0,,,,,0.0,0.0,,,,,,,,
2026-04-25,0.0,NBC Universal,37.26,25.0,0.0,0.12,0.0827,CA,WORKED,WORKED,2026-04-25 14:00:00,2026-04-25 22:00:00,2026-04-25 14:00:00,2026-04-25 14:00:00,,24240.0,24240.0,,,,,0.0,0.0,,,,,,,,
2026-04-25,0.0,NBC Universal,32.4,20.0,0.0,0.12,0.0827,CA,WORKED,WORKED,2026-04-25 16:00:00,2026-04-26 00:00:00,2026-04-25 16:00:00,2026-04-25 16:00:00,,27900.0,27900.0,,,,,0.0,0.0,,,,,,,,
2026-04-25,0.0,NBC Universal,37.26,25.0,0.0,0.12,0.0827,CA,WORKED,WORKED,2026-04-25 14:00:00,2026-04-25 22:00:00,2026-04-25 13:59:00,2026-04-25 13:59:00,,24660.0,24660.0,,,,,0.0,0.0,,,,,,,,
2026-04-25,0.0,NBC Universal,37.26,25.0,0.0,0.12,0.0827,CA,WORKED,WORKED,2026-04-25 14:00:00,2026-04-25 22:00:00,2026-04-25 14:00:00,2026-04-25 14:00:00,,24480.0,24480.0,,,,,0.0,0.0,,,,,,,,
2026-04-26,0.0,NBC Universal,37.26,25.0,0.0,0.12,0.0827,CA,WORKED,WORKED,2026-04-26 11:00:00,2026-04-26 19:00:00,2026-04-26 11:00:00,2026-04-26 11:00:00,EMPLOYEE,26640.0,24840.0,,,,,,,,,,,,,,
2026-04-26,0.0,NBC Universal,37.26,25.0,0.0,0.12,0.0827,CA,WORKED,WORKED,2026-04-26 11:00:00,2026-04-26 19:00:00,2026-04-26 18:30:00,2026-04-26 11:00:00,EMPLOYEE,60.0,25200.0,,,,,,,,,,,,,,
2026-04-26,0.0,NBC Universal,37.26,25.0,0.0,0.12,0.0827,CA,WORKED,WORKED,2026-04-26 11:00:00,2026-04-26 19:00:00,2026-04-26 11:00:00,2026-04-26 11:00:00,,25200.0,25200.0,,,,,0.0,0.0,,,,,,,,
2026-04-26,0.0,NBC Universal,37.26,25.0,0.0,0.12,0.0827,CA,WORKED,WORKED,2026-04-26 11:00:00,2026-04-26 19:00:00,2026-04-26 12:01:00,2026-04-26 11:00:00,EMPLOYEE,22860.0,24720.0,,,,,1.0,1.0,,,,,,,,
2026-04-26,0.0,NBC Universal,37.26,25.0,0.0,0.12,0.0827,CA,WORKED,WORKED,2026-04-26 11:00:00,2026-04-26 19:00:00,2026-04-26 11:00:00,2026-04-26 11:00:00,,24720.0,24720.0,,,,,0.0,0.0,,,,,,,,
2026-04-26,0.0,NBC Universal,37.26,25.0,0.0,0.12,0.0827,CA,WORKED,WORKED,2026-04-26 11:00:00,2026-04-26 19:00:00,2026-04-26 10:59:00,2026-04-26 10:59:00,,24420.0,24420.0,,,,,0.0,0.0,,,,,,,,
2026-04-26,0.0,NBC Universal,37.26,25.0,0.0,0.12,0.0827,CA,WORKED,WORKED,2026-04-26 11:00:00,2026-04-26 19:00:00,2026-04-26 10:56:00,2026-04-26 10:56:00,,25680.0,25680.0,,,,,0.0,0.0,,,,,,,,
2026-04-26,0.0,NBC Universal,37.26,25.0,0.0,0.12,0.0827,CA,WORKED,WORKED,2026-04-26 11:00:00,2026-04-26 19:00:00,2026-04-26 10:56:00,2026-04-26 10:56:00,EMPLOYEE,26160.0,25140.0,,,,,,,,,,,,,,
2026-04-26,0.0,NBC Universal,37.26,25.0,0.0,0.12,0.0827,CA,WORKED,WORKED,2026-04-26 11:00:00,2026-04-26 19:00:00,2026-04-26 10:56:00,2026-04-26 10:56:00,,27240.0,27240.0,,,,,0.0,0.0,,,,,,,,
2026-04-26,0.0,NBC Universal,37.26,25.0,0.0,0.12,0.0827,CA,WORKED,WORKED,2026-04-26 11:00:00,2026-04-26 19:00:00,2026-04-26 10:38:00,2026-04-26 10:38:00,EMPLOYEE,28140.0,26340.0,,,,,,,,,,,,,,
2026-04-20,0.0,Netflix,34.02,22.68,0.0,0.12,0.0827,CA,WORKED,WORKED,2026-04-20 10:30:00,2026-04-20 19:00:00,2026-04-20 10:30:00,2026-04-20 10:30:00,,25200.0,25200.0,,,,,0.0,0.0,,,,,,,,
2026-04-20,0.0,Netflix,34.02,22.68,0.0,0.12,0.0827,CA,WORKED,WORKED,2026-04-20 08:00:00,2026-04-20 15:30:00,2026-04-20 07:58:00,2026-04-20 07:58:00,EMPLOYEE,23460.0,23520.0,,,,,,,,,,,,,,
2026-04-21,0.0,Netflix,34.02,22.68,0.0,0.12,0.0827,CA,WORKED,WORKED,2026-04-21 07:00:00,2026-04-21 15:00:00,2026-04-21 07:00:00,2026-04-21 07:00:00,,27120.0,27120.0,,,,,0.0,0.0,,,,,,,,
2026-04-23,0.0,Netflix,34.02,22.68,0.0,0.12,0.0827,CA,WORKED,WORKED,2026-04-23 15:30:00,2026-04-23 19:30:00,2026-04-23 15:30:00,2026-04-23 15:30:00,,13800.0,13800.0,,,,,0.0,0.0,,,,,,,,
2026-04-23,0.0,Netflix,34.02,22.68,0.0,0.12,0.0827,CA,WORKED,WORKED,2026-04-23 06:00:00,2026-04-23 14:30:00,2026-04-23 06:00:00,2026-04-23 06:00:00,,28800.0,28800.0,,,,,0.0,0.0,,,,,,,,
2026-04-23,0.0,Netflix,32.4,21.6,0.0,0.12,0.0827,CA,WORKED,WORKED,2026-04-23 10:45:00,2026-04-23 15:30:00,2026-04-23 10:56:00,2026-04-23 10:56:00,,16740.0,16740.0,,,,,0.0,0.0,,,,,,,,
2026-04-20,0.0,New West Charter School,35.3,22.0,0.0,,0.0216,CA,WORKED,WORKED,2026-04-20 08:00:00,2026-04-20 13:00:00,2026-04-20 08:00:00,2026-04-20 08:00:00,,18000.0,18000.0,,,,,0.0,0.0,,,,,,,,
2026-04-21,0.0,New West Charter School,35.3,22.0,0.0,,0.0216,CA,WORKED,WORKED,2026-04-21 08:00:00,2026-04-21 13:00:00,2026-04-21 08:00:00,2026-04-21 08:00:00,,18000.0,18000.0,,,,,0.0,0.0,,,,,,,,
2026-04-22,0.0,Newport Harbor Yacht Club,30.0,20.0,0.0,,0.1115,CA,WORKED,WORKED,2026-04-22 07:00:00,2026-04-22 15:00:00,2026-04-22 07:00:00,2026-04-22 07:00:00,,27540.0,27540.0,,,,,0.0,0.0,,,,,,,,
2026-04-23,0.0,Newport Harbor Yacht Club,30.0,20.0,0.0,,0.1115,CA,WORKED,WORKED,2026-04-23 07:00:00,2026-04-23 15:00:00,2026-04-23 07:00:00,2026-04-23 07:00:00,,27600.0,27600.0,,,,,0.0,0.0,,,,,,,,
2026-04-24,0.0,Newport Harbor Yacht Club,34.0,22.0,0.0,,0.1115,CA,WORKED,WORKED,2026-04-24 10:00:00,2026-04-24 16:00:00,2026-04-24 09:53:00,2026-04-24 09:53:00,EMPLOYEE,22080.0,20280.0,,,,,,,,,,,,,,
2026-04-24,0.0,Newport Harbor Yacht Club,34.0,22.0,0.0,,0.1115,CA,WORKED,WORKED,2026-04-24 10:00:00,2026-04-24 16:00:00,2026-04-24 09:56:00,2026-04-24 09:56:00,EMPLOYEE,21960.0,21960.0,,,,,,,,,,,,,,
2026-04-24,0.0,Newport Harbor Yacht Club,30.0,20.0,0.0,,0.1115,CA,WORKED,WORKED,2026-04-24 07:00:00,2026-04-24 15:00:00,2026-04-24 07:06:00,2026-04-24 07:06:00,,27540.0,27540.0,,,,,0.0,0.0,,,,,,,,
2026-04-24,0.0,Newport Harbor Yacht Club,34.0,22.0,0.0,,0.1115,CA,WORKED,WORKED,2026-04-24 10:00:00,2026-04-24 16:00:00,2026-04-24 09:58:00,2026-04-24 09:58:00,EMPLOYEE,21900.0,21900.0,,,,,,,,,,,,,,
2026-04-24,0.0,Newport Harbor Yacht Club,34.0,22.0,0.0,,0.1115,CA,WORKED,WORKED,2026-04-24 10:00:00,2026-04-24 16:00:00,2026-04-24 10:00:00,2026-04-24 10:00:00,,21600.0,21600.0,,,,,0.0,0.0,,,,,,,,
2026-04-24,0.0,Newport Harbor Yacht Club,34.0,22.0,0.0,,0.1115,CA,WORKED,WORKED,2026-04-24 10:00:00,2026-04-24 16:00:00,2026-04-24 10:24:00,2026-04-24 10:24:00,,21960.0,21960.0,,,,,0.0,0.0,,,,,,,,
2026-04-24,0.0,Newport Harbor Yacht Club,34.0,22.0,0.0,,0.1115,CA,WORKED,WORKED,2026-04-24 10:00:00,2026-04-24 16:00:00,2026-04-24 09:52:00,2026-04-24 09:52:00,,22140.0,22140.0,,,,,0.0,0.0,,,,,,,,
2026-04-25,0.0,Newport Harbor Yacht Club,30.0,20.0,0.0,,0.1115,CA,WORKED,WORKED,2026-04-25 07:00:00,2026-04-25 15:00:00,2026-04-25 07:00:00,2026-04-25 07:00:00,,27000.0,27000.0,,,,,0.0,0.0,,,,,,,,
2026-04-26,0.0,Newport Harbor Yacht Club,30.0,20.0,0.0,,0.1115,CA,WORKED,WORKED,2026-04-26 07:00:00,2026-04-26 15:00:00,2026-04-26 07:00:00,2026-04-26 07:00:00,,27000.0,27000.0,,,,,0.0,0.0,,,,,,,,
2026-04-20,0.0,NFL LA Huddle Cafe,32.4,20.0,0.0,0.12,0.0827,CA,WORKED,WORKED,2026-04-20 07:30:00,2026-04-20 16:00:00,2026-04-20 08:30:00,2026-04-20 08:30:00,,15780.0,15780.0,,,,,0.0,0.0,,,,,,,,
2026-04-21,0.0,NFL LA Huddle Cafe,32.4,20.0,0.0,0.12,0.0827,CA,WORKED,WORKED,2026-04-21 07:30:00,2026-04-21 16:00:00,2026-04-21 07:31:00,2026-04-21 07:31:00,,30300.0,30300.0,,,,,0.0,0.0,,,,,,,,
2026-04-21,0.0,NFL LA Huddle Cafe,37.26,23.0,0.0,0.12,0.0827,CA,WORKED,WORKED,2026-04-21 07:30:00,2026-04-21 16:00:00,2026-04-21 07:30:00,2026-04-21 07:30:00,,28800.0,28800.0,,,,,0.0,0.0,,,,,,,,
2026-04-22,0.0,NFL LA Huddle Cafe,37.26,23.0,0.0,0.12,0.0827,CA,WORKED,WORKED,2026-04-22 07:00:00,2026-04-22 15:00:00,2026-04-22 07:00:00,2026-04-22 07:00:00,,28980.0,28980.0,,,,,0.0,0.0,,,,,,,,
2026-04-22,0.0,NFL LA Huddle Cafe,32.4,20.0,0.0,0.12,0.0827,CA,WORKED,WORKED,2026-04-22 07:30:00,2026-04-22 16:00:00,2026-04-22 07:30:00,2026-04-22 07:30:00,,30000.0,30000.0,,,,,0.0,0.0,,,,,,,,
2026-04-23,0.0,NFL LA Huddle Cafe,32.4,20.0,0.0,0.12,0.0827,CA,WORKED,WORKED,2026-04-23 07:30:00,2026-04-23 16:00:00,2026-04-23 07:50:00,2026-04-23 07:50:00,,27720.0,27720.0,,,,,0.0,0.0,,,,,,,,
2026-04-24,0.0,NFL LA Huddle Cafe,32.4,20.0,0.0,0.12,0.0827,CA,WORKED,WORKED,2026-04-24 10:00:00,2026-04-24 18:30:00,2026-04-24 10:01:00,2026-04-24 10:01:00,,28740.0,28740.0,0.0,0.0,,,0.0,0.0,,,,,,,,
2026-04-24,0.0,NORR Kitchen,64.0,40.0,0.0,,0.0827,CA,WORKED,WORKED,2026-04-24 09:30:00,2026-04-24 13:30:00,2026-04-24 09:30:00,2026-04-24 09:30:00,,14400.0,14400.0,0.0,0.0,,,0.0,0.0,,,,,,,,
2026-04-25,0.0,NORR Kitchen,64.0,40.0,0.0,,0.0827,CA,SENTHOME,SENTHOME,2026-04-25 07:00:00,2026-04-26 11:00:00,2026-04-25 07:00:00,2026-04-25 07:00:00,,14400.0,14400.0,1.0,1.0,,,0.0,0.0,,,,,,,,
2026-04-26,0.0,NORR Kitchen,64.0,40.0,0.0,,0.0827,CA,WORKED,WORKED,2026-04-26 07:00:00,2026-04-26 11:00:00,2026-04-26 07:00:00,2026-04-26 07:00:00,,17700.0,17700.0,,,,,0.0,0.0,,,,,,,,
2026-04-20,0.0,Oak View Group at Pasadena Convention Center,26.0,19.0,0.0,0.0,0.0827,CA,WORKED,WORKED,2026-04-20 07:00:00,2026-04-20 15:30:00,2026-04-20 06:58:00,2026-04-20 06:58:00,,28980.0,28980.0,,,,,0.0,0.0,,,,,,,,
2026-04-20,0.0,Oak View Group at Pasadena Convention Center,26.0,19.0,0.0,0.0,0.0827,CA,WORKED,WORKED,2026-04-20 07:00:00,2026-04-20 15:30:00,2026-04-20 07:12:00,2026-04-20 07:12:00,,28260.0,28260.0,,,,,0.0,0.0,,,,,,,,
2026-04-20,0.0,Oak View Group at Pasadena Convention Center,26.0,19.0,0.0,0.0,0.0827,CA,WORKED,WORKED,2026-04-20 07:00:00,2026-04-20 15:30:00,2026-04-20 07:15:00,2026-04-20 07:15:00,,28800.0,28800.0,,,,,0.0,0.0,,,,,,,,
2026-04-21,0.0,Oak View Group at Pasadena Convention Center,26.0,19.0,0.0,0.0,0.0827,CA,WORKED,WORKED,2026-04-21 07:00:00,2026-04-21 15:30:00,2026-04-21 07:30:00,2026-04-21 07:30:00,,27420.0,27420.0,,,,,0.0,0.0,,,,,,,,
2026-04-21,0.0,Oak View Group at Pasadena Convention Center,26.0,19.0,0.0,0.0,0.0827,CA,WORKED,WORKED,2026-04-21 07:00:00,2026-04-21 15:30:00,2026-04-21 07:00:00,2026-04-21 07:00:00,,28920.0,28920.0,,,,,0.0,0.0,,,,,,,,
2026-04-21,0.0,Oak View Group at Pasadena Convention Center,26.0,19.0,0.0,0.0,0.0827,CA,WORKED,WORKED,2026-04-21 07:00:00,2026-04-21 15:30:00,2026-04-21 07:00:00,2026-04-21 07:00:00,,27000.0,27000.0,,,,,0.0,0.0,,,,,,,,
2026-04-23,0.0,Oak View Group at Pasadena Convention Center,26.0,19.0,0.0,0.0,0.0827,CA,WORKED,WORKED,2026-04-23 07:00:00,2026-04-23 15:30:00,2026-04-23 07:00:00,2026-04-23 06:58:00,CLIENT,28200.0,28320.0,,,,,,,,,,,,,,
2026-04-24,0.0,Oak View Group at Pasadena Convention Center,27.75,21.0,0.0,0.0,0.0827,CA,WORKED,WORKED,2026-04-24 10:00:00,2026-04-24 15:30:00,2026-04-24 10:00:00,2026-04-24 10:00:00,,14400.0,14400.0,,,,,0.0,0.0,,,,,,,,
2026-04-24,0.0,Oak View Group at Pasadena Convention Center,27.75,21.0,0.0,0.0,0.0827,CA,WORKED,WORKED,2026-04-24 10:00:00,2026-04-24 15:30:00,2026-04-24 10:10:00,,CLIENT,13800.0,0.0,,,,,,,,,,,,,,
2026-04-24,0.0,Oak View Group at Pasadena Convention Center,27.75,21.0,0.0,0.0,0.0827,CA,WORKED,WORKED,2026-04-24 10:00:00,2026-04-24 15:30:00,2026-04-24 09:56:00,2026-04-24 09:56:00,,14520.0,14520.0,,,,,,,,,,,,,,
2026-04-24,0.0,Oak View Group at Pasadena Convention Center,27.75,21.0,0.0,0.0,0.0827,CA,WORKED,WORKED,2026-04-24 10:00:00,2026-04-24 15:30:00,2026-04-24 10:00:00,2026-04-24 10:00:00,,19440.0,19440.0,,,,,0.0,0.0,,,,,,,,
2026-04-24,0.0,Oak View Group at Pasadena Convention Center,27.75,21.0,0.0,0.0,0.0827,CA,WORKED,WORKED,2026-04-24 10:00:00,2026-04-24 15:30:00,2026-04-24 10:00:00,2026-04-24 09:56:00,CLIENT,14400.0,14640.0,,,,,,,,,,,,,,
2026-04-24,0.0,Oak View Group at Pasadena Convention Center,27.75,21.0,0.0,0.0,0.0827,CA,WORKED,WORKED,2026-04-24 10:00:00,2026-04-24 15:30:00,2026-04-24 10:13:00,2026-04-24 10:13:00,EMPLOYEE,13320.0,13620.0,,,,,,,,,,,,,,
2026-04-24,0.0,Oak View Group at Pasadena Convention Center,27.75,21.0,0.0,0.0,0.0827,CA,WORKED,WORKED,2026-04-24 10:00:00,2026-04-24 15:30:00,2026-04-24 10:00:00,2026-04-24 10:00:00,,14400.0,14400.0,,,,,0.0,0.0,,,,,,,,
2026-04-24,0.0,Oak View Group at Pasadena Convention Center,27.75,21.0,0.0,0.0,0.0827,CA,WORKED,WORKED,2026-04-24 10:00:00,2026-04-24 15:30:00,2026-04-24 10:00:00,2026-04-24 10:00:00,,14400.0,14400.0,,,,,0.0,0.0,,,,,,,,
2026-04-24,0.0,Oak View Group at Pasadena Convention Center,26.0,19.0,0.0,0.0,0.0827,CA,WORKED,WORKED,2026-04-24 07:00:00,2026-04-24 15:30:00,2026-04-24 07:00:00,2026-04-24 07:00:00,,28800.0,28800.0,,,,,0.0,0.0,,,,,,,,
2026-04-24,0.0,Oak View Group at Pasadena Convention Center,27.75,21.0,0.0,0.0,0.0827,CA,WORKED,WORKED,2026-04-24 10:00:00,2026-04-24 15:30:00,2026-04-24 09:57:00,2026-04-24 09:57:00,,14400.0,14400.0,,,,,0.0,0.0,,,,,,,,
2026-04-24,0.0,Oak View Group at Pasadena Convention Center,27.75,21.0,0.0,0.0,0.0827,CA,WORKED,WORKED,2026-04-24 10:00:00,2026-04-24 15:30:00,2026-04-24 10:00:00,2026-04-24 10:00:00,,14760.0,14760.0,,,,,0.0,0.0,,,,,,,,
2026-04-24,0.0,Oak View Group at Pasadena Convention Center,27.75,21.0,0.0,0.0,0.0827,CA,WORKED,WORKED,2026-04-24 10:00:00,2026-04-24 15:30:00,2026-04-24 10:00:00,2026-04-24 09:54:00,CLIENT,14400.0,14280.0,,,,,,,,,,,,,,
2026-04-24,0.0,Oak View Group at Pasadena Convention Center,27.75,21.0,0.0,0.0,0.0827,CA,WORKED,WORKED,2026-04-24 10:00:00,2026-04-24 15:30:00,2026-04-24 09:55:00,2026-04-24 09:55:00,,15120.0,15120.0,,,,,0.0,0.0,,,,,,,,
2026-04-24,0.0,Oak View Group at Pasadena Convention Center,27.75,21.0,0.0,0.0,0.0827,CA,WORKED,WORKED,2026-04-24 10:00:00,2026-04-24 15:30:00,2026-04-24 09:56:00,2026-04-24 09:56:00,,14640.0,14640.0,,,,,0.0,0.0,,,,,,,,
2026-04-24,0.0,Oak View Group at Pasadena Convention Center,27.75,21.0,0.0,0.0,0.0827,CA,WORKED,WORKED,2026-04-24 10:00:00,2026-04-24 15:30:00,2026-04-24 10:15:00,2026-04-24 10:15:00,,13500.0,13500.0,,,,,0.0,0.0,,,,,,,,
2026-04-24,0.0,Oak View Group at Pasadena Convention Center,27.75,21.0,0.0,0.0,0.0827,CA,WORKED,WORKED,2026-04-24 10:00:00,2026-04-24 15:30:00,2026-04-24 10:00:00,2026-04-24 10:00:00,,14760.0,14760.0,,,,,0.0,0.0,,,,,,,,
2026-04-24,0.0,Oak View Group at Pasadena Convention Center,27.75,21.0,0.0,0.0,0.0827,CA,WORKED,WORKED,2026-04-24 10:00:00,2026-04-24 15:30:00,2026-04-24 10:00:00,2026-04-24 10:00:00,,14400.0,14400.0,,,,,0.0,0.0,,,,,,,,
2026-04-24,0.0,Oak View Group at Pasadena Convention Center,27.75,21.0,0.0,0.0,0.0827,CA,WORKED,WORKED,2026-04-24 10:00:00,2026-04-24 15:30:00,2026-04-24 10:00:00,2026-04-24 09:52:00,CLIENT,14520.0,15000.0,,,,,,,,,,,,,,
2026-04-24,0.0,Oak View Group at Pasadena Convention Center,27.75,21.0,0.0,0.0,0.0827,CA,WORKED,WORKED,2026-04-24 10:00:00,2026-04-24 15:30:00,2026-04-24 10:00:00,2026-04-24 09:56:00,CLIENT,14400.0,14340.0,,,,,,,,,,,,,,
2026-04-24,0.0,Oak View Group at Pasadena Convention Center,27.75,21.0,0.0,0.0,0.0827,CA,NOSHOW,NOSHOW,2026-04-24 10:00:00,2026-04-24 15:30:00,,,,0.0,0.0,,,,,,,,,,,,,,
2026-04-24,0.0,Oak View Group at Pasadena Convention Center,27.75,21.0,0.0,0.0,0.0827,CA,WORKED,WORKED,2026-04-24 10:00:00,2026-04-24 15:30:00,2026-04-24 10:00:00,2026-04-24 10:00:00,,14640.0,14640.0,,,,,0.0,0.0,,,,,,,,
2026-04-24,0.0,Oak View Group at Pasadena Convention Center,27.75,21.0,0.0,0.0,0.0827,CA,WORKED,WORKED,2026-04-24 10:00:00,2026-04-24 15:30:00,2026-04-24 10:00:00,2026-04-24 09:53:00,CLIENT,14400.0,13920.0,,,,,,,,,,,,,,
2026-04-24,0.0,Oak View Group at Pasadena Convention Center,27.75,21.0,0.0,0.0,0.0827,CA,WORKED,WORKED,2026-04-24 10:00:00,2026-04-24 15:30:00,2026-04-24 10:00:00,2026-04-24 10:00:00,,14400.0,14400.0,,,,,0.0,0.0,,,,,,,,
2026-04-26,0.0,Occidental College,34.5,23.0,0.0,,0.1215,CA,WORKED,WORKED,2026-04-26 11:30:00,2026-04-26 20:00:00,2026-04-26 11:29:00,2026-04-26 11:29:00,,29640.0,29640.0,,,,,0.0,0.0,,,,,,,,
2026-04-26,0.0,Occidental College,31.5,21.0,0.0,,0.1215,CA,WORKED,WORKED,2026-04-26 15:00:00,2026-04-26 22:00:00,2026-04-26 15:00:00,2026-04-26 15:00:00,EMPLOYEE,21900.0,21900.0,,,,,,,,,,,,,,
2026-04-26,0.0,Occidental College,34.5,23.0,0.0,,0.1215,CA,WORKED,WORKED,2026-04-26 11:30:00,2026-04-26 20:00:00,2026-04-26 11:30:00,2026-04-26 11:30:00,,28800.0,28800.0,,,,,0.0,0.0,,,,,,,,
2026-04-26,0.0,Occidental College,31.5,21.0,0.0,,0.1215,CA,WORKED,WORKED,2026-04-26 15:00:00,2026-04-26 22:00:00,2026-04-26 15:00:00,2026-04-26 15:00:00,EMPLOYEE,21840.0,21840.0,,,,,,,,,,,,,,
2026-04-21,0.0,Park Place Plaza,33.44,22.0,0.0,0.12,0.0827,CA,WORKED,WORKED,2026-04-21 07:00:00,2026-04-21 14:00:00,2026-04-21 07:14:00,2026-04-21 07:14:00,,27960.0,27960.0,,,,,0.0,0.0,,,,,,,,
2026-04-22,0.0,Park Place Plaza,33.44,22.0,0.0,0.12,0.0827,CA,WORKED,WORKED,2026-04-22 08:00:00,2026-04-22 13:30:00,2026-04-22 07:44:00,2026-04-22 07:44:00,,21600.0,21600.0,,,,,0.0,0.0,,,,,,,,
2026-04-22,0.0,Park Place Plaza,33.44,22.0,0.0,0.12,0.0827,CA,WORKED,WORKED,2026-04-22 07:00:00,2026-04-22 14:00:00,2026-04-22 06:00:00,2026-04-22 06:00:00,,28860.0,28860.0,,,,,0.0,0.0,,,,,,,,
2026-04-23,0.0,Park Place Plaza,33.44,22.0,0.0,0.12,0.0827,CA,WORKED,WORKED,2026-04-23 07:00:00,2026-04-23 14:00:00,2026-04-23 06:00:00,2026-04-23 06:00:00,,28800.0,28800.0,,,,,0.0,0.0,,,,,,,,
2026-04-24,0.0,Park Place Plaza,33.44,22.0,0.0,0.12,0.0827,CA,WORKED,WORKED,2026-04-24 07:00:00,2026-04-24 15:30:00,2026-04-24 06:00:00,2026-04-24 06:00:00,,29100.0,29100.0,,,,,0.0,0.0,,,,,,,,
2026-04-20,0.0,People Assisting the Homeless,34.5,23.0,0.0,,0.0827,CA,WORKED,WORKED,2026-04-20 05:00:00,2026-04-20 13:30:00,2026-04-20 04:45:00,2026-04-20 04:45:00,,30900.0,30900.0,,,,,0.0,0.0,,,,,,,,
2026-04-20,0.0,People Assisting the Homeless,34.5,23.0,0.0,,0.0827,CA,WORKED,WORKED,2026-04-20 11:30:00,2026-04-20 20:00:00,2026-04-20 11:30:00,2026-04-20 11:30:00,,28440.0,28440.0,,,,,0.0,0.0,,,,,,,,
2026-04-20,0.0,People Assisting the Homeless,34.5,23.0,0.0,,0.0827,CA,WORKED,WORKED,2026-04-20 11:30:00,2026-04-20 20:00:00,2026-04-20 11:30:00,2026-04-20 11:30:00,,28800.0,28800.0,,,,,0.0,0.0,,,,,,,,
2026-04-21,0.0,People Assisting the Homeless,34.5,23.0,0.0,,0.0827,CA,WORKED,WORKED,2026-04-21 11:30:00,2026-04-21 20:00:00,2026-04-21 11:30:00,2026-04-21 11:30:00,,25800.0,25800.0,,,,,0.0,0.0,,,,,,,,
2026-04-22,0.0,People Assisting the Homeless,34.5,23.0,0.0,,0.0827,CA,WORKED,WORKED,2026-04-22 05:00:00,2026-04-22 13:30:00,2026-04-22 04:40:00,2026-04-22 04:40:00,,30600.0,30600.0,,,,,0.0,0.0,,,,,,,,
2026-04-23,0.0,People Assisting the Homeless,34.5,23.0,0.0,,0.0827,CA,WORKED,WORKED,2026-04-23 05:00:00,2026-04-23 13:30:00,2026-04-23 04:40:00,2026-04-23 04:40:00,,31800.0,31800.0,,,,,0.0,0.0,,,,,,,,
2026-04-24,0.0,People Assisting the Homeless,34.5,23.0,0.0,,0.0827,CA,WORKED,WORKED,2026-04-24 05:00:00,2026-04-24 13:30:00,2026-04-24 05:00:00,2026-04-24 05:00:00,,28800.0,28800.0,,,,,0.0,0.0,,,,,,,,
2026-04-24,0.0,People Assisting the Homeless,34.5,23.0,0.0,,0.0827,CA,WORKED,WORKED,2026-04-24 05:00:00,2026-04-24 13:30:00,2026-04-24 04:57:00,2026-04-24 04:57:00,,7500.0,7500.0,,,,,0.0,0.0,,,,,,,,
2026-04-25,0.0,People Assisting the Homeless,34.5,23.0,0.0,,0.0827,CA,WORKED,WORKED,2026-04-25 05:00:00,2026-04-25 13:30:00,2026-04-25 04:40:00,2026-04-25 04:40:00,,31800.0,31800.0,,,,,0.0,0.0,,,,,,,,
2026-04-26,0.0,People Assisting the Homeless,34.5,23.0,0.0,,0.0827,CA,WORKED,WORKED,2026-04-26 05:00:00,2026-04-26 13:30:00,2026-04-26 04:40:00,2026-04-26 04:40:00,,31800.0,31800.0,,,,,0.0,0.0,,,,,,,,
2026-04-20,0.0,Pepperdine University,33.0,23.0,0.0,0.12,0.1215,CA,WORKED,WORKED,2026-04-20 17:00:00,2026-04-21 01:30:00,2026-04-20 17:20:00,2026-04-20 17:20:00,,27600.0,27600.0,,,,,0.0,0.0,,,,,,,,
2026-04-22,0.0,Pepperdine University,33.0,23.0,0.0,0.12,0.1215,CA,WORKED,WORKED,2026-04-22 17:00:00,2026-04-23 01:30:00,2026-04-22 17:15:00,2026-04-22 17:15:00,,27900.0,27900.0,,,,,0.0,0.0,,,,,,,,
2026-04-23,0.0,Pepperdine University,33.0,23.0,0.0,0.12,0.1215,CA,WORKED,WORKED,2026-04-23 17:00:00,2026-04-24 01:30:00,2026-04-23 16:52:00,2026-04-23 16:52:00,,29280.0,29280.0,,,,,0.0,0.0,,,,,,,,
2026-04-24,0.0,Pepperdine University,33.0,23.0,0.0,0.12,0.1215,CA,WORKED,WORKED,2026-04-24 17:00:00,2026-04-25 01:30:00,2026-04-24 16:59:00,2026-04-24 16:59:00,,27060.0,27060.0,,,,,0.0,0.0,,,,,,,,
2026-04-25,0.0,Pepperdine University,33.0,23.0,0.0,0.12,0.1215,CA,WORKED,WORKED,2026-04-25 17:00:00,2026-04-26 01:30:00,2026-04-25 17:00:00,2026-04-25 17:00:00,,28800.0,28800.0,,,,,0.0,0.0,,,,,,,,
2026-04-26,0.0,Pepperdine University,33.0,23.0,0.0,0.12,0.1215,CA,WORKED,WORKED,2026-04-26 17:00:00,2026-04-27 01:30:00,2026-04-26 16:58:00,2026-04-26 16:58:00,,28860.0,28860.0,,,,,0.0,0.0,,,,,,,,
2026-04-20,0.0,PIH Health - Downey Hospital,34.65,21.0,0.0,0.09,0.0549,CA,WORKED,WORKED,2026-04-20 08:00:00,2026-04-20 16:30:00,2026-04-20 08:00:00,2026-04-20 08:00:00,,28800.0,28800.0,,,,,0.0,0.0,,,,,,,,
2026-04-21,0.0,PIH Health - Downey Hospital,34.65,21.0,0.0,0.09,0.0549,CA,WORKED,WORKED,2026-04-21 08:00:00,2026-04-21 16:30:00,2026-04-21 08:05:00,2026-04-21 08:05:00,,26700.0,26700.0,,,,,0.0,0.0,,,,,,,,
2026-04-23,0.0,PIH Health - Downey Hospital,34.65,21.0,0.0,0.09,0.0549,CA,WORKED,WORKED,2026-04-23 08:00:00,2026-04-23 16:30:00,2026-04-23 08:11:00,2026-04-23 08:11:00,,28140.0,28140.0,,,,,0.0,0.0,,,,,,,,
2026-04-24,0.0,PIH Health - Downey Hospital,34.65,21.0,0.0,0.09,0.0549,CA,WORKED,WORKED,2026-04-24 08:00:00,2026-04-24 16:30:00,2026-04-24 07:55:00,2026-04-24 07:55:00,,22920.0,22920.0,,,,,0.0,0.0,,,,,,,,
2026-04-25,0.0,PIH Health - Downey Hospital,34.65,21.0,0.0,0.09,0.0549,CA,WORKED,WORKED,2026-04-25 08:00:00,2026-04-25 16:30:00,2026-04-25 08:03:00,2026-04-25 08:03:00,,28620.0,28620.0,,,,,0.0,0.0,,,,,,,,
2026-04-26,0.0,PIH Health - Downey Hospital,34.65,21.0,0.0,0.09,0.0549,CA,WORKED,WORKED,2026-04-26 08:00:00,2026-04-26 16:30:00,2026-04-26 08:00:00,2026-04-26 08:00:00,,28800.0,28800.0,,,,,0.0,0.0,,,,,,,,
2026-04-20,0.0,PIH Health - Good Samaritan Hospital,64.89,43.26,0.0,0.09,0.0549,CA,WORKED,WORKED,2026-04-20 05:00:00,2026-04-20 13:30:00,2026-04-20 04:59:00,2026-04-20 04:59:00,,34260.0,34260.0,,,,,0.0,0.0,,,,,,,,
2026-04-21,0.0,PIH Health - Good Samaritan Hospital,64.89,43.26,0.0,0.09,0.0549,CA,WORKED,WORKED,2026-04-21 05:00:00,2026-04-21 13:30:00,2026-04-21 05:04:00,2026-04-21 05:04:00,,33960.0,33960.0,,,,,0.0,0.0,,,,,,,,
2026-04-22,0.0,PIH Health - Good Samaritan Hospital,64.89,43.26,0.0,0.09,0.0549,CA,WORKED,WORKED,2026-04-22 05:00:00,2026-04-22 13:30:00,2026-04-22 04:59:00,2026-04-22 04:59:00,,34260.0,34260.0,,,,,0.0,0.0,,,,,,,,
2026-04-23,0.0,PIH Health - Good Samaritan Hospital,64.89,43.26,0.0,0.09,0.0549,CA,WORKED,WORKED,2026-04-23 05:00:00,2026-04-23 13:30:00,2026-04-23 04:59:00,2026-04-23 04:59:00,,34260.0,34260.0,,,,,0.0,0.0,,,,,,,,
2026-04-24,0.0,PIH Health - Good Samaritan Hospital,64.89,43.26,0.0,0.09,0.0549,CA,WORKED,WORKED,2026-04-24 05:00:00,2026-04-24 13:30:00,2026-04-24 04:58:00,2026-04-24 04:58:00,,32520.0,32520.0,,,,,0.0,0.0,,,,,,,,
2026-04-20,0.0,PIH Health - Whittier Hospital,41.25,25.0,0.0,0.09,0.0549,CA,WORKED,WORKED,2026-04-20 05:00:00,2026-04-20 13:30:00,2026-04-20 05:00:00,2026-04-20 05:00:00,,28800.0,28800.0,,,,,0.0,0.0,,,,,,,,
2026-04-20,0.0,PIH Health - Whittier Hospital,41.25,25.0,0.0,0.09,0.0549,CA,WORKED,WORKED,2026-04-20 05:00:00,2026-04-20 13:30:00,2026-04-20 05:00:00,2026-04-20 05:00:00,,30240.0,30240.0,,,,,0.0,0.0,,,,,,,,
2026-04-21,0.0,PIH Health - Whittier Hospital,41.25,25.0,0.0,0.09,0.0549,CA,WORKED,WORKED,2026-04-21 05:00:00,2026-04-21 13:30:00,2026-04-21 05:00:00,2026-04-21 05:00:00,,28800.0,28800.0,,,,,0.0,0.0,,,,,,,,
2026-04-21,0.0,PIH Health - Whittier Hospital,33.87,21.0,0.0,0.09,0.0549,CA,WORKED,WORKED,2026-04-21 06:15:00,2026-04-21 14:45:00,2026-04-21 06:07:00,2026-04-21 06:07:00,,29280.0,29280.0,0.0,0.0,,,0.0,0.0,,,,,,,,
2026-04-21,0.0,PIH Health - Whittier Hospital,41.25,25.0,0.0,0.09,0.0549,CA,WORKED,WORKED,2026-04-21 12:00:00,2026-04-21 20:30:00,2026-04-21 12:00:00,2026-04-21 12:00:00,,25200.0,25200.0,,,,,0.0,0.0,,,,,,,,
2026-04-21,0.0,PIH Health - Whittier Hospital,41.25,25.0,0.0,0.09,0.0549,CA,WORKED,WORKED,2026-04-21 05:00:00,2026-04-21 13:30:00,2026-04-21 05:00:00,2026-04-21 05:00:00,,31860.0,31860.0,,,,,0.0,0.0,,,,,,,,
2026-04-21,0.0,PIH Health - Whittier Hospital,41.25,25.0,0.0,0.09,0.0549,CA,WORKED,WORKED,2026-04-21 11:00:00,2026-04-21 19:30:00,2026-04-21 11:00:00,2026-04-21 11:00:00,,28800.0,28800.0,,,,,0.0,0.0,,,,,,,,
2026-04-22,0.0,PIH Health - Whittier Hospital,41.25,25.0,0.0,0.09,0.0549,CA,WORKED,WORKED,2026-04-22 05:00:00,2026-04-22 13:30:00,2026-04-22 05:00:00,2026-04-22 05:00:00,,28800.0,28800.0,,,,,0.0,0.0,,,,,,,,
2026-04-22,0.0,PIH Health - Whittier Hospital,41.25,25.0,0.0,0.09,0.0549,CA,WORKED,WORKED,2026-04-22 11:00:00,2026-04-22 19:30:00,2026-04-22 11:00:00,2026-04-22 11:00:00,,28800.0,28800.0,,,,,0.0,0.0,,,,,,,,
2026-04-22,0.0,PIH Health - Whittier Hospital,41.25,25.0,0.0,0.09,0.0549,CA,WORKED,WORKED,2026-04-22 05:00:00,2026-04-22 13:30:00,2026-04-22 05:00:00,2026-04-22 05:00:00,,35280.0,35280.0,,,,,0.0,0.0,,,,,,,,
2026-04-22,0.0,PIH Health - Whittier Hospital,33.87,21.0,0.0,0.09,0.0549,CA,WORKED,WORKED,2026-04-22 06:15:00,2026-04-22 14:45:00,2026-04-22 06:15:00,2026-04-22 06:15:00,,29100.0,29100.0,,,,,0.0,0.0,,,,,,,,
2026-04-22,0.0,PIH Health - Whittier Hospital,41.25,25.0,0.0,0.09,0.0549,CA,WORKED,WORKED,2026-04-22 12:00:00,2026-04-22 20:30:00,2026-04-22 12:00:00,2026-04-22 12:00:00,,28800.0,28800.0,,,,,0.0,0.0,,,,,,,,
2026-04-23,0.0,PIH Health - Whittier Hospital,41.25,25.0,0.0,0.09,0.0549,CA,WORKED,WORKED,2026-04-23 05:00:00,2026-04-23 13:30:00,2026-04-23 05:00:00,2026-04-23 05:00:00,,32400.0,32400.0,,,,,0.0,0.0,,,,,,,,
2026-04-23,0.0,PIH Health - Whittier Hospital,41.25,25.0,0.0,0.09,0.0549,CA,WORKED,WORKED,2026-04-23 12:00:00,2026-04-23 20:30:00,2026-04-23 12:00:00,2026-04-23 12:00:00,,27000.0,27000.0,,,,,0.0,0.0,,,,,,,,
2026-04-23,0.0,PIH Health - Whittier Hospital,33.87,21.0,0.0,0.09,0.0549,CA,WORKED,WORKED,2026-04-23 06:15:00,2026-04-23 14:45:00,2026-04-23 06:15:00,2026-04-23 06:15:00,,27480.0,27480.0,,,,,0.0,0.0,,,,,,,,
2026-04-23,0.0,PIH Health - Whittier Hospital,41.25,25.0,0.0,0.09,0.0549,CA,WORKED,WORKED,2026-04-23 05:00:00,2026-04-23 13:30:00,2026-04-23 05:00:00,2026-04-23 05:00:00,,31500.0,31500.0,,,,,0.0,0.0,,,,,,,,
2026-04-23,0.0,PIH Health - Whittier Hospital,41.25,25.0,0.0,0.09,0.0549,CA,WORKED,WORKED,2026-04-23 11:00:00,2026-04-23 19:30:00,2026-04-23 11:00:00,2026-04-23 11:00:00,,27420.0,27420.0,,,,,0.0,0.0,,,,,,,,
2026-04-24,0.0,PIH Health - Whittier Hospital,41.25,25.0,0.0,0.09,0.0549,CA,WORKED,WORKED,2026-04-24 11:00:00,2026-04-24 19:30:00,2026-04-24 11:00:00,2026-04-24 11:00:00,,28800.0,28800.0,,,,,0.0,0.0,,,,,,,,
2026-04-24,0.0,PIH Health - Whittier Hospital,41.25,25.0,0.0,0.09,0.0549,CA,WORKED,WORKED,2026-04-24 05:00:00,2026-04-24 13:30:00,2026-04-24 05:00:00,2026-04-24 05:00:00,,29040.0,29040.0,,,,,0.0,0.0,,,,,,,,
2026-04-26,0.0,PIH Health - Whittier Hospital,33.87,21.0,0.0,0.09,0.0549,CA,WORKED,WORKED,2026-04-26 06:15:00,2026-04-26 14:45:00,2026-04-26 06:15:00,2026-04-26 06:15:00,,28800.0,28800.0,,,,,0.0,0.0,,,,,,,,
2026-04-26,0.0,PIH Health - Whittier Hospital,41.25,25.0,0.0,0.09,0.0549,CA,WORKED,WORKED,2026-04-26 05:00:00,2026-04-26 13:30:00,2026-04-26 05:00:00,2026-04-26 05:00:00,,29700.0,29700.0,,,,,0.0,0.0,,,,,,,,
2026-04-26,0.0,PIH Health - Whittier Hospital,41.25,25.0,0.0,0.09,0.0549,CA,WORKED,WORKED,2026-04-26 05:00:00,2026-04-26 13:30:00,2026-04-26 05:00:00,2026-04-26 05:00:00,,30600.0,30600.0,,,,,0.0,0.0,,,,,,,,
2026-04-20,0.0,Pitzer College,35.1,22.75,0.0,,0.1215,CA,WORKED,WORKED,2026-04-20 15:00:00,2026-04-20 23:30:00,2026-04-20 14:54:00,2026-04-20 14:54:00,,29160.0,29160.0,,,,,0.0,0.0,,,,,,,,
2026-04-20,0.0,"Platinum Equity, LLC",36.8,23.0,0.0,,0.0827,CA,WORKED,WORKED,2026-04-20 08:00:00,2026-04-20 16:30:00,2026-04-20 08:00:00,2026-04-20 08:00:00,,28800.0,28800.0,,,,,0.0,0.0,,,,,,,,
2026-04-20,0.0,"Platinum Equity, LLC",36.8,23.0,0.0,,0.0827,CA,WORKED,WORKED,2026-04-20 08:30:00,2026-04-20 17:00:00,2026-04-20 08:14:00,2026-04-20 08:14:00,,29880.0,29880.0,,,,,0.0,0.0,,,,,,,,
2026-04-20,0.0,"Platinum Equity, LLC",32.0,20.0,0.0,,0.0827,CA,WORKED,WORKED,2026-04-20 07:00:00,2026-04-20 15:30:00,2026-04-20 07:00:00,2026-04-20 07:00:00,,28800.0,28800.0,,,,,0.0,0.0,,,,,,,,
2026-04-21,0.0,"Platinum Equity, LLC",36.8,23.0,0.0,,0.0827,CA,WORKED,WORKED,2026-04-21 08:30:00,2026-04-21 17:00:00,2026-04-21 08:20:00,2026-04-21 08:20:00,,29400.0,29400.0,,,,,0.0,0.0,,,,,,,,
2026-04-21,0.0,"Platinum Equity, LLC",36.8,23.0,0.0,,0.0827,CA,WORKED,WORKED,2026-04-21 08:00:00,2026-04-21 16:30:00,2026-04-21 08:00:00,2026-04-21 08:00:00,,28800.0,28800.0,,,,,0.0,0.0,,,,,,,,
2026-04-21,0.0,"Platinum Equity, LLC",36.8,23.0,0.0,,0.0827,CA,WORKED,WORKED,2026-04-21 07:00:00,2026-04-21 15:30:00,2026-04-21 07:00:00,2026-04-21 07:00:00,,36000.0,36000.0,,,,,,,,,,,,,,
2026-04-21,0.0,"Platinum Equity, LLC",32.0,20.0,0.0,,0.0827,CA,WORKED,WORKED,2026-04-21 07:00:00,2026-04-21 15:30:00,2026-04-21 07:00:00,2026-04-21 07:00:00,,28800.0,28800.0,,,,,0.0,0.0,,,,,,,,
2026-04-22,0.0,"Platinum Equity, LLC",32.0,20.0,0.0,,0.0827,CA,WORKED,WORKED,2026-04-22 07:00:00,2026-04-22 15:30:00,2026-04-22 07:00:00,2026-04-22 07:00:00,,28800.0,28800.0,,,,,0.0,0.0,,,,,,,,
2026-04-22,0.0,"Platinum Equity, LLC",36.8,23.0,0.0,,0.0827,CA,WORKED,WORKED,2026-04-22 07:00:00,2026-04-22 15:30:00,2026-04-22 07:00:00,2026-04-22 07:00:00,,28800.0,28800.0,,,,,0.0,0.0,,,,,,,,
2026-04-22,0.0,"Platinum Equity, LLC",36.8,23.0,0.0,,0.0827,CA,WORKED,WORKED,2026-04-22 08:30:00,2026-04-22 17:00:00,2026-04-22 08:25:00,2026-04-22 08:25:00,,32940.0,32940.0,,,,,0.0,0.0,,,,,,,,
2026-04-23,0.0,"Platinum Equity, LLC",32.0,20.0,0.0,,0.0827,CA,WORKED,WORKED,2026-04-23 07:00:00,2026-04-23 15:30:00,2026-04-23 07:00:00,2026-04-23 07:00:00,,29100.0,29100.0,,,,,0.0,0.0,,,,,,,,
2026-04-23,0.0,"Platinum Equity, LLC",36.8,23.0,0.0,,0.0827,CA,WORKED,WORKED,2026-04-23 08:30:00,2026-04-23 17:00:00,2026-04-23 08:21:00,2026-04-23 08:21:00,,29520.0,29520.0,,,,,0.0,0.0,,,,,,,,
2026-04-24,0.0,"Platinum Equity, LLC",32.0,20.0,0.0,,0.0827,CA,WORKED,WORKED,2026-04-24 07:00:00,2026-04-24 15:30:00,2026-04-24 07:00:00,2026-04-24 07:00:00,,29400.0,29400.0,,,,,0.0,0.0,,,,,,,,
2026-04-24,0.0,"Platinum Equity, LLC",36.8,23.0,0.0,,0.0827,CA,WORKED,WORKED,2026-04-24 07:00:00,2026-04-24 15:30:00,2026-04-24 07:00:00,2026-04-24 07:00:00,,28800.0,28800.0,,,,,0.0,0.0,,,,,,,,
2026-04-24,0.0,"Platinum Equity, LLC",36.8,23.0,0.0,,0.0827,CA,WORKED,WORKED,2026-04-24 08:30:00,2026-04-24 17:00:00,2026-04-24 07:59:00,2026-04-24 07:59:00,,28860.0,28860.0,,,,,0.0,0.0,,,,,,,,
2026-04-20,0.0,RAND Corporation,35.4,20.0,0.0,0.12,0.0827,CA,WORKED,WORKED,2026-04-20 07:00:00,2026-04-20 15:00:00,2026-04-20 07:00:00,2026-04-20 07:00:00,,28800.0,28800.0,,,,,0.0,0.0,,,,,,,,
2026-04-20,0.0,RAND Corporation,40.71,25.0,0.0,0.12,0.0827,CA,WORKED,WORKED,2026-04-20 07:00:00,2026-04-20 15:00:00,2026-04-20 07:00:00,2026-04-20 07:00:00,,27000.0,27000.0,,,,,0.0,0.0,,,,,,,,
2026-04-21,0.0,RAND Corporation,40.71,25.0,0.0,0.12,0.0827,CA,WORKED,WORKED,2026-04-21 07:00:00,2026-04-21 15:00:00,2026-04-21 07:00:00,2026-04-21 07:00:00,,27000.0,27000.0,,,,,0.0,0.0,,,,,,,,
2026-04-22,0.0,RAND Corporation,40.71,25.0,0.0,0.12,0.0827,CA,WORKED,WORKED,2026-04-22 07:00:00,2026-04-22 15:00:00,2026-04-22 07:00:00,2026-04-22 07:00:00,,27000.0,27000.0,,,,,0.0,0.0,,,,,,,,
2026-04-23,0.0,RAND Corporation,40.71,25.0,0.0,0.12,0.0827,CA,WORKED,WORKED,2026-04-23 07:00:00,2026-04-23 15:00:00,2026-04-23 07:00:00,2026-04-23 07:00:00,,27000.0,27000.0,,,,,0.0,0.0,,,,,,,,
2026-04-24,0.0,RAND Corporation,40.71,25.0,0.0,0.12,0.0827,CA,WORKED,WORKED,2026-04-24 07:00:00,2026-04-24 15:00:00,2026-04-24 07:00:00,2026-04-24 07:00:00,,27000.0,27000.0,,,,,0.0,0.0,,,,,,,,
2026-04-24,0.0,Renaissance LA Airport Hotel,35.2,22.0,0.0,0.01,0.0827,CA,WORKED,WORKED,2026-04-24 15:00:00,2026-04-24 22:00:00,2026-04-24 15:00:00,2026-04-24 15:00:00,,23400.0,23400.0,,,,,,0.0,,,,,,,,
2026-04-25,0.0,Renaissance LA Airport Hotel,35.2,22.0,0.0,0.01,0.0827,CA,WORKED,WORKED,2026-04-25 08:00:00,2026-04-25 16:00:00,2026-04-25 08:00:00,2026-04-25 08:00:00,CLIENT,27120.0,27000.0,,,,,,,,,,,,,,
2026-04-25,0.0,Renaissance LA Airport Hotel,35.2,22.0,0.0,0.01,0.0827,CA,WORKED,WORKED,2026-04-25 16:00:00,2026-04-25 22:00:00,2026-04-25 16:00:00,2026-04-25 16:00:00,,23400.0,23400.0,,,,,,,,,,,,,,
2026-04-25,0.0,Renaissance LA Airport Hotel,35.2,22.0,0.0,0.01,0.0827,CA,WORKED,WORKED,2026-04-25 16:00:00,2026-04-26 00:30:00,2026-04-25 16:00:00,2026-04-25 16:00:00,,25200.0,25200.0,,,,,,,,,,,,,,
2026-04-25,0.0,Renaissance LA Airport Hotel,35.2,22.0,0.0,0.01,0.0827,CA,WORKED,WORKED,2026-04-25 16:00:00,2026-04-26 00:30:00,2026-04-25 16:00:00,2026-04-25 16:00:00,,25200.0,25200.0,,,,,,0.0,,,,,,,,
2026-04-26,0.0,Renaissance LA Airport Hotel,35.2,22.0,0.0,0.01,0.0827,CA,WORKED,WORKED,2026-04-26 08:00:00,2026-04-26 15:00:00,,2026-04-26 08:00:00,EMPLOYEE,0.0,23400.0,,,,,,,,,,,,,,
2026-04-20,0.0,Riviera Country Club,32.0,20.0,0.0,,0.1115,CA,WORKED,WORKED,2026-04-20 12:00:00,2026-04-20 20:30:00,2026-04-20 12:01:00,2026-04-20 12:01:00,,29160.0,29160.0,,,,,0.0,0.0,,,,,,,,
2026-04-20,0.0,Riviera Country Club,32.0,20.0,0.0,,0.1115,CA,WORKED,WORKED,2026-04-20 15:30:00,2026-04-20 21:30:00,2026-04-20 15:35:00,2026-04-20 15:35:00,,17880.0,17880.0,,,,,0.0,0.0,,,,,,,,
2026-04-22,0.0,Riviera Country Club,32.0,20.0,0.0,,0.1115,CA,WORKED,WORKED,2026-04-22 15:30:00,2026-04-22 21:30:00,2026-04-22 15:36:00,2026-04-22 15:36:00,,21240.0,21240.0,,,,,0.0,0.0,,,,,,,,
2026-04-24,0.0,Riviera Country Club,32.0,20.0,0.0,,0.1115,CA,WORKED,WORKED,2026-04-24 15:30:00,2026-04-24 21:30:00,2026-04-24 15:40:00,2026-04-24 15:40:00,,21600.0,21600.0,,,,,0.0,0.0,,,,,,,,
2026-04-26,0.0,Riviera Country Club,32.0,20.0,0.0,,0.1115,CA,WORKED,WORKED,2026-04-26 15:30:00,2026-04-26 21:30:00,2026-04-26 15:40:00,2026-04-26 15:40:00,,21600.0,21600.0,,,,,0.0,0.0,,,,,,,,
2026-04-23,0.0,Sand Hill Kitchen,33.0,22.0,0.0,0.12,0.0827,CA,WORKED,WORKED,2026-04-23 16:00:00,2026-04-23 21:30:00,2026-04-23 16:01:00,2026-04-23 16:01:00,CLIENT,18180.0,19980.0,,,,,,,,,,,,,,
2026-04-23,0.0,Sand Hill Kitchen,31.5,21.0,0.0,0.12,0.0827,CA,WORKED,WORKED,2026-04-23 17:00:00,2026-04-23 21:30:00,2026-04-23 17:00:00,2026-04-23 17:58:00,CLIENT,14580.0,12900.0,,,,,,,,,,,,,,
2026-04-23,0.0,Sand Hill Kitchen,33.0,22.0,0.0,0.12,0.0827,CA,WORKED,WORKED,2026-04-23 16:00:00,2026-04-23 21:30:00,2026-04-23 15:59:00,2026-04-23 15:59:00,,19920.0,19920.0,,,,,0.0,0.0,,,,,,,,
2026-04-23,0.0,Sand Hill Kitchen,31.5,21.0,0.0,0.12,0.0827,CA,WORKED,WORKED,2026-04-23 17:00:00,2026-04-23 21:30:00,2026-04-23 17:00:00,2026-04-23 17:00:00,EMPLOYEE,16320.0,16320.0,,,,,,,,,,,,,,
2026-04-25,0.0,Sand Hill Kitchen,33.0,22.0,0.0,0.12,0.0827,CA,WORKED,WORKED,2026-04-25 15:30:00,2026-04-25 22:30:00,2026-04-25 15:04:00,2026-04-25 15:04:00,,24960.0,24960.0,,,,,0.0,0.0,,,,,,,,
2026-04-25,0.0,Sand Hill Kitchen,31.5,21.0,0.0,0.12,0.0827,CA,WORKED,WORKED,2026-04-25 16:30:00,2026-04-25 22:00:00,2026-04-25 15:54:00,2026-04-25 15:54:00,EMPLOYEE,23040.0,21600.0,,,,,,,,,,,,,,
2026-04-25,0.0,Sand Hill Kitchen,31.5,21.0,0.0,0.12,0.0827,CA,WORKED,WORKED,2026-04-25 16:30:00,2026-04-25 22:00:00,2026-04-25 16:23:00,2026-04-25 16:23:00,EMPLOYEE,21420.0,19620.0,,,,,,,,,,,,,,
2026-04-25,0.0,Sand Hill Kitchen,33.0,22.0,0.0,0.12,0.0827,CA,WORKED,WORKED,2026-04-25 16:00:00,2026-04-25 22:30:00,2026-04-25 16:00:00,2026-04-25 16:00:00,,23400.0,23400.0,,,,,0.0,0.0,,,,,,,,
2026-04-25,0.0,Santa Catalina Island Company,32.0,20.0,0.0,,0.0827,CA,WORKED,WORKED,2026-04-25 23:58:00,2026-04-26 01:00:00,2026-04-25 23:58:00,2026-04-25 23:58:00,,3720.0,3720.0,,,,,0.0,0.0,,26.95,,,,26.95,,
2026-04-25,0.0,Santa Catalina Island Company,35.0,21.75,0.0,,0.0827,CA,NOSHOW,NOSHOW,2026-04-25 16:00:00,2026-04-25 22:45:00,,,,0.0,0.0,,,,,,,,,,,,,,
2026-04-25,0.0,Santa Catalina Island Company,32.0,20.0,0.0,,0.0827,CA,WORKED,WORKED,2026-04-25 23:58:00,2026-04-26 01:00:00,2026-04-25 23:58:00,2026-04-25 23:51:00,CLIENT,3720.0,5220.0,,,,,,,,26.95,,,,26.95,,
2026-04-25,0.0,Santa Catalina Island Company,32.0,20.0,0.0,,0.0827,CA,WORKED,WORKED,2026-04-25 23:58:00,2026-04-26 01:00:00,2026-04-25 23:58:00,2026-04-25 23:58:00,,3720.0,3720.0,,,,,0.0,0.0,,,,,,,,
2026-04-25,0.0,Santa Catalina Island Company,32.0,20.0,0.0,,0.0827,CA,WORKED,WORKED,2026-04-25 14:00:00,2026-04-25 15:00:00,2026-04-25 14:00:00,2026-04-25 14:00:00,,3600.0,3600.0,,,,,0.0,0.0,,,,,,,,
2026-04-25,0.0,Santa Catalina Island Company,32.0,20.0,0.0,,0.0827,CA,WORKED,WORKED,2026-04-25 14:00:00,2026-04-25 15:00:00,2026-04-25 14:00:00,2026-04-25 14:00:00,CLIENT,3600.0,5040.0,,,,,,,,,,,,,,
2026-04-25,0.0,Santa Catalina Island Company,32.0,20.0,0.0,,0.0827,CA,WORKED,WORKED,2026-04-25 14:00:00,2026-04-25 15:00:00,2026-04-25 14:00:00,2026-04-25 13:55:00,CLIENT,3600.0,3900.0,,,,,,,,,,,,,,
2026-04-25,0.0,Santa Catalina Island Company,32.0,20.0,0.0,,0.0827,CA,WORKED,WORKED,2026-04-25 23:58:00,2026-04-26 01:00:00,2026-04-25 23:58:00,2026-04-25 23:51:00,CLIENT,3720.0,5520.0,,,,,,,,,,,,,,
2026-04-25,0.0,Santa Catalina Island Company,35.0,21.75,0.0,,0.0827,CA,WORKED,WORKED,2026-04-25 16:00:00,2026-04-25 22:45:00,2026-04-25 15:42:00,2026-04-25 15:42:00,,27960.0,27960.0,,,,,0.0,0.0,,,,,,,,
2026-04-25,0.0,Santa Catalina Island Company,32.0,20.0,0.0,,0.0827,CA,WORKED,WORKED,2026-04-25 14:00:00,2026-04-25 15:00:00,2026-04-25 14:00:00,2026-04-25 14:00:00,,3600.0,3600.0,,,,,0.0,0.0,,,,,,,,
2026-04-25,0.0,Santa Catalina Island Company,32.0,20.0,0.0,,0.0827,CA,NOSHOW,NOSHOW,2026-04-25 23:58:00,2026-04-26 01:00:00,,,,0.0,0.0,,,,,,,,,,,,,,
2026-04-25,0.0,Santa Catalina Island Company,35.0,21.75,0.0,,0.0827,CA,WORKED,WORKED,2026-04-25 16:00:00,2026-04-25 22:45:00,2026-04-25 16:00:00,2026-04-25 16:00:00,,24300.0,24300.0,,,,,,,,,,,,,,
2026-04-25,0.0,Santa Catalina Island Company,35.0,21.75,0.0,,0.0827,CA,WORKED,WORKED,2026-04-25 16:00:00,2026-04-25 22:45:00,2026-04-25 16:00:00,2026-04-25 16:00:00,EMPLOYEE,24300.0,22500.0,,,,,,,,,,,,,,
2026-04-25,0.0,Santa Catalina Island Company,32.0,20.0,0.0,,0.0827,CA,WORKED,WORKED,2026-04-25 23:58:00,2026-04-26 01:00:00,2026-04-25 23:58:00,2026-04-25 23:58:00,CLIENT,3720.0,5520.0,,,,,,,,,,,,,,
2026-04-25,0.0,Santa Catalina Island Company,32.0,20.0,0.0,,0.0827,CA,WORKED,WORKED,2026-04-25 14:00:00,2026-04-25 15:00:00,2026-04-25 14:00:00,2026-04-25 14:00:00,,3600.0,3600.0,,,,,,,,,,,,,,
2026-04-25,0.0,Santa Catalina Island Company,32.0,20.0,0.0,,0.0827,CA,WORKED,WORKED,2026-04-25 14:00:00,2026-04-25 15:00:00,2026-04-25 15:00:00,2026-04-25 15:00:00,,3600.0,3600.0,,,,,0.0,0.0,,,,,,,,
2026-04-25,0.0,Santa Catalina Island Company,32.0,20.0,0.0,,0.0827,CA,WORKED,WORKED,2026-04-25 23:58:00,2026-04-26 01:00:00,2026-04-25 23:58:00,2026-04-25 23:58:00,,3720.0,3720.0,,,,,0.0,0.0,,,,,,,,
2026-04-25,0.0,Santa Catalina Island Company,35.0,21.75,0.0,,0.0827,CA,WORKED,WORKED,2026-04-25 16:00:00,2026-04-25 22:45:00,2026-04-25 15:50:00,2026-04-25 15:50:00,,23100.0,23100.0,,,,,0.0,0.0,,,,,,,,
2026-04-25,0.0,Santa Catalina Island Company,32.0,20.0,0.0,,0.0827,CA,WORKED,WORKED,2026-04-25 14:00:00,2026-04-25 15:00:00,2026-04-25 14:00:00,2026-04-25 14:00:00,,3600.0,3600.0,,,,,0.0,0.0,,,,,,,,
2026-04-25,0.0,Santa Catalina Island Company,32.0,20.0,0.0,,0.0827,CA,WORKED,WORKED,2026-04-25 14:00:00,2026-04-25 15:00:00,2026-04-25 14:00:00,2026-04-25 14:00:00,,3600.0,3600.0,,,,,0.0,0.0,,,,,,,,
2026-04-25,0.0,Santa Catalina Island Company,35.0,21.75,0.0,,0.0827,CA,WORKED,WORKED,2026-04-25 16:00:00,2026-04-25 22:45:00,2026-04-25 16:00:00,2026-04-25 16:00:00,,23700.0,23700.0,,,,,0.0,0.0,,,,,,,,
2026-04-25,0.0,Santa Catalina Island Company,35.0,21.75,0.0,,0.0827,CA,WORKED,WORKED,2026-04-25 16:00:00,2026-04-25 22:45:00,2026-04-25 16:00:00,2026-04-25 16:00:00,,24300.0,24300.0,,,,,,,,,,,,,,
2026-04-25,0.0,Santa Catalina Island Company,35.0,21.75,0.0,,0.0827,CA,WORKED,WORKED,2026-04-25 16:00:00,2026-04-25 22:45:00,2026-04-25 15:29:00,2026-04-25 15:29:00,,24360.0,24360.0,,,,,0.0,0.0,,,,,,,,
2026-04-25,0.0,Santa Catalina Island Company,32.0,20.0,0.0,,0.0827,CA,WORKED,WORKED,2026-04-25 14:00:00,2026-04-25 15:00:00,2026-04-25 14:00:00,2026-04-25 14:00:00,,3600.0,3600.0,,,,,,,,,,,,,,
2026-04-25,0.0,Santa Catalina Island Company,32.0,20.0,0.0,,0.0827,CA,WORKED,WORKED,2026-04-25 23:58:00,2026-04-26 01:00:00,2026-04-25 23:58:00,2026-04-25 23:40:00,CLIENT,3720.0,4800.0,,,,,,,,,,,,,,
2026-04-25,0.0,Santa Catalina Island Company,32.0,20.0,0.0,,0.0827,CA,WORKED,WORKED,2026-04-25 23:58:00,2026-04-26 01:00:00,2026-04-25 23:58:00,2026-04-25 23:58:00,CLIENT,3720.0,5340.0,,,,,,,,26.95,,,,26.95,,
2026-04-25,0.0,Santa Catalina Island Company,32.0,20.0,0.0,,0.0827,CA,WORKED,WORKED,2026-04-25 23:58:00,2026-04-26 01:00:00,2026-04-25 23:58:00,2026-04-25 23:55:00,CLIENT,3720.0,3900.0,,,,,,,,,,,,,,
2026-04-25,0.0,Santa Catalina Island Company,35.0,21.75,0.0,,0.0827,CA,WORKED,WORKED,2026-04-25 16:00:00,2026-04-25 22:45:00,2026-04-25 15:54:00,2026-04-25 15:54:00,,28620.0,28620.0,,,,,0.0,0.0,,,,,,,,
2026-04-25,0.0,Santa Catalina Island Company,32.0,20.0,0.0,,0.0827,CA,NOSHOW,NOSHOW,2026-04-25 14:00:00,2026-04-25 15:00:00,,,,0.0,0.0,,,,,,,,,,,,,,
2026-04-25,0.0,Santa Catalina Island Company,32.0,20.0,0.0,,0.0827,CA,WORKED,WORKED,2026-04-25 14:00:00,2026-04-25 15:00:00,2026-04-25 14:00:00,2026-04-25 13:43:00,CLIENT,3600.0,4620.0,,,,,,,,,,,,,,
2026-04-25,0.0,Santa Catalina Island Company,32.0,20.0,0.0,,0.0827,CA,WORKED,WORKED,2026-04-25 23:58:00,2026-04-26 01:00:00,2026-04-25 23:58:00,2026-04-25 23:58:00,,3720.0,3720.0,,,,,0.0,0.0,,26.95,,,,26.95,,
2026-04-25,0.0,Santa Catalina Island Company,35.0,21.75,0.0,,0.0827,CA,WORKED,WORKED,2026-04-25 16:00:00,2026-04-25 22:45:00,2026-04-25 16:30:00,2026-04-25 16:30:00,,14400.0,14400.0,,,,,0.0,0.0,,,,,,,,
2026-04-25,0.0,Santa Catalina Island Company,32.0,20.0,0.0,,0.0827,CA,WORKED,WORKED,2026-04-25 14:00:00,2026-04-25 15:00:00,2026-04-25 14:00:00,2026-04-25 14:00:00,CLIENT,3600.0,4500.0,,,,,,,,,,,,,,
2026-04-25,0.0,Santa Catalina Island Company,35.0,21.75,0.0,,0.0827,CA,WORKED,WORKED,2026-04-25 16:00:00,2026-04-25 22:45:00,2026-04-25 14:00:00,2026-04-25 16:00:00,EMPLOYEE,34080.0,26880.0,,,,,,,,,,,,,,
2026-04-25,0.0,Santa Catalina Island Company,35.0,21.75,0.0,,0.0827,CA,WORKED,WORKED,2026-04-25 16:00:00,2026-04-25 22:45:00,2026-04-25 15:05:00,2026-04-25 15:05:00,,28500.0,28500.0,,,,,0.0,0.0,,,,,,,,
2026-04-25,0.0,Santa Catalina Island Company,32.0,20.0,0.0,,0.0827,CA,WORKED,WORKED,2026-04-25 23:58:00,2026-04-26 01:00:00,2026-04-25 23:58:00,2026-04-25 23:58:00,CLIENT,3720.0,47880.0,,,,,,,,26.95,,,,26.95,,
2026-04-20,0.0,SBLP Warner Center OPCO LLC - The Variel,35.2,22.0,0.0,,0.1452,CA,WORKED,WORKED,2026-04-20 14:00:00,2026-04-20 22:30:00,2026-04-20 14:00:00,2026-04-20 14:00:00,,28800.0,28800.0,,,,,0.0,0.0,,,,,,,,
2026-04-20,0.0,SBLP Warner Center OPCO LLC - The Variel,52.0,28.0,0.0,,0.1452,CA,WORKED,WORKED,2026-04-20 14:00:00,2026-04-20 22:30:00,2026-04-20 14:00:00,2026-04-20 14:00:00,,20700.0,20700.0,,,,,0.0,0.0,,,,,,,,
2026-04-20,0.0,SBLP Warner Center OPCO LLC - The Variel,35.2,22.0,0.0,,0.1452,CA,WORKED,WORKED,2026-04-20 08:00:00,2026-04-20 16:00:00,2026-04-20 08:00:00,2026-04-20 08:00:00,,27000.0,27000.0,,,,,0.0,0.0,,,,,,,,
2026-04-20,0.0,SBLP Warner Center OPCO LLC - The Variel,35.2,22.0,0.0,,0.1452,CA,WORKED,WORKED,2026-04-20 14:00:00,2026-04-20 22:30:00,2026-04-20 14:06:00,2026-04-20 14:06:00,,29640.0,29640.0,,,,,0.0,0.0,,,,,,,,
2026-04-20,0.0,SBLP Warner Center OPCO LLC - The Variel,41.6,26.0,0.0,,0.1452,CA,WORKED,WORKED,2026-04-20 12:00:00,2026-04-20 20:30:00,2026-04-20 12:00:00,2026-04-20 12:00:00,,28800.0,28800.0,,,,,0.0,0.0,,,,,,,,
2026-04-21,0.0,SBLP Warner Center OPCO LLC - The Variel,35.2,22.0,0.0,,0.1452,CA,WORKED,WORKED,2026-04-21 14:00:00,2026-04-21 22:30:00,2026-04-21 15:00:00,2026-04-21 15:00:00,,25200.0,25200.0,,,,,0.0,0.0,,,,,,,,
2026-04-21,0.0,SBLP Warner Center OPCO LLC - The Variel,41.6,26.0,0.0,,0.1452,CA,WORKED,WORKED,2026-04-21 12:00:00,2026-04-21 20:30:00,2026-04-21 13:00:00,2026-04-21 13:00:00,,28800.0,28800.0,,,,,0.0,0.0,,,,,,,,
2026-04-21,0.0,SBLP Warner Center OPCO LLC - The Variel,35.2,22.0,0.0,,0.1452,CA,WORKED,WORKED,2026-04-21 06:30:00,2026-04-21 15:30:00,2026-04-21 06:30:00,2026-04-21 06:30:00,,30600.0,30600.0,,,,,0.0,0.0,,,,,,,,
2026-04-21,0.0,SBLP Warner Center OPCO LLC - The Variel,35.2,22.0,0.0,,0.1452,CA,WORKED,WORKED,2026-04-21 14:00:00,2026-04-21 22:30:00,2026-04-21 14:00:00,2026-04-21 14:00:00,,28800.0,28800.0,,,,,0.0,0.0,,,,,,,,
2026-04-21,0.0,SBLP Warner Center OPCO LLC - The Variel,41.6,26.0,0.0,,0.1452,CA,WORKED,WORKED,2026-04-21 12:00:00,2026-04-21 20:30:00,2026-04-21 10:00:00,2026-04-21 10:00:00,,32400.0,32400.0,,,,,0.0,0.0,,,,,,,,
2026-04-22,0.0,SBLP Warner Center OPCO LLC - The Variel,35.2,22.0,0.0,,0.1452,CA,WORKED,WORKED,2026-04-22 14:00:00,2026-04-22 22:30:00,2026-04-22 14:00:00,2026-04-22 14:00:00,,28800.0,28800.0,,,,,0.0,0.0,,,,,,,,
2026-04-22,0.0,SBLP Warner Center OPCO LLC - The Variel,52.0,26.0,0.0,,0.1452,CA,WORKED,WORKED,2026-04-22 12:00:00,2026-04-22 20:30:00,2026-04-22 13:00:00,2026-04-22 13:00:00,,28800.0,28800.0,,,,,0.0,0.0,,,,,,,,
2026-04-22,0.0,SBLP Warner Center OPCO LLC - The Variel,35.2,22.0,0.0,,0.1452,CA,WORKED,WORKED,2026-04-22 14:00:00,2026-04-22 22:30:00,2026-04-22 14:00:00,2026-04-22 14:00:00,,28020.0,28020.0,,,,,0.0,0.0,,,,,,,,
2026-04-22,0.0,SBLP Warner Center OPCO LLC - The Variel,52.0,26.0,0.0,,0.1452,CA,WORKED,WORKED,2026-04-22 08:00:00,2026-04-22 16:00:00,2026-04-22 08:00:00,2026-04-22 08:00:00,,34200.0,34200.0,,,,,0.0,0.0,,,,,,,,
2026-04-22,0.0,SBLP Warner Center OPCO LLC - The Variel,35.2,22.0,0.0,,0.1452,CA,WORKED,WORKED,2026-04-22 08:00:00,2026-04-22 16:00:00,2026-04-22 08:00:00,2026-04-22 08:00:00,,26880.0,26880.0,,,,,0.0,0.0,,,,,,,,
2026-04-23,0.0,SBLP Warner Center OPCO LLC - The Variel,35.2,22.0,0.0,,0.1452,CA,WORKED,WORKED,2026-04-23 14:00:00,2026-04-23 22:30:00,2026-04-23 14:01:00,2026-04-23 14:01:00,,28680.0,28680.0,,,,,0.0,0.0,,,,,,,,
2026-04-23,0.0,SBLP Warner Center OPCO LLC - The Variel,35.2,24.0,0.0,,0.1452,CA,WORKED,WORKED,2026-04-23 14:00:00,2026-04-23 22:30:00,2026-04-23 14:00:00,2026-04-23 14:00:00,,28800.0,28800.0,,,,,0.0,0.0,,,,,,,,
2026-04-23,0.0,SBLP Warner Center OPCO LLC - The Variel,35.2,22.0,0.0,,0.1452,CA,WORKED,WORKED,2026-04-23 06:30:00,2026-04-23 15:00:00,2026-04-23 06:30:00,2026-04-23 06:30:00,,28740.0,28740.0,,,,,0.0,0.0,,,,,,,,
2026-04-23,0.0,SBLP Warner Center OPCO LLC - The Variel,41.6,26.0,0.0,,0.1452,CA,WORKED,WORKED,2026-04-23 12:00:00,2026-04-23 20:30:00,2026-04-23 13:00:00,2026-04-23 13:00:00,,28800.0,28800.0,,,,,0.0,0.0,,,,,,,,
2026-04-23,0.0,SBLP Warner Center OPCO LLC - The Variel,52.0,28.6,0.0,,0.1452,CA,WORKED,WORKED,2026-04-23 16:00:00,2026-04-23 22:30:00,2026-04-23 15:22:00,2026-04-23 15:22:00,,21780.0,21780.0,,,,,,,,,,,,,,
2026-04-24,0.0,SBLP Warner Center OPCO LLC - The Variel,35.2,24.0,0.0,,0.1452,CA,WORKED,WORKED,2026-04-24 08:00:00,2026-04-24 16:00:00,2026-04-24 08:01:00,2026-04-24 08:01:00,,26400.0,26400.0,,,,,0.0,0.0,,,,,,,,
2026-04-24,0.0,SBLP Warner Center OPCO LLC - The Variel,35.2,22.0,0.0,,0.1452,CA,WORKED,WORKED,2026-04-24 14:00:00,2026-04-24 22:30:00,2026-04-24 14:00:00,2026-04-24 14:00:00,,28440.0,28440.0,,,,,0.0,0.0,,,,,,,,
2026-04-24,0.0,SBLP Warner Center OPCO LLC - The Variel,35.2,22.0,0.0,,0.1452,CA,WORKED,WORKED,2026-04-24 14:00:00,2026-04-24 22:30:00,2026-04-24 14:00:00,2026-04-24 14:00:00,,28800.0,28800.0,,,,,0.0,0.0,,,,,,,,
2026-04-25,0.0,SBLP Warner Center OPCO LLC - The Variel,41.6,26.0,0.0,,0.1452,CA,WORKED,WORKED,2026-04-25 12:00:00,2026-04-25 20:30:00,2026-04-25 11:58:00,2026-04-25 11:58:00,,29640.0,29640.0,,,,,0.0,0.0,,,,,,,,
2026-04-25,0.0,SBLP Warner Center OPCO LLC - The Variel,35.2,22.0,0.0,,0.1452,CA,WORKED,WORKED,2026-04-25 14:00:00,2026-04-25 22:30:00,2026-04-25 14:00:00,2026-04-25 14:00:00,,28800.0,28800.0,,,,,0.0,0.0,,,,,,,,
2026-04-25,0.0,SBLP Warner Center OPCO LLC - The Variel,35.2,22.0,0.0,,0.1452,CA,WORKED,WORKED,2026-04-25 14:00:00,2026-04-25 22:30:00,2026-04-25 14:03:00,2026-04-25 14:03:00,,29520.0,29520.0,,,,,0.0,0.0,,,,,,,,
2026-04-25,0.0,SBLP Warner Center OPCO LLC - The Variel,35.2,22.0,0.0,,0.1452,CA,WORKED,WORKED,2026-04-25 06:30:00,2026-04-25 15:30:00,2026-04-25 06:30:00,2026-04-25 06:30:00,,28740.0,28740.0,,,,,0.0,0.0,,,,,,,,
2026-04-26,0.0,SBLP Warner Center OPCO LLC - The Variel,35.2,22.0,0.0,,0.1452,CA,WORKED,WORKED,2026-04-26 14:00:00,2026-04-26 22:30:00,2026-04-26 13:50:00,2026-04-26 13:50:00,,29400.0,29400.0,,,,,0.0,0.0,,,,,,,,
2026-04-26,0.0,SBLP Warner Center OPCO LLC - The Variel,41.6,26.0,0.0,,0.1452,CA,WORKED,WORKED,2026-04-26 10:00:00,2026-04-26 18:00:00,2026-04-26 10:00:00,2026-04-26 10:00:00,,18000.0,18000.0,,,,,0.0,0.0,,,,,,,,
2026-04-26,0.0,SBLP Warner Center OPCO LLC - The Variel,41.6,26.0,0.0,,0.1452,CA,WORKED,WORKED,2026-04-26 06:00:00,2026-04-26 12:00:00,2026-04-26 06:00:00,2026-04-26 06:00:00,,21600.0,21600.0,,,,,0.0,0.0,,,,,,,,
2026-04-26,0.0,SBLP Warner Center OPCO LLC - The Variel,35.2,22.0,0.0,,0.1452,CA,WORKED,WORKED,2026-04-26 14:00:00,2026-04-26 22:30:00,2026-04-26 14:00:00,2026-04-26 14:00:00,,29100.0,29100.0,,,,,0.0,0.0,,,,,,,,
2026-04-26,0.0,Sofitel Los Angeles at Beverly Hills Hotel,44.63,24.75,0.0,,0.0827,CA,WORKED,WORKED,2026-04-26 16:00:00,2026-04-27 00:00:00,2026-04-26 16:00:00,2026-04-26 16:00:00,,27000.0,27000.0,,,,,0.0,0.0,,,,,,,,
2026-04-25,0.0,St. Anne's Maternity,33.0,21.0,0.0,,0.106,CA,WORKED,WORKED,2026-04-25 06:30:00,2026-04-25 14:00:00,2026-04-25 06:30:00,2026-04-25 06:30:00,,24120.0,24120.0,,,,,0.0,0.0,,,,,,,,
2026-04-21,0.0,"Super Eco CA, LLC",34.1,22.0,0.0,,0.0827,CA,WORKED,WORKED,2026-04-21 16:30:00,2026-04-21 20:30:00,2026-04-21 16:20:00,2026-04-21 16:20:00,,20160.0,20160.0,,,,,0.0,0.0,,,,,,,,
2026-04-20,0.0,Teledyne,37.0,23.13,0.0,,0.0827,CA,WORKED,WORKED,2026-04-20 05:30:00,2026-04-20 14:00:00,2026-04-20 05:45:00,2026-04-20 05:45:00,,25740.0,25740.0,,,,,0.0,0.0,,,,,,,,
2026-04-20,0.0,Teledyne,37.0,23.13,0.0,,0.0827,CA,WORKED,WORKED,2026-04-20 05:30:00,2026-04-20 14:00:00,2026-04-20 05:29:00,2026-04-20 05:29:00,,26160.0,26160.0,,,,,0.0,0.0,,,,,,,,
2026-04-21,0.0,Teledyne,37.0,23.13,0.0,,0.0827,CA,WORKED,WORKED,2026-04-21 05:30:00,2026-04-21 14:00:00,2026-04-21 05:30:00,2026-04-21 05:30:00,,27000.0,27000.0,,,,,0.0,0.0,,,,,,,,
2026-04-21,0.0,Teledyne,37.0,23.13,0.0,,0.0827,CA,WORKED,WORKED,2026-04-21 05:30:00,2026-04-21 14:00:00,2026-04-21 05:31:00,2026-04-21 05:31:00,,26460.0,26460.0,,,,,0.0,0.0,,,,,,,,
2026-04-22,0.0,Teledyne,37.0,23.13,0.0,,0.0827,CA,WORKED,WORKED,2026-04-22 05:30:00,2026-04-22 14:00:00,2026-04-22 05:30:00,2026-04-22 05:30:00,,28800.0,28800.0,,,,,0.0,0.0,,,,,,,,
2026-04-22,0.0,Teledyne,37.0,23.13,0.0,,0.0827,CA,WORKED,WORKED,2026-04-22 05:30:00,2026-04-22 14:00:00,2026-04-22 05:35:00,2026-04-22 05:35:00,,27600.0,27600.0,,,,,0.0,0.0,,,,,,,,
2026-04-23,0.0,Teledyne,37.0,23.13,0.0,,0.0827,CA,WORKED,WORKED,2026-04-23 05:30:00,2026-04-23 14:00:00,2026-04-23 05:31:00,2026-04-23 05:31:00,,28740.0,28740.0,,,,,0.0,0.0,,,,,,,,
2026-04-23,0.0,Teledyne,37.0,23.13,0.0,,0.0827,CA,WORKED,WORKED,2026-04-23 05:30:00,2026-04-23 14:00:00,2026-04-23 05:30:00,2026-04-23 05:30:00,,28800.0,28800.0,,,,,0.0,0.0,,,,,,,,
2026-04-24,0.0,Teledyne,37.0,23.13,0.0,,0.0827,CA,WORKED,WORKED,2026-04-24 05:30:00,2026-04-24 14:00:00,2026-04-24 05:30:00,2026-04-24 05:30:00,,12060.0,12060.0,,,,,0.0,0.0,,,,,,,,
2026-04-24,0.0,Teledyne,37.0,23.13,0.0,,0.0827,CA,WORKED,WORKED,2026-04-24 05:30:00,2026-04-24 14:00:00,2026-04-24 05:30:00,2026-04-24 05:30:00,,28800.0,28800.0,,,,,0.0,0.0,,,,,,,,
2026-04-20,0.0,The Archer School for Girls,42.0,28.0,0.0,0.12,0.1215,CA,WORKED,WORKED,2026-04-20 06:30:00,2026-04-20 15:00:00,2026-04-20 06:30:00,2026-04-20 06:30:00,,27660.0,27660.0,,,,,0.0,0.0,,,,,,,,
2026-04-20,0.0,The Archer School for Girls,32.0,21.33,0.0,0.12,0.1215,CA,WORKED,WORKED,2026-04-20 07:00:00,2026-04-20 15:00:00,2026-04-20 07:04:00,2026-04-20 07:04:00,,25740.0,25740.0,,,,,0.0,0.0,,,,,,,,
2026-04-20,0.0,The Archer School for Girls,37.5,25.0,0.0,0.12,0.1215,CA,WORKED,WORKED,2026-04-20 06:30:00,2026-04-20 15:00:00,2026-04-20 06:31:00,2026-04-20 06:31:00,,27120.0,27120.0,,,,,0.0,0.0,,,,,,,,
2026-04-21,0.0,The Archer School for Girls,42.0,28.0,0.0,0.12,0.1215,CA,WORKED,WORKED,2026-04-21 06:30:00,2026-04-21 15:00:00,2026-04-21 06:30:00,2026-04-21 06:30:00,,25740.0,25740.0,,,,,0.0,0.0,,,,,,,,
2026-04-21,0.0,The Archer School for Girls,37.5,25.0,0.0,0.12,0.1215,CA,WORKED,WORKED,2026-04-21 06:30:00,2026-04-21 15:00:00,2026-04-21 06:30:00,2026-04-21 06:00:00,CLIENT,25740.0,27540.0,,,,,,,,,,,,,,
2026-04-21,0.0,The Archer School for Girls,32.0,21.33,0.0,0.12,0.1215,CA,WORKED,WORKED,2026-04-21 07:00:00,2026-04-21 15:00:00,2026-04-21 07:12:00,2026-04-21 07:12:00,,23460.0,23460.0,,,,,0.0,0.0,,,,,,,,
2026-04-22,0.0,The Archer School for Girls,37.5,25.0,0.0,0.12,0.1215,CA,WORKED,WORKED,2026-04-22 06:30:00,2026-04-22 15:00:00,2026-04-22 06:30:00,2026-04-22 06:30:00,,28200.0,28200.0,,,,,0.0,0.0,,,,,,,,
2026-04-22,0.0,The Archer School for Girls,32.0,21.33,0.0,0.12,0.1215,CA,WORKED,WORKED,2026-04-22 07:00:00,2026-04-22 15:00:00,2026-04-22 07:00:00,2026-04-22 07:00:00,,27000.0,27000.0,,,,,0.0,0.0,,,,,,,,
2026-04-23,0.0,The Archer School for Girls,37.5,25.0,0.0,0.12,0.1215,CA,WORKED,WORKED,2026-04-23 06:30:00,2026-04-23 15:00:00,2026-04-23 06:30:00,2026-04-23 06:30:00,,27120.0,27120.0,,,,,0.0,0.0,,,,,,,,
2026-04-23,0.0,The Archer School for Girls,32.0,21.33,0.0,0.12,0.1215,CA,WORKED,WORKED,2026-04-23 07:00:00,2026-04-23 15:00:00,2026-04-23 07:00:00,2026-04-23 07:00:00,,27000.0,27000.0,,,,,0.0,0.0,,,,,,,,
2026-04-24,0.0,The Archer School for Girls,32.0,21.33,0.0,0.12,0.1215,CA,WORKED,WORKED,2026-04-24 07:00:00,2026-04-24 15:00:00,2026-04-24 06:58:00,2026-04-24 06:58:00,,26580.0,26580.0,,,,,0.0,0.0,,,,,,,,
2026-04-24,0.0,The Archer School for Girls,37.5,25.0,0.0,0.12,0.1215,CA,WORKED,WORKED,2026-04-24 06:30:00,2026-04-24 15:00:00,2026-04-24 06:29:00,2026-04-24 06:29:00,,28200.0,28200.0,,,,,0.0,0.0,,,,,,,,
2026-04-24,0.0,The Archer School for Girls,37.5,25.0,0.0,0.12,0.1215,CA,WORKED,WORKED,2026-04-24 06:30:00,2026-04-24 15:00:00,2026-04-24 06:30:00,2026-04-24 06:30:00,,28080.0,28080.0,,,,,0.0,0.0,,,,,,,,
2026-04-24,0.0,The Archer School for Girls,42.0,28.0,0.0,0.12,0.1215,CA,WORKED,WORKED,2026-04-24 06:30:00,2026-04-24 15:00:00,2026-04-24 06:30:00,2026-04-24 06:30:00,,28500.0,28500.0,,,,,0.0,0.0,,,,,,,,
2026-04-25,0.0,The Garland,37.0,24.0,0.0,,0.0827,CA,WORKED,WORKED,2026-04-25 12:00:00,2026-04-25 20:30:00,2026-04-25 12:00:00,2026-04-25 12:00:00,,27900.0,27900.0,,,,,0.0,0.0,,,,,,,,
2026-04-25,0.0,The Garland,37.0,24.0,0.0,,0.0827,CA,WORKED,WORKED,2026-04-25 12:00:00,2026-04-25 20:30:00,2026-04-25 12:01:00,2026-04-25 12:01:00,,27840.0,27840.0,,,,,0.0,0.0,,,,,,,,
2026-04-25,0.0,The Garland,37.0,24.0,0.0,,0.0827,CA,WORKED,WORKED,2026-04-25 12:00:00,2026-04-25 20:30:00,2026-04-25 11:57:00,2026-04-25 11:57:00,,28980.0,28980.0,,,,,,,,,,,,,,
2026-04-26,0.0,The Garland,37.0,24.0,0.0,,0.0827,CA,WORKED,WORKED,2026-04-26 10:00:00,2026-04-26 18:00:00,2026-04-26 09:57:00,2026-04-26 09:57:00,,27540.0,27540.0,,,,,0.0,0.0,,,,,,,,
2026-04-26,0.0,The Garland,37.0,24.0,0.0,,0.0827,CA,WORKED,WORKED,2026-04-26 10:00:00,2026-04-26 18:00:00,2026-04-26 10:00:00,2026-04-26 10:00:00,,24300.0,24300.0,,,,,0.0,0.0,,,,,,,,
2026-04-26,0.0,The Garland,37.0,24.0,0.0,,0.0827,CA,WORKED,WORKED,2026-04-26 10:00:00,2026-04-26 18:00:00,2026-04-26 10:00:00,2026-04-26 10:00:00,,24540.0,24540.0,,,,,0.0,0.0,,,,,,,,
2026-04-26,0.0,The Garland,37.0,24.0,0.0,,0.0827,CA,WORKED,WORKED,2026-04-26 10:00:00,2026-04-26 18:00:00,2026-04-26 10:00:00,2026-04-26 10:00:00,,25140.0,25140.0,,,,,0.0,0.0,,,,,,,,
2026-04-21,0.0,The Getty Center,40.71,25.0,0.0,0.12,0.0827,CA,WORKED,WORKED,2026-04-21 07:00:00,2026-04-21 15:30:00,2026-04-21 06:58:00,2026-04-21 06:58:00,EMPLOYEE,31260.0,29460.0,,,,,,,,,,,,,,
2026-04-21,0.0,The Getty Center,40.71,25.0,0.0,0.12,0.0827,CA,WORKED,WORKED,2026-04-21 06:00:00,2026-04-21 14:30:00,2026-04-21 06:00:00,2026-04-21 06:00:00,,28800.0,28800.0,,,,,0.0,0.0,,,,,,,,
2026-04-21,0.0,The Getty Center,40.71,25.0,0.0,0.12,0.0827,CA,WORKED,WORKED,2026-04-21 06:00:00,2026-04-21 14:30:00,2026-04-21 06:00:00,2026-04-21 06:00:00,,28800.0,28800.0,,,,,0.0,0.0,,,,,,,,
2026-04-21,0.0,The Getty Center,40.71,25.0,0.0,0.12,0.0827,CA,WORKED,WORKED,2026-04-21 06:00:00,2026-04-21 14:30:00,2026-04-21 06:00:00,2026-04-21 06:00:00,,28800.0,28800.0,,,,,0.0,0.0,,,,,,,,
2026-04-22,0.0,The Getty Center,40.71,25.0,0.0,0.12,0.0827,CA,WORKED,WORKED,2026-04-22 07:00:00,2026-04-22 15:30:00,2026-04-22 07:00:00,2026-04-22 07:00:00,,28800.0,28800.0,,,,,0.0,0.0,,,,,,,,
2026-04-22,0.0,The Getty Center,40.71,25.0,0.0,0.12,0.0827,CA,WORKED,WORKED,2026-04-22 06:00:00,2026-04-22 14:30:00,2026-04-22 06:00:00,2026-04-22 06:00:00,,28800.0,28800.0,,,,,0.0,0.0,,,,,,,,
2026-04-23,0.0,The Getty Center,40.71,25.0,0.0,0.12,0.0827,CA,WORKED,WORKED,2026-04-23 07:00:00,2026-04-23 15:30:00,2026-04-23 07:00:00,2026-04-23 07:00:00,,28800.0,28800.0,,,,,0.0,0.0,,,,,,,,
2026-04-23,0.0,The Getty Center,40.71,25.0,0.0,0.12,0.0827,CA,WORKED,WORKED,2026-04-23 06:00:00,2026-04-23 14:30:00,2026-04-23 06:00:00,2026-04-23 06:00:00,,28800.0,28800.0,,,,,0.0,0.0,,,,,,,,
2026-04-23,0.0,The Getty Center,40.71,25.0,0.0,0.12,0.0827,CA,WORKED,WORKED,2026-04-23 06:00:00,2026-04-23 14:30:00,2026-04-23 06:00:00,2026-04-23 06:00:00,,32400.0,32400.0,,,,,0.0,0.0,,,,,,,,
2026-04-24,0.0,The Getty Center,40.71,25.0,0.0,0.12,0.0827,CA,WORKED,WORKED,2026-04-24 06:00:00,2026-04-24 14:30:00,2026-04-24 06:00:00,2026-04-24 06:00:00,,28800.0,28800.0,,,,,0.0,0.0,,,,,,,,
2026-04-24,0.0,The Getty Center,40.71,25.0,0.0,0.12,0.0827,CA,WORKED,WORKED,2026-04-24 07:00:00,2026-04-24 15:30:00,2026-04-24 07:00:00,2026-04-24 07:00:00,,28800.0,28800.0,,,,,0.0,0.0,,,,,,,,
2026-04-24,0.0,The Getty Center,40.71,25.0,0.0,0.12,0.0827,CA,WORKED,WORKED,2026-04-24 07:00:00,2026-04-24 15:30:00,2026-04-24 07:00:00,2026-04-24 07:00:00,,28800.0,28800.0,,,,,0.0,0.0,,,,,,,,
2026-04-25,0.0,The Getty Center,40.71,25.0,0.0,0.12,0.0827,CA,WORKED,WORKED,2026-04-25 06:00:00,2026-04-25 14:30:00,,2026-04-25 06:00:00,EMPLOYEE,0.0,28800.0,,,,,,,,,,,,,,
2026-04-25,0.0,The Getty Center,40.71,25.0,0.0,0.12,0.0827,CA,WORKED,WORKED,2026-04-25 06:00:00,2026-04-25 14:30:00,2026-04-25 06:00:00,2026-04-25 06:00:00,,28800.0,28800.0,,,,,0.0,0.0,,,,,,,,
2026-04-25,0.0,The Getty Center,40.71,25.0,0.0,0.12,0.0827,CA,WORKED,WORKED,2026-04-25 07:00:00,2026-04-25 15:30:00,2026-04-25 07:00:00,2026-04-25 07:00:00,,28800.0,28800.0,,,,,0.0,0.0,,,,,,,,
2026-04-25,0.0,The Getty Center,40.71,25.0,0.0,0.12,0.0827,CA,WORKED,WORKED,2026-04-25 07:00:00,2026-04-25 15:30:00,2026-04-25 07:00:00,2026-04-25 07:00:00,,28800.0,28800.0,,,,,0.0,0.0,,,,,,,,
2026-04-26,0.0,The Getty Center,40.71,25.0,0.0,0.12,0.0827,CA,WORKED,WORKED,2026-04-26 07:30:00,2026-04-26 16:00:00,2026-04-26 07:30:00,2026-04-26 07:30:00,,29280.0,29280.0,,,,,0.0,0.0,,,,,,,,
2026-04-26,0.0,The Getty Center,40.71,25.0,0.0,0.12,0.0827,CA,WORKED,WORKED,2026-04-26 07:00:00,2026-04-26 15:30:00,2026-04-26 07:00:00,2026-04-26 07:00:00,,28800.0,28800.0,,,,,0.0,0.0,,,,,,,,
2026-04-26,0.0,The Getty Center,40.71,25.0,0.0,0.12,0.0827,CA,WORKED,WORKED,2026-04-26 07:30:00,2026-04-26 16:00:00,2026-04-26 06:56:00,2026-04-26 06:56:00,,27900.0,27900.0,,,,,0.0,0.0,,,,,,,,
2026-04-26,0.0,The Getty Center,40.71,25.0,0.0,0.12,0.0827,CA,WORKED,WORKED,2026-04-26 06:00:00,2026-04-26 14:30:00,2026-04-26 06:04:00,2026-04-26 06:04:00,,28920.0,28920.0,,,,,0.0,0.0,,,,,,,,
2026-04-26,0.0,The Getty Center,40.71,25.0,0.0,0.12,0.0827,CA,WORKED,WORKED,2026-04-26 07:30:00,2026-04-26 16:00:00,2026-04-26 07:26:00,2026-04-26 07:26:00,EMPLOYEE,25020.0,29040.0,,,,,,,,,,,,,,
2026-04-26,0.0,The Getty Center,40.71,25.0,0.0,0.12,0.0827,CA,WORKED,WORKED,2026-04-26 06:00:00,2026-04-26 14:30:00,2026-04-26 06:00:00,2026-04-26 06:00:00,,28800.0,28800.0,,,,,0.0,0.0,,,,,,,,
2026-04-26,0.0,The Getty Center,40.71,25.0,0.0,0.12,0.0827,CA,WORKED,WORKED,2026-04-26 07:30:00,2026-04-26 16:00:00,2026-04-26 07:30:00,2026-04-26 07:30:00,,28800.0,28800.0,,,,,0.0,0.0,,,,,,,,
2026-04-26,0.0,The Getty Center,40.71,25.0,0.0,0.12,0.0827,CA,WORKED,WORKED,2026-04-26 07:00:00,2026-04-26 15:30:00,2026-04-26 07:10:00,2026-04-26 07:10:00,,28680.0,28680.0,,,,,0.0,0.0,,,,,,,,
2026-04-24,0.0,The Music Center - DTLA,38.4,24.0,0.0,0.09,0.069,CA,WORKED,WORKED,2026-04-24 17:30:00,2026-04-25 01:30:00,2026-04-24 17:43:00,2026-04-24 17:43:00,EMPLOYEE,26700.0,24900.0,,,,,,,,,,,,,,
2026-04-24,0.0,The Music Center - DTLA,38.4,24.0,0.0,0.09,0.069,CA,WORKED,WORKED,2026-04-24 17:30:00,2026-04-25 01:30:00,2026-04-24 17:33:00,2026-04-24 17:33:00,,25920.0,25920.0,,,,,0.0,0.0,,,,,,,,
2026-04-24,0.0,The Music Center - DTLA,38.4,24.0,0.0,0.09,0.069,CA,WORKED,WORKED,2026-04-24 17:30:00,2026-04-25 01:30:00,2026-04-24 17:32:00,2026-04-24 17:32:00,EMPLOYEE,27780.0,25980.0,,,,,,,,,,,,,,
2026-04-24,0.0,The Music Center - DTLA,38.4,24.0,0.0,0.09,0.069,CA,WORKED,WORKED,2026-04-24 17:30:00,2026-04-25 01:30:00,2026-04-24 17:30:00,2026-04-24 17:30:00,,27000.0,27000.0,,,,,0.0,0.0,,,,,,,,
2026-04-24,0.0,The Music Center - DTLA,38.4,24.0,0.0,0.09,0.069,CA,WORKED,WORKED,2026-04-24 17:30:00,2026-04-25 01:30:00,2026-04-24 17:45:00,2026-04-24 17:45:00,,25200.0,25200.0,,,,,0.0,0.0,,,,,,,,
2026-04-24,0.0,The Music Center - DTLA,38.4,24.0,0.0,0.09,0.069,CA,WORKED,WORKED,2026-04-24 16:00:00,2026-04-24 22:30:00,2026-04-24 16:01:00,2026-04-24 16:01:00,,24960.0,24960.0,,,,,0.0,0.0,,,,,,,,
2026-04-24,0.0,The Music Center - DTLA,38.4,24.0,0.0,0.09,0.069,CA,WORKED,WORKED,2026-04-24 16:00:00,2026-04-24 22:30:00,2026-04-24 16:00:00,2026-04-24 16:00:00,,24480.0,24480.0,,,,,0.0,0.0,,,,,,,,
2026-04-24,0.0,The Music Center - DTLA,38.4,24.0,0.0,0.09,0.069,CA,WORKED,WORKED,2026-04-24 17:30:00,2026-04-25 01:30:00,2026-04-24 17:30:00,2026-04-24 17:30:00,,26520.0,26520.0,,,,,0.0,0.0,,,,,,,,
2026-04-24,0.0,The Music Center - DTLA,38.4,24.0,0.0,0.09,0.069,CA,WORKED,WORKED,2026-04-24 17:30:00,2026-04-25 01:30:00,2026-04-24 17:29:00,2026-04-24 17:29:00,,25920.0,25920.0,,,,,0.0,0.0,,,,,,,,
2026-04-24,0.0,The Music Center - DTLA,38.4,24.0,0.0,0.09,0.069,CA,WORKED,WORKED,2026-04-24 17:30:00,2026-04-25 01:30:00,2026-04-24 17:27:00,2026-04-24 17:27:00,EMPLOYEE,28020.0,26220.0,,,,,,,,,,,,,,
2026-04-24,0.0,The Music Center - DTLA,38.4,24.0,0.0,0.09,0.069,CA,WORKED,WORKED,2026-04-24 17:30:00,2026-04-25 01:30:00,2026-04-24 17:29:00,2026-04-24 17:29:00,,25320.0,25320.0,,,,,0.0,0.0,,,,,,,,
2026-04-24,0.0,The Music Center - DTLA,38.4,30.0,0.0,0.09,0.069,CA,WORKED,WORKED,2026-04-24 15:30:00,2026-04-24 19:30:00,,2026-04-24 15:30:00,EMPLOYEE,0.0,14400.0,,,,,,,,,,,,,,
2026-04-24,0.0,The Music Center - DTLA,38.4,24.0,0.0,0.09,0.069,CA,WORKED,WORKED,2026-04-24 17:30:00,2026-04-25 01:30:00,2026-04-24 17:30:00,2026-04-24 17:30:00,EMPLOYEE,27900.0,26100.0,,,,,,,,,,,,,,
2026-04-24,0.0,The Music Center - DTLA,38.4,24.0,0.0,0.09,0.069,CA,WORKED,WORKED,2026-04-24 17:30:00,2026-04-25 01:30:00,2026-04-24 17:16:00,2026-04-24 17:16:00,EMPLOYEE,28200.0,26400.0,,,,,,,,,,,,,,
2026-04-24,0.0,The Music Center - DTLA,38.4,24.0,0.0,0.09,0.069,CA,WORKED,WORKED,2026-04-24 17:30:00,2026-04-25 01:30:00,2026-04-24 17:15:00,2026-04-24 17:15:00,EMPLOYEE,28500.0,27000.0,,,,,,,,,,,,,,
2026-04-24,0.0,The Music Center - DTLA,38.4,24.0,0.0,0.09,0.069,CA,WORKED,WORKED,2026-04-24 17:30:00,2026-04-25 01:30:00,2026-04-24 17:30:00,2026-04-24 17:30:00,,25740.0,25740.0,,,,,,,,,,,,,,
2026-04-24,0.0,The Music Center - DTLA,38.4,24.0,0.0,0.09,0.069,CA,WORKED,WORKED,2026-04-24 17:30:00,2026-04-25 01:30:00,2026-04-24 17:31:00,2026-04-24 17:31:00,,25500.0,25500.0,,,,,0.0,0.0,,,,,,,,
2026-04-24,0.0,The Music Center - DTLA,38.4,24.0,0.0,0.09,0.069,CA,WORKED,WORKED,2026-04-24 17:30:00,2026-04-25 01:30:00,2026-04-24 17:47:00,2026-04-24 17:30:00,EMPLOYEE,27000.0,26100.0,,,,,,,,,,,,,,
2026-04-24,0.0,The Music Center - DTLA,38.4,24.0,0.0,0.09,0.069,CA,WORKED,WORKED,2026-04-24 17:30:00,2026-04-25 01:30:00,2026-04-24 17:23:00,2026-04-24 17:23:00,,26160.0,26160.0,,,,,0.0,0.0,,,,,,,,
2026-04-24,0.0,The Music Center - DTLA,38.4,24.0,0.0,0.09,0.069,CA,WORKED,WORKED,2026-04-24 17:30:00,2026-04-25 01:30:00,2026-04-24 17:30:00,2026-04-24 17:30:00,,27000.0,27000.0,,,,,0.0,0.0,,,,,,,,
2026-04-24,0.0,The Music Center - DTLA,38.4,24.0,0.0,0.09,0.069,CA,WORKED,WORKED,2026-04-24 17:30:00,2026-04-25 01:30:00,2026-04-24 17:47:00,2026-04-24 17:30:00,EMPLOYEE,25080.0,26100.0,,,,,,,,,,,,,,
2026-04-24,0.0,The Music Center - DTLA,38.4,24.0,0.0,0.09,0.069,CA,WORKED,WORKED,2026-04-24 17:30:00,2026-04-25 01:30:00,2026-04-24 17:30:00,2026-04-24 17:30:00,,25800.0,25800.0,,,,,0.0,0.0,,,,,,,,
2026-04-24,0.0,The Music Center - DTLA,38.4,24.0,0.0,0.09,0.069,CA,WORKED,WORKED,2026-04-24 17:30:00,2026-04-25 01:30:00,2026-04-24 17:30:00,2026-04-24 17:30:00,,25680.0,25680.0,,,,,0.0,0.0,,,,,,,,
2026-04-20,0.0,The Vered,41.6,26.0,0.0,,0.1452,CA,WORKED,WORKED,2026-04-20 13:30:00,2026-04-20 19:30:00,2026-04-20 13:31:00,2026-04-20 13:31:00,,21540.0,21540.0,,,,,1.0,1.0,,,,,,,,
2026-04-21,0.0,The Vered,52.0,26.0,0.0,,0.1452,CA,WORKED,WORKED,2026-04-21 13:30:00,2026-04-21 19:30:00,2026-04-21 13:30:00,2026-04-21 13:30:00,,21960.0,21960.0,,,,,1.0,1.0,,,,,,,,
2026-04-24,0.0,The Vered,41.6,26.0,0.0,,0.1452,CA,WORKED,WORKED,2026-04-24 13:30:00,2026-04-24 19:30:00,2026-04-24 12:30:00,2026-04-24 12:30:00,,25200.0,25200.0,,,,,1.0,1.0,,,,,,,,
2026-04-25,0.0,The Vered,41.6,26.0,0.0,,0.1452,CA,WORKED,WORKED,2026-04-25 13:30:00,2026-04-25 19:30:00,2026-04-25 13:30:00,2026-04-25 13:30:00,,21600.0,21600.0,,,,,1.0,1.0,,,,,,,,
2026-04-24,0.0,The Westin Long Beach,35.0,25.0,0.0,,0.0827,CA,WORKED,WORKED,2026-04-24 17:00:00,2026-04-25 01:00:00,2026-04-24 16:52:00,2026-04-24 16:52:00,,27480.0,27480.0,,,,,0.0,0.0,,,,,,,,
2026-04-24,0.0,The Westin Long Beach,35.0,25.0,0.0,,0.0827,CA,WORKED,WORKED,2026-04-24 08:00:00,2026-04-24 16:00:00,2026-04-24 08:00:00,2026-04-24 08:00:00,,27000.0,27000.0,,,,,0.0,0.0,,,,,,,,
2026-04-24,0.0,The Westin Long Beach,35.0,25.0,0.0,,0.0827,CA,WORKED,WORKED,2026-04-24 17:00:00,2026-04-25 01:00:00,2026-04-24 17:09:00,2026-04-24 17:09:00,,25440.0,25440.0,,,,,0.0,0.0,,,,,,,,
2026-04-24,0.0,The Westin Long Beach,35.0,25.0,0.0,,0.0827,CA,WORKED,WORKED,2026-04-24 17:00:00,2026-04-25 01:00:00,2026-04-24 17:00:00,2026-04-24 17:00:00,,26940.0,26940.0,,,,,0.0,0.0,,,,,,,,
2026-04-24,0.0,The Westin Long Beach,35.0,25.0,0.0,,0.0827,CA,WORKED,WORKED,2026-04-24 08:00:00,2026-04-24 16:00:00,2026-04-24 07:53:00,2026-04-24 07:53:00,,27420.0,27420.0,,,,,0.0,0.0,,,,,,,,
2026-04-24,0.0,The Westin Long Beach,37.5,25.0,0.0,,0.0827,CA,WORKED,WORKED,2026-04-24 15:00:00,2026-04-24 20:00:00,2026-04-24 15:00:00,2026-04-24 15:00:00,,18000.0,18000.0,,,,,0.0,0.0,,,,,,,,
2026-04-20,0.0,The Wonderful Company,34.1,22.0,0.0,0.028,0.0827,CA,WORKED,WORKED,2026-04-20 08:00:00,2026-04-20 16:30:00,,2026-04-20 08:00:00,EMPLOYEE,0.0,27900.0,,,,,,,,,,,,,,
2026-04-21,0.0,The Wonderful Company,34.1,22.0,0.0,0.028,0.0827,CA,WORKED,WORKED,2026-04-21 08:00:00,2026-04-21 16:30:00,,2026-04-21 08:00:00,EMPLOYEE,0.0,27600.0,,,,,,,,,,,,,,
2026-04-22,0.0,The Wonderful Company,34.1,22.0,0.0,0.028,0.0827,CA,WORKED,WORKED,2026-04-22 08:00:00,2026-04-22 16:30:00,,2026-04-22 08:00:00,EMPLOYEE,0.0,27300.0,,,,,,,,,,,,,,
2026-04-20,0.0,Union Station Homeless Services,38.0,24.0,0.0,,0.0827,CA,WORKED,WORKED,2026-04-20 07:00:00,2026-04-20 14:00:00,2026-04-20 07:00:00,2026-04-20 07:00:00,,23400.0,23400.0,,,,,0.0,0.0,,,,,,,,
2026-04-20,0.0,Union Station Homeless Services,38.0,24.0,0.0,,0.0827,CA,WORKED,WORKED,2026-04-20 07:00:00,2026-04-20 15:30:00,2026-04-20 06:00:00,2026-04-20 06:00:00,,28800.0,28800.0,,,,,0.0,0.0,,,,,,,,
2026-04-21,0.0,Union Station Homeless Services,38.0,24.0,0.0,,0.0827,CA,WORKED,WORKED,2026-04-21 07:00:00,2026-04-21 15:30:00,2026-04-21 06:00:00,2026-04-21 06:00:00,,28800.0,28800.0,,,,,0.0,0.0,,,,,,,,
2026-04-21,0.0,Union Station Homeless Services,38.0,24.0,0.0,,0.0827,CA,WORKED,WORKED,2026-04-21 07:00:00,2026-04-21 14:00:00,2026-04-21 07:00:00,2026-04-21 07:00:00,,23400.0,23400.0,,,,,0.0,0.0,,,,,,,,
2026-04-22,0.0,Union Station Homeless Services,38.0,24.0,0.0,,0.0827,CA,WORKED,WORKED,2026-04-22 07:00:00,2026-04-22 15:30:00,2026-04-22 06:00:00,2026-04-22 06:00:00,,28800.0,28800.0,,,,,0.0,0.0,,,,,,,,
2026-04-22,0.0,Union Station Homeless Services,38.0,24.0,0.0,,0.0827,CA,WORKED,WORKED,2026-04-22 07:00:00,2026-04-22 14:00:00,2026-04-22 07:00:00,2026-04-22 07:00:00,,23400.0,23400.0,,,,,0.0,0.0,,,,,,,,
2026-04-23,0.0,Union Station Homeless Services,38.0,24.0,0.0,,0.0827,CA,WORKED,WORKED,2026-04-23 07:00:00,2026-04-23 15:30:00,2026-04-23 06:00:00,2026-04-23 06:00:00,,30600.0,30600.0,,,,,0.0,0.0,,,,,,,,
2026-04-23,0.0,Union Station Homeless Services,38.0,24.0,0.0,,0.0827,CA,WORKED,WORKED,2026-04-23 07:00:00,2026-04-23 14:00:00,2026-04-23 07:00:00,2026-04-23 07:00:00,,21600.0,21600.0,,,,,0.0,0.0,,,,,,,,
2026-04-24,0.0,Union Station Homeless Services,38.0,24.0,0.0,,0.0827,CA,WORKED,WORKED,2026-04-24 07:00:00,2026-04-24 14:00:00,2026-04-24 07:00:00,2026-04-24 07:00:00,,18000.0,18000.0,,,,,0.0,0.0,,,,,,,,
2026-04-24,0.0,Union Station Homeless Services,38.0,24.0,0.0,,0.0827,CA,WORKED,WORKED,2026-04-24 07:00:00,2026-04-24 15:30:00,2026-04-24 06:00:00,2026-04-24 06:00:00,,28800.0,28800.0,,,,,0.0,0.0,,,,,,,,
2026-04-25,0.0,Union Station Homeless Services,38.0,24.0,0.0,,0.0827,CA,WORKED,WORKED,2026-04-25 07:00:00,2026-04-25 15:30:00,2026-04-25 06:00:00,2026-04-25 06:00:00,,28800.0,28800.0,,,,,0.0,0.0,,,,,,,,
2026-04-20,0.0,Universal Music Group,33.63,19.0,0.0,0.12,0.0827,CA,WORKED,WORKED,2026-04-20 10:00:00,2026-04-20 15:00:00,2026-04-20 10:03:00,2026-04-20 10:03:00,,17040.0,17040.0,,,,,0.0,0.0,,,,,,,,
2026-04-22,0.0,Universal Music Group,33.63,19.0,0.0,0.12,0.0827,CA,WORKED,WORKED,2026-04-22 10:00:00,2026-04-22 15:00:00,2026-04-22 10:00:00,2026-04-22 10:00:00,EMPLOYEE,17700.0,17700.0,,,,,,,,,,,,,,
2026-04-20,0.0,USC Verdugo Hills Hospital,38.15,23.7,0.0,0.09,0.0827,CA,WORKED,WORKED,2026-04-20 06:00:00,2026-04-20 14:30:00,2026-04-20 06:00:00,2026-04-20 06:00:00,,28800.0,28800.0,,,,,0.0,0.0,,,,,,,,
2026-04-21,0.0,USC Verdugo Hills Hospital,37.95,23.0,0.0,0.09,0.0827,CA,WORKED,WORKED,2026-04-21 16:30:00,2026-04-21 20:30:00,2026-04-21 16:30:00,2026-04-21 16:30:00,,14400.0,14400.0,,,,,0.0,0.0,,,,,,,,
2026-04-21,0.0,USC Verdugo Hills Hospital,38.15,23.7,0.0,0.09,0.0827,CA,WORKED,WORKED,2026-04-21 06:00:00,2026-04-21 14:30:00,2026-04-21 06:00:00,2026-04-21 06:00:00,,28800.0,28800.0,,,,,0.0,0.0,,,,,,,,
2026-04-24,0.0,USC Verdugo Hills Hospital,38.15,23.7,0.0,0.09,0.0827,CA,WORKED,WORKED,2026-04-24 06:00:00,2026-04-24 14:30:00,2026-04-24 06:00:00,2026-04-24 06:00:00,,28800.0,28800.0,,,,,0.0,0.0,,,,,,,,
2026-04-24,0.0,USC Verdugo Hills Hospital,33.81,21.0,0.0,0.09,0.0827,CA,WORKED,WORKED,2026-04-24 12:00:00,2026-04-24 20:30:00,2026-04-24 12:31:00,2026-04-24 12:31:00,,26640.0,26640.0,,,,,0.0,0.0,,,,,,,,
2026-04-25,0.0,USC Verdugo Hills Hospital,33.81,21.0,0.0,0.09,0.0827,CA,WORKED,WORKED,2026-04-25 12:00:00,2026-04-25 20:30:00,2026-04-25 12:05:00,2026-04-25 12:05:00,,28800.0,28800.0,,,,,0.0,0.0,,,,,,,,
2026-04-20,0.0,VEA Hotel - Newport Beach,48.24,30.15,0.0,0.01,0.0827,CA,WORKED,WORKED,2026-04-20 06:00:00,2026-04-20 14:30:00,2026-04-20 06:01:00,2026-04-20 06:01:00,,28980.0,28980.0,,,,,,,,,,,,,,
2026-04-20,0.0,VEA Hotel - Newport Beach,48.24,30.15,0.0,0.01,0.0827,CA,WORKED,WORKED,2026-04-20 12:00:00,2026-04-20 20:30:00,2026-04-20 12:00:00,2026-04-20 12:00:00,,28800.0,28800.0,,,,,,0.0,,,,,,,,
2026-04-22,0.0,VEA Hotel - Newport Beach,48.24,30.15,0.0,0.01,0.0827,CA,WORKED,WORKED,2026-04-22 06:00:00,2026-04-22 14:30:00,2026-04-22 05:57:00,2026-04-22 05:57:00,,28680.0,28680.0,,,,,0.0,0.0,,,,,,,,
2026-04-22,0.0,VEA Hotel - Newport Beach,48.24,30.15,0.0,0.01,0.0827,CA,WORKED,WORKED,2026-04-22 06:00:00,2026-04-22 14:30:00,2026-04-22 05:58:00,2026-04-22 05:58:00,,28920.0,28920.0,,,,,0.0,0.0,,,,,,,,
2026-04-23,0.0,VEA Hotel - Newport Beach,48.24,30.15,0.0,0.01,0.0827,CA,WORKED,WORKED,2026-04-23 13:00:00,2026-04-23 21:30:00,2026-04-23 12:55:00,2026-04-23 12:55:00,,26520.0,26520.0,,,,,0.0,0.0,,,,,,,,
2026-04-23,0.0,VEA Hotel - Newport Beach,48.24,30.15,0.0,0.01,0.0827,CA,WORKED,WORKED,2026-04-23 13:00:00,2026-04-23 21:30:00,2026-04-23 13:00:00,2026-04-23 13:00:00,,26220.0,26220.0,,,,,0.0,0.0,,,,,,,,
2026-04-24,0.0,VEA Hotel - Newport Beach,48.24,30.15,0.0,0.01,0.0827,CA,WORKED,WORKED,2026-04-24 14:00:00,2026-04-24 22:30:00,2026-04-24 14:00:00,2026-04-24 14:00:00,,28800.0,28800.0,,,,,,,,,,,,,,
2026-04-24,0.0,VEA Hotel - Newport Beach,48.24,30.15,0.0,0.01,0.0827,CA,WORKED,WORKED,2026-04-24 06:00:00,2026-04-24 14:30:00,2026-04-24 06:01:00,2026-04-24 06:01:00,,26580.0,26580.0,,,,,0.0,0.0,,,,,,,,
2026-04-24,0.0,VEA Hotel - Newport Beach,48.24,30.15,0.0,0.01,0.0827,CA,WORKED,WORKED,2026-04-24 14:00:00,2026-04-24 22:30:00,2026-04-24 14:00:00,2026-04-24 14:00:00,,29580.0,29580.0,,,,,0.0,0.0,,,,,,,,
2026-04-25,0.0,VEA Hotel - Newport Beach,48.24,30.15,0.0,0.01,0.0827,CA,WORKED,WORKED,2026-04-25 12:00:00,2026-04-25 20:30:00,2026-04-25 11:58:00,2026-04-25 11:58:00,,28740.0,28740.0,,,,,0.0,0.0,,,,,,,,
2026-04-25,0.0,VEA Hotel - Newport Beach,48.24,30.15,0.0,0.01,0.0827,CA,WORKED,WORKED,2026-04-25 12:00:00,2026-04-25 20:30:00,2026-04-25 12:00:00,2026-04-25 12:00:00,,28800.0,28800.0,,,,,,0.0,,,,,,,,
2026-04-25,0.0,VEA Hotel - Newport Beach,48.24,30.15,0.0,0.01,0.0827,CA,WORKED,WORKED,2026-04-25 12:00:00,2026-04-25 20:30:00,2026-04-25 12:00:00,2026-04-25 12:00:00,,28680.0,28680.0,,,,,0.0,0.0,,,,,,,,
2026-04-25,0.0,VEA Hotel - Newport Beach,48.24,30.15,0.0,0.01,0.0827,CA,WORKED,WORKED,2026-04-25 12:00:00,2026-04-25 20:30:00,2026-04-25 12:00:00,2026-04-25 12:00:00,,28800.0,28800.0,,,,,,,,,,,,,,
2026-04-26,0.0,VEA Hotel - Newport Beach,48.24,30.15,0.0,0.01,0.0827,CA,WORKED,WORKED,2026-04-26 12:00:00,2026-04-26 20:30:00,2026-04-26 12:00:00,2026-04-26 12:00:00,,36000.0,36000.0,,,,,0.0,0.0,,,,,,,,
2026-04-26,0.0,VEA Hotel - Newport Beach,48.24,30.15,0.0,0.01,0.0827,CA,WORKED,WORKED,2026-04-26 12:00:00,2026-04-26 20:30:00,2026-04-26 12:00:00,2026-04-26 12:00:00,,28800.0,28800.0,,,,,,0.0,,,,,,,,
2026-04-22,0.0,VH Property Corp. dba Trump National Golf Club Los Angeles,33.35,23.0,0.0,,0.1115,CA,WORKED,WORKED,2026-04-22 14:30:00,2026-04-22 23:00:00,2026-04-22 14:31:00,2026-04-22 14:31:00,,26400.0,26400.0,,,,,0.0,0.0,,,,,,,,
2026-04-22,0.0,VH Property Corp. dba Trump National Golf Club Los Angeles,33.35,23.0,0.0,,0.1115,CA,WORKED,WORKED,2026-04-22 14:30:00,2026-04-22 23:00:00,2026-04-22 14:30:00,2026-04-22 14:30:00,,27060.0,27060.0,,,,,0.0,0.0,,,,,,,,
2026-04-23,0.0,VH Property Corp. dba Trump National Golf Club Los Angeles,33.35,23.0,0.0,,0.1115,CA,WORKED,WORKED,2026-04-23 14:30:00,2026-04-23 23:00:00,2026-04-23 14:32:00,2026-04-23 14:32:00,,28860.0,28860.0,,,,,0.0,0.0,,,,,,,,
2026-04-23,0.0,VH Property Corp. dba Trump National Golf Club Los Angeles,33.35,23.0,0.0,,0.1115,CA,WORKED,WORKED,2026-04-23 14:30:00,2026-04-23 23:00:00,2026-04-23 14:30:00,2026-04-23 14:30:00,,28920.0,28920.0,,,,,0.0,0.0,,,,,,,,
2026-04-24,0.0,VH Property Corp. dba Trump National Golf Club Los Angeles,33.35,23.0,0.0,,0.1115,CA,WORKED,WORKED,2026-04-24 14:30:00,2026-04-24 23:00:00,2026-04-24 14:30:00,2026-04-24 14:30:00,,32400.0,32400.0,,,,,0.0,0.0,,,,,,,,
2026-04-24,0.0,VH Property Corp. dba Trump National Golf Club Los Angeles,28.0,20.0,0.0,,0.1115,CA,WORKED,WORKED,2026-04-24 19:00:00,2026-04-25 00:00:00,2026-04-24 19:00:00,2026-04-24 19:00:00,,20700.0,20700.0,,,,,0.0,0.0,,,,,,,,
2026-04-24,0.0,VH Property Corp. dba Trump National Golf Club Los Angeles,33.35,23.0,0.0,,0.1115,CA,WORKED,WORKED,2026-04-24 14:30:00,2026-04-24 23:00:00,2026-04-24 14:34:00,2026-04-24 14:34:00,,32160.0,32160.0,,,,,0.0,0.0,,,,,,,,
2026-04-25,0.0,VH Property Corp. dba Trump National Golf Club Los Angeles,33.35,23.0,0.0,,0.1115,CA,WORKED,WORKED,2026-04-25 15:30:00,2026-04-26 00:00:00,2026-04-25 14:56:00,2026-04-25 14:56:00,,29640.0,29640.0,,,,,0.0,0.0,,,,,,,,
2026-04-25,0.0,VH Property Corp. dba Trump National Golf Club Los Angeles,33.35,23.0,0.0,,0.1115,CA,WORKED,WORKED,2026-04-25 15:30:00,2026-04-26 00:00:00,2026-04-25 14:31:00,2026-04-25 14:31:00,,31200.0,31200.0,,,,,0.0,0.0,,,,,,,,
2026-04-26,0.0,VH Property Corp. dba Trump National Golf Club Los Angeles,33.35,23.0,0.0,,0.1115,CA,WORKED,WORKED,2026-04-26 15:30:00,2026-04-27 00:00:00,2026-04-26 15:31:00,2026-04-26 15:31:00,,28380.0,28380.0,,,,,0.0,0.0,,,,,,,,
2026-04-26,0.0,VH Property Corp. dba Trump National Golf Club Los Angeles,33.35,23.0,0.0,,0.1115,CA,WORKED,WORKED,2026-04-26 07:00:00,2026-04-26 15:30:00,2026-04-26 06:58:00,2026-04-26 06:58:00,,28860.0,28860.0,,,,,0.0,0.0,,,,,,,,
2026-04-26,0.0,VH Property Corp. dba Trump National Golf Club Los Angeles,33.35,23.0,0.0,,0.1115,CA,WORKED,WORKED,2026-04-26 07:00:00,2026-04-26 15:30:00,2026-04-26 07:00:00,2026-04-26 07:00:00,,28800.0,28800.0,,,,,0.0,0.0,,,,,,,,
2026-04-26,0.0,VH Property Corp. dba Trump National Golf Club Los Angeles,33.35,23.0,0.0,,0.1115,CA,WORKED,WORKED,2026-04-26 15:30:00,2026-04-27 00:00:00,2026-04-26 15:29:00,2026-04-26 15:29:00,,28560.0,28560.0,,,,,0.0,0.0,,,,,,,,
2026-04-25,0.0,Vibiana Events and Redbird Events,45.0,28.0,0.0,,0.0827,CA,WORKED,WORKED,2026-04-25 16:00:00,2026-04-26 00:00:00,2026-04-25 16:00:00,2026-04-25 16:00:00,,26100.0,26100.0,,,,,,,,,,,,,,
2026-04-25,0.0,Vibiana Events and Redbird Events,45.0,28.0,0.0,,0.0827,CA,WORKED,WORKED,2026-04-25 16:00:00,2026-04-26 00:00:00,2026-04-25 16:00:00,2026-04-25 16:00:00,,27000.0,27000.0,,,,,0.0,0.0,,,,,,,,
2026-04-25,0.0,Vibiana Events and Redbird Events,45.0,28.0,0.0,,0.0827,CA,WORKED,WORKED,2026-04-25 16:00:00,2026-04-26 00:00:00,2026-04-25 16:00:00,2026-04-25 16:00:00,,27000.0,27000.0,,,,,0.0,0.0,,,,,,,,
2026-04-25,0.0,Vibiana Events and Redbird Events,45.0,28.0,0.0,,0.0827,CA,WORKED,WORKED,2026-04-25 16:00:00,2026-04-26 00:00:00,2026-04-25 16:00:00,2026-04-25 16:18:00,CLIENT,25500.0,24420.0,,,,,,,,,,,,,,
2026-04-25,0.0,Vibiana Events and Redbird Events,45.0,28.0,0.0,,0.0827,CA,WORKED,WORKED,2026-04-25 16:00:00,2026-04-26 00:00:00,2026-04-25 16:00:00,2026-04-25 16:00:00,,25500.0,25500.0,,,,,0.0,0.0,,,,,,,,
2026-04-25,0.0,Vibiana Events and Redbird Events,45.0,28.0,0.0,,0.0827,CA,WORKED,WORKED,2026-04-25 16:00:00,2026-04-26 00:00:00,2026-04-25 16:07:00,2026-04-25 16:07:00,,25140.0,25140.0,,,,,0.0,0.0,,,,,,,,
2026-04-25,0.0,Vibiana Events and Redbird Events,45.0,28.0,0.0,,0.0827,CA,WORKED,WORKED,2026-04-25 16:00:00,2026-04-26 00:00:00,2026-04-25 16:10:00,2026-04-25 16:00:00,EMPLOYEE,27360.0,26160.0,,,,,,,,,,,,,,
2026-04-25,0.0,Vibiana Events and Redbird Events,45.0,28.0,0.0,,0.0827,CA,WORKED,WORKED,2026-04-25 16:00:00,2026-04-26 00:00:00,2026-04-25 16:00:00,2026-04-25 16:00:00,,27000.0,27000.0,,,,,0.0,0.0,,,,,,,,
2026-04-25,0.0,Vibiana Events and Redbird Events,45.0,28.0,0.0,,0.0827,CA,WORKED,WORKED,2026-04-25 16:00:00,2026-04-26 00:00:00,2026-04-25 16:00:00,2026-04-25 16:00:00,CLIENT,25620.0,26220.0,,,,,,,,,,,,,,
2026-04-25,0.0,Vibiana Events and Redbird Events,45.0,28.0,0.0,,0.0827,CA,WORKED,WORKED,2026-04-25 16:00:00,2026-04-26 00:00:00,2026-04-25 16:00:00,2026-04-25 16:00:00,,26160.0,26160.0,,,,,0.0,0.0,,,,,,,,
2026-04-25,0.0,Vibiana Events and Redbird Events,45.0,28.0,0.0,,0.0827,CA,WORKED,WORKED,2026-04-25 16:00:00,2026-04-26 00:00:00,2026-04-25 16:00:00,2026-04-25 16:00:00,EMPLOYEE,27360.0,25620.0,,,,,,,,,,,,,,
2026-04-25,0.0,Vibiana Events and Redbird Events,45.0,28.0,0.0,,0.0827,CA,WORKED,WORKED,2026-04-25 16:00:00,2026-04-26 00:00:00,2026-04-25 16:00:00,2026-04-25 16:00:00,,26160.0,26160.0,,,,,0.0,0.0,,,,,,,,
2026-04-25,0.0,Vibiana Events and Redbird Events,45.0,28.0,0.0,,0.0827,CA,WORKED,WORKED,2026-04-25 15:15:00,2026-04-26 00:30:00,2026-04-25 15:15:00,2026-04-25 15:15:00,,31200.0,31200.0,,,,,0.0,0.0,,,,,,,,
2026-04-25,0.0,Vibiana Events and Redbird Events,45.0,28.0,0.0,,0.0827,CA,WORKED,WORKED,2026-04-25 15:15:00,2026-04-26 00:30:00,2026-04-25 15:45:00,2026-04-25 15:45:00,,29700.0,29700.0,,,,,0.0,0.0,,,,,,,,
2026-04-25,0.0,Vibiana Events and Redbird Events,45.0,28.0,0.0,,0.0827,CA,WORKED,WORKED,2026-04-25 16:00:00,2026-04-26 00:00:00,2026-04-25 16:00:00,2026-04-25 16:00:00,EMPLOYEE,27960.0,26160.0,,,,,,,,,,,,,,
2026-04-25,0.0,Vibiana Events and Redbird Events,45.0,28.0,0.0,,0.0827,CA,WORKED,WORKED,2026-04-25 15:15:00,2026-04-26 00:30:00,2026-04-25 15:20:00,2026-04-25 15:20:00,,30660.0,30660.0,,,,,0.0,0.0,,,,,,,,
2026-04-25,0.0,Vibiana Events and Redbird Events,45.0,28.0,0.0,,0.0827,CA,WORKED,WORKED,2026-04-25 16:00:00,2026-04-26 00:00:00,2026-04-25 16:00:00,2026-04-25 16:00:00,EMPLOYEE,26040.0,26100.0,,,,,,,,,,,,,,
2026-04-25,0.0,Vibiana Events and Redbird Events,45.0,28.0,0.0,,0.0827,CA,WORKED,WORKED,2026-04-25 15:15:00,2026-04-26 00:30:00,2026-04-25 15:15:00,2026-04-25 15:15:00,,30720.0,30720.0,,,,,0.0,0.0,,,,,,,,
2026-04-25,0.0,Vibiana Events and Redbird Events,45.0,28.0,0.0,,0.0827,CA,WORKED,WORKED,2026-04-25 16:00:00,2026-04-26 00:00:00,2026-04-25 17:30:00,2026-04-25 17:30:00,,22200.0,22200.0,,,,,,,,,,,,,,
2026-04-20,0.0,Viceroy Santa Monica Hotel,34.87,22.5,0.0,,0.0827,CA,WORKED,WORKED,2026-04-20 07:00:00,2026-04-20 15:00:00,2026-04-20 07:01:00,2026-04-20 07:01:00,,26100.0,26100.0,,,,,0.0,0.0,,,,,,,,
2026-04-20,0.0,Viceroy Santa Monica Hotel,49.1,31.68,0.0,,0.0827,CA,WORKED,WORKED,2026-04-20 14:30:00,2026-04-20 22:30:00,2026-04-20 14:30:00,2026-04-20 14:30:00,,28200.0,28200.0,,,,,0.0,0.0,,,,,,,,
2026-04-21,0.0,Viceroy Santa Monica Hotel,49.1,31.68,0.0,,0.0827,CA,WORKED,WORKED,2026-04-21 14:30:00,2026-04-21 22:30:00,2026-04-21 14:00:00,2026-04-21 14:00:00,,30000.0,30000.0,,,,,0.0,0.0,,,,,,,,
2026-04-21,0.0,Viceroy Santa Monica Hotel,34.87,22.5,0.0,,0.0827,CA,WORKED,WORKED,2026-04-21 15:00:00,2026-04-21 23:00:00,2026-04-21 15:00:00,2026-04-21 15:00:00,,27000.0,27000.0,,,,,0.0,0.0,,,,,,,,
2026-04-22,0.0,Viceroy Santa Monica Hotel,49.1,31.69,0.0,,0.0827,CA,WORKED,WORKED,2026-04-22 14:00:00,2026-04-22 22:00:00,2026-04-22 14:35:00,2026-04-22 14:35:00,,26700.0,26700.0,,,,,0.0,0.0,,,,,,,,
2026-04-24,0.0,Viceroy Santa Monica Hotel,39.6,24.52,0.0,,0.0827,CA,WORKED,WORKED,2026-04-24 12:00:00,2026-04-24 20:00:00,2026-04-24 12:01:00,2026-04-24 12:01:00,,25080.0,25080.0,,,,,0.0,0.0,,,,,,,,
2026-04-24,0.0,Viceroy Santa Monica Hotel,43.59,24.75,0.0,,0.0827,CA,WORKED,WORKED,2026-04-24 16:00:00,2026-04-24 23:00:00,2026-04-24 16:01:00,2026-04-24 16:01:00,EMPLOYEE,19920.0,19920.0,,,,,,,,,,,,,,
2026-04-25,0.0,Viceroy Santa Monica Hotel,34.87,22.5,0.0,,0.0827,CA,WORKED,WORKED,2026-04-25 15:00:00,2026-04-25 23:00:00,2026-04-25 15:00:00,2026-04-25 15:00:00,EMPLOYEE,27000.0,27000.0,,,,,,,,,,,,,,
2026-04-25,0.0,Viceroy Santa Monica Hotel,39.6,24.52,0.0,,0.0827,CA,WORKED,WORKED,2026-04-25 12:00:00,2026-04-25 20:00:00,2026-04-25 11:49:00,2026-04-25 11:49:00,,27540.0,27540.0,,,,,0.0,0.0,,,,,,,,
2026-04-25,0.0,Viceroy Santa Monica Hotel,39.6,24.52,0.0,,0.0827,CA,WORKED,WORKED,2026-04-25 14:30:00,2026-04-25 22:30:00,2026-04-25 14:30:00,2026-04-25 14:30:00,,28800.0,28800.0,,,,,0.0,0.0,,,,,,,,
2026-04-25,0.0,Viceroy Santa Monica Hotel,49.1,31.68,0.0,,0.0827,CA,WORKED,WORKED,2026-04-25 15:00:00,2026-04-25 23:00:00,2026-04-25 14:45:00,2026-04-25 14:45:00,,29700.0,29700.0,,,,,0.0,0.0,,,,,,,,
2026-04-25,0.0,Viceroy Santa Monica Hotel,34.87,22.5,0.0,,0.0827,CA,WORKED,WORKED,2026-04-25 15:00:00,2026-04-25 23:00:00,2026-04-25 14:56:00,2026-04-25 14:56:00,,27420.0,27420.0,,,,,0.0,0.0,,,,,,,,
2026-04-26,0.0,Viceroy Santa Monica Hotel,34.87,22.5,0.0,,0.0827,CA,WORKED,WORKED,2026-04-26 15:00:00,2026-04-26 23:00:00,2026-04-26 15:00:00,2026-04-26 15:00:00,,27000.0,27000.0,,,,,0.0,0.0,,,,,,,,
2026-04-26,0.0,Viceroy Santa Monica Hotel,49.1,31.68,0.0,,0.0827,CA,WORKED,WORKED,2026-04-26 14:00:00,2026-04-26 22:00:00,2026-04-26 14:00:00,2026-04-26 14:00:00,,28800.0,28800.0,,,,,0.0,0.0,,,,,,,,
2026-04-22,0.0,Villa Portofino,35.2,22.0,0.0,,0.0827,CA,WORKED,WORKED,2026-04-22 16:00:00,2026-04-22 20:15:00,2026-04-22 16:15:00,2026-04-22 16:00:00,EMPLOYEE,15300.0,16200.0,,,,,,,,,,,,,,
2026-04-25,0.0,VP Op Co LLC | The Aster LA,33.6,21.0,0.0,,0.0827,CA,WORKED,WORKED,2026-04-25 16:00:00,2026-04-26 00:00:00,2026-04-25 16:00:00,2026-04-25 16:00:00,,27000.0,27000.0,,,,,0.0,0.0,,,,,,,,
2026-04-26,0.0,West Angeles Church of God in Christ Inc,35.0,23.0,0.0,,0.0827,CA,WORKED,WORKED,2026-04-26 08:00:00,2026-04-26 14:00:00,2026-04-26 08:00:00,2026-04-26 08:00:00,,19800.0,19800.0,,,,,0.0,0.0,,,,,,,,
2026-04-20,0.0,Wolfgang Puck Catering,40.71,25.0,0.0,0.12,0.0827,CA,WORKED,WORKED,2026-04-20 10:00:00,2026-04-20 15:00:00,2026-04-20 10:00:00,2026-04-20 10:00:00,CLIENT,18000.0,18600.0,,,,,,,,,,,,,,
2026-04-20,0.0,Wolfgang Puck Catering,40.71,25.0,0.0,0.12,0.0827,CA,WORKED,WORKED,2026-04-20 10:00:00,2026-04-20 15:00:00,2026-04-20 10:00:00,2026-04-20 10:00:00,CLIENT,18000.0,18660.0,,,,,,,,,,,,,,
2026-04-20,0.0,Wolfgang Puck Catering,40.71,25.0,0.0,0.12,0.0827,CA,WORKED,WORKED,2026-04-20 10:00:00,2026-04-20 15:00:00,2026-04-20 10:00:00,2026-04-20 10:00:00,CLIENT,18000.0,18600.0,,,,,,,,,,,,,,
2026-04-20,0.0,Wolfgang Puck Catering,40.71,25.0,0.0,0.12,0.0827,CA,WORKED,WORKED,2026-04-20 10:00:00,2026-04-20 15:00:00,2026-04-20 10:00:00,2026-04-20 10:00:00,,18000.0,18000.0,,,,,0.0,0.0,,,,,,,,
2026-04-21,0.0,Wolfgang Puck Catering,35.4,20.0,0.0,0.12,0.0827,CA,WORKED,WORKED,2026-04-21 18:30:00,2026-04-21 23:00:00,2026-04-21 18:30:00,2026-04-21 18:30:00,,16200.0,16200.0,,,,,0.0,0.0,,,,,,,,
2026-04-22,0.0,Wolfgang Puck Catering,40.71,25.0,0.0,0.12,0.0827,CA,WORKED,WORKED,2026-04-22 17:00:00,2026-04-22 23:00:00,2026-04-22 17:01:00,2026-04-22 17:01:00,,14880.0,14880.0,,,,,0.0,0.0,,,,,,,,
2026-04-22,0.0,Wolfgang Puck Catering,40.71,25.0,0.0,0.12,0.0827,CA,WORKED,WORKED,2026-04-22 15:00:00,2026-04-22 20:00:00,2026-04-22 15:00:00,2026-04-22 15:00:00,,18000.0,18000.0,,,,,0.0,0.0,,,,,,,,
2026-04-22,0.0,Wolfgang Puck Catering,40.71,25.0,0.0,0.12,0.0827,CA,WORKED,WORKED,2026-04-22 17:00:00,2026-04-22 23:00:00,2026-04-22 17:00:00,2026-04-22 17:00:00,,14760.0,14760.0,,,,,0.0,0.0,,,,,,,,
2026-04-22,0.0,Wolfgang Puck Catering,40.71,25.0,0.0,0.12,0.0827,CA,WORKED,WORKED,2026-04-22 15:00:00,2026-04-22 20:00:00,2026-04-22 15:00:00,2026-04-22 15:00:00,,18000.0,18000.0,,,,,0.0,0.0,,,,,,,,
2026-04-22,0.0,Wolfgang Puck Catering,40.71,25.0,0.0,0.12,0.0827,CA,WORKED,WORKED,2026-04-22 17:00:00,2026-04-22 23:00:00,2026-04-22 17:00:00,2026-04-22 17:00:00,CLIENT,14400.0,21600.0,,,,,,,,,,,,,,
2026-04-22,0.0,Wolfgang Puck Catering,35.4,20.0,0.0,0.12,0.0827,CA,WORKED,WORKED,2026-04-22 21:00:00,2026-04-23 01:30:00,2026-04-22 21:02:00,2026-04-22 21:02:00,,16080.0,16080.0,,,,,0.0,0.0,,,,,,,,
2026-04-22,0.0,Wolfgang Puck Catering,40.71,25.0,0.0,0.12,0.0827,CA,WORKED,WORKED,2026-04-22 17:00:00,2026-04-22 23:00:00,2026-04-22 17:01:00,2026-04-22 17:01:00,,14940.0,14940.0,,,,,0.0,0.0,,,,,,,,
2026-04-22,0.0,Wolfgang Puck Catering,40.71,25.0,0.0,0.12,0.0827,CA,WORKED,WORKED,2026-04-22 15:00:00,2026-04-22 20:00:00,2026-04-22 15:00:00,2026-04-22 15:00:00,,18000.0,18000.0,,,,,0.0,0.0,,,,,,,,
2026-04-22,0.0,Wolfgang Puck Catering,40.71,25.0,0.0,0.12,0.0827,CA,WORKED,WORKED,2026-04-22 17:00:00,2026-04-22 23:00:00,2026-04-22 17:09:00,2026-04-22 17:09:00,,14220.0,14220.0,,,,,0.0,0.0,,,,,,,,
2026-04-22,0.0,Wolfgang Puck Catering,40.71,25.0,0.0,0.12,0.0827,CA,WORKED,WORKED,2026-04-22 17:00:00,2026-04-22 23:00:00,2026-04-22 17:00:00,2026-04-22 17:00:00,,14760.0,14760.0,,,,,0.0,0.0,,,,,,,,
2026-04-22,0.0,Wolfgang Puck Catering,40.71,25.0,0.0,0.12,0.0827,CA,WORKED,WORKED,2026-04-22 15:00:00,2026-04-22 20:00:00,2026-04-22 15:00:00,2026-04-22 15:00:00,,18000.0,18000.0,,,,,0.0,0.0,,,,,,,,
2026-04-22,0.0,Wolfgang Puck Catering,40.71,25.0,0.0,0.12,0.0827,CA,WORKED,WORKED,2026-04-22 17:00:00,2026-04-22 23:00:00,2026-04-22 17:01:00,2026-04-22 17:01:00,,14760.0,14760.0,,,,,0.0,0.0,,,,,,,,
2026-04-22,0.0,Wolfgang Puck Catering,40.71,25.0,0.0,0.12,0.0827,CA,WORKED,WORKED,2026-04-22 15:00:00,2026-04-22 20:00:00,2026-04-22 15:12:00,2026-04-22 15:12:00,,17340.0,17340.0,,,,,0.0,0.0,,,,,,,,
2026-04-22,0.0,Wolfgang Puck Catering,40.71,25.0,0.0,0.12,0.0827,CA,WORKED,WORKED,2026-04-22 17:00:00,2026-04-22 23:00:00,2026-04-22 17:02:00,2026-04-22 17:02:00,,15000.0,15000.0,,,,,0.0,0.0,,,,,,,,
2026-04-22,0.0,Wolfgang Puck Catering,40.71,25.0,0.0,0.12,0.0827,CA,WORKED,WORKED,2026-04-22 15:00:00,2026-04-22 20:00:00,2026-04-22 15:03:00,2026-04-22 15:03:00,,17220.0,17220.0,,,,,0.0,0.0,,,,,,,,
2026-04-22,0.0,Wolfgang Puck Catering,40.71,25.0,0.0,0.12,0.0827,CA,WORKED,WORKED,2026-04-22 17:00:00,2026-04-22 23:00:00,2026-04-22 17:00:00,2026-04-22 17:00:00,,15180.0,15180.0,,,,,0.0,0.0,,,,,,,,
2026-04-22,0.0,Wolfgang Puck Catering,40.71,25.0,0.0,0.12,0.0827,CA,WORKED,WORKED,2026-04-22 17:00:00,2026-04-22 23:00:00,2026-04-22 17:19:00,2026-04-22 17:19:00,,13620.0,13620.0,,,,,0.0,0.0,,,,,,,,
2026-04-22,0.0,Wolfgang Puck Catering,40.71,25.0,0.0,0.12,0.0827,CA,WORKED,WORKED,2026-04-22 15:00:00,2026-04-22 20:00:00,2026-04-22 15:00:00,2026-04-22 14:57:00,CLIENT,18000.0,18240.0,,,,,,,,,,,,,,
2026-04-23,0.0,Wolfgang Puck Catering,40.71,25.0,0.0,0.12,0.0827,CA,WORKED,WORKED,2026-04-23 09:00:00,2026-04-23 14:30:00,2026-04-23 09:30:00,2026-04-23 09:31:00,CLIENT,18000.0,18120.0,,,,,,,,,,,,,,
2026-04-23,0.0,Wolfgang Puck Catering,40.71,25.0,0.0,0.12,0.0827,CA,WORKED,WORKED,2026-04-23 09:00:00,2026-04-23 14:30:00,2026-04-23 09:15:00,2026-04-23 09:15:00,,18000.0,18000.0,,,,,,0.0,,,,,,,,
2026-04-23,0.0,Wolfgang Puck Catering,40.71,25.0,0.0,0.12,0.0827,CA,WORKED,WORKED,2026-04-23 15:00:00,2026-04-23 20:30:00,2026-04-23 15:00:00,2026-04-23 15:01:00,CLIENT,18000.0,18060.0,,,,,,,,,,,,,,
2026-04-23,0.0,Wolfgang Puck Catering,40.71,25.0,0.0,0.12,0.0827,CA,WORKED,WORKED,2026-04-23 09:00:00,2026-04-23 14:30:00,2026-04-23 09:15:00,2026-04-23 09:12:00,CLIENT,18000.0,18240.0,,,,,,,,,,,,,,
2026-04-23,0.0,Wolfgang Puck Catering,40.71,25.0,0.0,0.12,0.0827,CA,WORKED,WORKED,2026-04-23 09:00:00,2026-04-23 14:30:00,2026-04-23 09:10:00,2026-04-23 09:10:00,CLIENT,18000.0,18300.0,,,,,,,,,,,,,,
2026-04-23,0.0,Wolfgang Puck Catering,40.71,25.0,0.0,0.12,0.0827,CA,WORKED,WORKED,2026-04-23 09:00:00,2026-04-23 14:30:00,2026-04-23 09:15:00,2026-04-23 09:24:00,CLIENT,18000.0,17700.0,,,,,,,,,,,,,,
2026-04-23,0.0,Wolfgang Puck Catering,40.71,25.0,0.0,0.12,0.0827,CA,WORKED,WORKED,2026-04-23 09:00:00,2026-04-23 14:30:00,2026-04-23 09:00:00,2026-04-23 09:00:00,CLIENT,18000.0,17880.0,,,,,,,,,,,,,,
2026-04-23,0.0,Wolfgang Puck Catering,40.71,25.0,0.0,0.12,0.0827,CA,WORKED,WORKED,2026-04-23 15:00:00,2026-04-23 20:30:00,2026-04-23 15:00:00,2026-04-23 15:00:00,,18000.0,18000.0,,,,,0.0,0.0,,,,,,,,
2026-04-23,0.0,Wolfgang Puck Catering,40.71,25.0,0.0,0.12,0.0827,CA,WORKED,WORKED,2026-04-23 09:00:00,2026-04-23 14:30:00,2026-04-23 09:15:00,2026-04-23 09:01:00,CLIENT,18000.0,19380.0,,,,,,,,,,,,,,
2026-04-23,0.0,Wolfgang Puck Catering,35.4,20.0,0.0,0.12,0.0827,CA,WORKED,WORKED,2026-04-23 17:00:00,2026-04-23 22:00:00,2026-04-23 17:00:00,2026-04-23 17:00:00,,16380.0,16380.0,,,,,0.0,0.0,,,,,,,,
2026-04-23,0.0,Wolfgang Puck Catering,40.71,25.0,0.0,0.12,0.0827,CA,WORKED,WORKED,2026-04-23 09:00:00,2026-04-23 14:30:00,2026-04-23 09:07:00,2026-04-23 09:07:00,,18000.0,18000.0,,,,,0.0,0.0,,,,,,,,
2026-04-23,0.0,Wolfgang Puck Catering,40.71,25.0,0.0,0.12,0.0827,CA,WORKED,WORKED,2026-04-23 09:00:00,2026-04-23 14:30:00,2026-04-23 09:00:00,2026-04-23 09:00:00,,18000.0,18000.0,,,,,0.0,0.0,,,,,,,,
2026-04-23,0.0,Wolfgang Puck Catering,40.71,25.0,0.0,0.12,0.0827,CA,WORKED,WORKED,2026-04-23 09:00:00,2026-04-23 14:30:00,2026-04-23 09:16:00,2026-04-23 09:16:00,,18000.0,18000.0,,,,,0.0,0.0,,,,,,,,
2026-04-25,0.0,Wolfgang Puck Catering,40.71,25.0,0.0,0.12,0.0827,CA,WORKED,WORKED,2026-04-25 06:30:00,2026-04-25 11:30:00,2026-04-25 06:30:00,2026-04-25 06:08:00,CLIENT,16500.0,17820.0,,,,,,,,,,,,,,
2026-04-25,0.0,Wolfgang Puck Catering,40.71,25.0,0.0,0.12,0.0827,CA,WORKED,WORKED,2026-04-25 14:00:00,2026-04-25 21:00:00,2026-04-25 14:00:00,2026-04-25 14:00:00,,20460.0,20460.0,,,,,0.0,0.0,,,,,,,,
2026-04-25,0.0,Wolfgang Puck Catering,40.71,25.0,0.0,0.12,0.0827,CA,WORKED,WORKED,2026-04-25 14:00:00,2026-04-25 21:00:00,2026-04-25 14:00:00,2026-04-25 14:00:00,EMPLOYEE,20700.0,20700.0,,,,,,,,,,,,,,
2026-04-25,0.0,Wolfgang Puck Catering,40.71,25.0,0.0,0.12,0.0827,CA,WORKED,WORKED,2026-04-25 07:00:00,2026-04-25 14:30:00,2026-04-25 07:00:00,2026-04-25 07:00:00,,25320.0,25320.0,,,,,0.0,0.0,,,,,,,,
2026-04-25,0.0,Wolfgang Puck Catering,40.71,25.0,0.0,0.12,0.0827,CA,WORKED,WORKED,2026-04-25 14:00:00,2026-04-25 21:00:00,2026-04-25 13:58:00,2026-04-25 13:58:00,,20580.0,20580.0,,,,,0.0,0.0,,,,,,,,
2026-04-25,0.0,Wolfgang Puck Catering,35.4,20.0,0.0,0.12,0.0827,CA,WORKED,WORKED,2026-04-25 11:30:00,2026-04-25 16:30:00,2026-04-25 11:30:00,2026-04-25 11:30:00,,17100.0,17100.0,,,,,0.0,0.0,,,,,,,,
2026-04-25,0.0,Wolfgang Puck Catering,40.71,25.0,0.0,0.12,0.0827,CA,WORKED,WORKED,2026-04-25 06:30:00,2026-04-25 11:30:00,2026-04-25 06:30:00,2026-04-25 06:30:00,,16200.0,16200.0,,,,,0.0,0.0,,,,,,,,
2026-04-25,0.0,Wolfgang Puck Catering,40.71,25.0,0.0,0.12,0.0827,CA,WORKED,WORKED,2026-04-25 07:00:00,2026-04-25 14:30:00,2026-04-25 07:02:00,2026-04-25 07:02:00,,25140.0,25140.0,,,,,0.0,0.0,,,,,,,,
2026-04-25,0.0,Wolfgang Puck Catering,40.71,25.0,0.0,0.12,0.0827,CA,WORKED,WORKED,2026-04-25 14:00:00,2026-04-25 21:00:00,2026-04-25 14:00:00,2026-04-25 14:00:00,,20460.0,20460.0,,,,,0.0,0.0,,,,,,,,
2026-04-25,0.0,Wolfgang Puck Catering,40.71,25.0,0.0,0.12,0.0827,CA,NOSHOW,NOSHOW,2026-04-25 06:30:00,2026-04-25 11:30:00,,,,0.0,0.0,,,,,,,,,,,,,,
2026-04-25,0.0,Wolfgang Puck Catering,40.71,25.0,0.0,0.12,0.0827,CA,WORKED,WORKED,2026-04-25 14:00:00,2026-04-25 21:00:00,2026-04-25 14:00:00,2026-04-25 14:00:00,CLIENT,21000.0,22860.0,,,,,,,,,,,,,,
2026-04-25,0.0,Wolfgang Puck Catering,40.71,25.0,0.0,0.12,0.0827,CA,WORKED,WORKED,2026-04-25 06:30:00,2026-04-25 11:30:00,2026-04-25 06:40:00,2026-04-25 06:40:00,,15900.0,15900.0,,,,,0.0,0.0,,,,,,,,
2026-04-25,0.0,Wolfgang Puck Catering,40.71,25.0,0.0,0.12,0.0827,CA,WORKED,WORKED,2026-04-25 07:00:00,2026-04-25 14:30:00,2026-04-25 07:04:00,2026-04-25 07:04:00,,25980.0,25980.0,,,,,0.0,0.0,,,,,,,,
2026-04-25,0.0,Wolfgang Puck Catering,40.71,25.0,0.0,0.12,0.0827,CA,WORKED,WORKED,2026-04-25 14:00:00,2026-04-25 21:00:00,2026-04-25 14:01:00,2026-04-25 14:01:00,EMPLOYEE,20580.0,20580.0,,,,,,,,,,,,,,
2026-04-25,0.0,Wolfgang Puck Catering,40.71,25.0,0.0,0.12,0.0827,CA,WORKED,WORKED,2026-04-25 07:00:00,2026-04-25 14:30:00,2026-04-25 07:01:00,2026-04-25 07:01:00,,25440.0,25440.0,,,,,0.0,0.0,,,,,,,,
2026-04-25,0.0,Wolfgang Puck Catering,40.71,25.0,0.0,0.12,0.0827,CA,WORKED,WORKED,2026-04-25 14:00:00,2026-04-25 21:00:00,2026-04-25 14:00:00,2026-04-25 14:00:00,,21600.0,21600.0,,,,,0.0,0.0,,,,,,,,
2026-04-25,0.0,Wolfgang Puck Catering,40.71,25.0,0.0,0.12,0.0827,CA,WORKED,WORKED,2026-04-25 06:30:00,2026-04-25 11:30:00,2026-04-25 06:30:00,2026-04-25 06:30:00,,16320.0,16320.0,,,,,0.0,0.0,,,,,,,,
2026-04-25,0.0,Wolfgang Puck Catering,40.71,25.0,0.0,0.12,0.0827,CA,WORKED,WORKED,2026-04-25 07:00:00,2026-04-25 14:30:00,2026-04-25 07:00:00,2026-04-25 07:00:00,,26160.0,26160.0,,,,,0.0,0.0,,,,,,,,
2026-04-25,0.0,Wolfgang Puck Catering,40.71,25.0,0.0,0.12,0.0827,CA,WORKED,WORKED,2026-04-25 14:00:00,2026-04-25 21:00:00,2026-04-25 13:58:00,2026-04-25 13:58:00,,21120.0,21120.0,,,,,0.0,0.0,,,,,,,,
2026-04-26,0.0,Wolfgang Puck Catering,40.71,25.0,0.0,0.12,0.0827,CA,WORKED,WORKED,2026-04-26 07:00:00,2026-04-26 14:30:00,2026-04-26 06:59:00,2026-04-26 06:59:00,,25440.0,25440.0,,,,,0.0,0.0,,,,,,,,
2026-04-26,0.0,Wolfgang Puck Catering,40.71,25.0,0.0,0.12,0.0827,CA,WORKED,WORKED,2026-04-26 07:00:00,2026-04-26 14:30:00,2026-04-26 07:00:00,2026-04-26 07:00:00,EMPLOYEE,28800.0,28800.0,,,,,,,,,,,,,,
2026-04-26,0.0,Wolfgang Puck Catering,40.71,25.0,0.0,0.12,0.0827,CA,WORKED,WORKED,2026-04-26 07:00:00,2026-04-26 14:30:00,2026-04-26 07:12:00,2026-04-26 07:12:00,EMPLOYEE,24480.0,24480.0,,,,,,,,,,,,,,
2026-04-26,0.0,Wolfgang Puck Catering,40.71,25.0,0.0,0.12,0.0827,CA,WORKED,WORKED,2026-04-26 07:00:00,2026-04-26 14:30:00,2026-04-26 07:00:00,2026-04-26 07:00:00,,25200.0,25200.0,,,,,0.0,0.0,,,,,,,,
2026-04-26,0.0,Wolfgang Puck Catering,40.71,25.0,0.0,0.12,0.0827,CA,WORKED,WORKED,2026-04-26 07:00:00,2026-04-26 14:30:00,2026-04-26 06:59:00,2026-04-26 06:59:00,EMPLOYEE,28860.0,28860.0,,,,,,,,,,,,,,
