event_date,shift_start,shift_end,client_name,venue_name,position_id,additional_title,position_description
2026-03-01,2026-03-01 02:00:00,2026-03-01 10:00:00,Commerce Casino,Commerce Casino - High Limit Kitchen | FOH | MON - TH,101,with Runner Duties | Overnight shift,Cashier
2026-03-01,2026-03-01 05:00:00,2026-03-01 13:30:00,People Assisting the Homeless,People Assisting the Homeless - YWCA,110,,Prep Cook 2
2026-03-01,2026-03-01 05:00:00,2026-03-01 13:30:00,PIH Health - Whittier Hospital,PIH Health - Whittier Hospital,110,,Prep Cook 2
2026-03-01,2026-03-01 05:30:00,2026-03-01 14:30:00,"Fox Studio Lot, LLC",Fox Studio - Moe's Cafe BoH,102,,Cook 2
2026-03-01,2026-03-01 05:30:00,2026-03-01 14:30:00,"Fox Studio Lot, LLC",Fox Studio - Moe's Cafe BoH,102,,Cook 2
2026-03-01,2026-03-01 06:00:00,2026-03-01 14:00:00,Commerce Casino,Commerce Casino - High Limit Kitchen | FOH | MON - TH,101,with Runner Duties,Cashier
2026-03-01,2026-03-01 06:00:00,2026-03-01 14:00:00,Commerce Casino,Commerce Casino - High Limit Kitchen | FOH | MON - TH,112,with Cashier Duties,Runner
2026-03-01,2026-03-01 06:00:00,2026-03-01 16:00:00,Indian Wells Tennis Garden,Indian Wells Tennis Gardens | Player Dining,264,,Event Supervisor
2026-03-01,2026-03-01 06:00:00,2026-03-01 12:00:00,SBLP Warner Center OPCO LLC - The Variel,The Variel of Woodland Hills,102,,Cook 2
2026-03-01,2026-03-01 06:00:00,2026-03-01 14:30:00,VEA Hotel - Newport Beach,VEA Hotel - Newport Beach | Cooks,102,,Cook 2
2026-03-01,2026-03-01 06:30:00,2026-03-01 15:00:00,Childrens Hospital Los Angeles,Childrens Hospital Los Angeles,105,,Dishwasher
2026-03-01,2026-03-01 06:30:00,2026-03-01 15:00:00,NFL LA Huddle Cafe,NFL LA Huddle Cafe,102,,Cook 2
2026-03-01,2026-03-01 07:00:00,2026-03-01 15:00:00,Blue Devils Lessee LLC | Hyatt Centric Delfina Santa Monica,Hyatt Centric Delfina Santa Monica,105,,Dishwasher
2026-03-01,2026-03-01 07:00:00,2026-03-01 15:30:00,"Fox Studio Lot, LLC",Fox Studio - Moe's Cafe BoH,105,,Dishwasher
2026-03-01,2026-03-01 07:00:00,2026-03-01 15:30:00,Indian Wells Tennis Garden,Indian Wells Tennis Gardens | Player Dining,102,Kitchen Cook # 5,Cook 2
2026-03-01,2026-03-01 07:00:00,2026-03-01 15:00:00,Indian Wells Tennis Garden,Indian Wells Tennis Gardens | Player Dining,101,FSA Attendant # 1,Cashier
2026-03-01,2026-03-01 07:00:00,2026-03-01 15:00:00,Indian Wells Tennis Garden,Indian Wells Tennis Gardens | Player Dining,101,Cashier # 4,Cashier
2026-03-01,2026-03-01 07:00:00,2026-03-01 15:30:00,Indian Wells Tennis Garden,Indian Wells Tennis Gardens | Player Dining,102,Kitchen Cook # 1,Cook 2
2026-03-01,2026-03-01 07:00:00,2026-03-01 15:00:00,Indian Wells Tennis Garden,Indian Wells Tennis Gardens | Player Dining,101,FSA Attendant # 2,Cashier
2026-03-01,2026-03-01 07:00:00,2026-03-01 15:00:00,Indian Wells Tennis Garden,Indian Wells Tennis Gardens | Player Dining,101,Cashier # 5,Cashier
2026-03-01,2026-03-01 07:00:00,2026-03-01 15:00:00,Indian Wells Tennis Garden,Indian Wells Tennis Gardens | Player Dining,101,FSA Grab and go # 1,Cashier
2026-03-01,2026-03-01 07:00:00,2026-03-01 15:30:00,Indian Wells Tennis Garden,Indian Wells Tennis Gardens | Player Dining,102,Kitchen Cook # 16,Cook 2
2026-03-01,2026-03-01 07:00:00,2026-03-01 15:00:00,Indian Wells Tennis Garden,Indian Wells Tennis Gardens | Player Dining,101,Cashier # 3,Cashier
2026-03-01,2026-03-01 07:00:00,2026-03-01 15:00:00,Malibu Beach Inn,Malibu Beach Inn - BOH,105,,Dishwasher
2026-03-01,2026-03-01 07:00:00,2026-03-01 14:30:00,Martin Luther King Jr Hospital,Martin Luther King Jr. Hospital | BOH,105,Ongoing Sat and Sun,Dishwasher
2026-03-01,2026-03-01 07:00:00,2026-03-01 15:30:00,NFL LA Huddle Cafe,NFL LA Huddle Cafe,105,,Dishwasher
2026-03-01,2026-03-01 07:00:00,2026-03-01 15:30:00,Union Station Homeless Services,Union Station Homeless Services - Adult Center,102,,Cook 2
2026-03-01,2026-03-01 07:00:00,2026-03-01 15:30:00,University Village Thousand Oaks,University Village Thousand Oaks ,102,,Cook 2
2026-03-01,2026-03-01 07:00:00,2026-03-01 15:30:00,VH Property Corp. dba Trump National Golf Club Los Angeles,Trump National Golf Course Los Angeles | BOH,102,,Cook 2
2026-03-01,2026-03-01 07:00:00,2026-03-01 15:00:00,West Angeles Church of God in Christ Inc,West Angeles Church of God,102,,Cook 2
2026-03-01,2026-03-01 08:00:00,2026-03-01 16:30:00,1 Hotel Seattle,1 Hotel Seattle,105,,Dishwasher
2026-03-01,2026-03-01 08:00:00,2026-03-01 16:00:00,Hotel Bel Air,Hotel Bel Air - Main Kitchen,102,,Cook 2
2026-03-01,2026-03-01 08:00:00,2026-03-01 15:00:00,Indian Wells Tennis Garden,Indian Wells Tennis Gardens | Player Dining,102,Garnish #1 ,Cook 2
2026-03-01,2026-03-01 08:00:00,2026-03-01 15:00:00,Indian Wells Tennis Garden,Indian Wells Tennis Gardens | Player Dining,102,Burrito 1,Cook 2
2026-03-01,2026-03-01 08:00:00,2026-03-01 16:00:00,Indian Wells Tennis Garden,Indian Wells Tennis Gardens | Player Dining,102,Prep,Cook 2
2026-03-01,2026-03-01 08:00:00,2026-03-01 15:00:00,Indian Wells Tennis Garden,Indian Wells Tennis Gardens | Player Dining,102,Plancha # 1 ,Cook 2
2026-03-01,2026-03-01 08:00:00,2026-03-01 15:00:00,Indian Wells Tennis Garden,Indian Wells Tennis Gardens | Player Dining,102,Burrito 2 ,Cook 2
2026-03-01,2026-03-01 08:00:00,2026-03-01 15:00:00,Indian Wells Tennis Garden,Indian Wells Tennis Gardens | Player Dining,102,Tortilla # 1 ,Cook 2
2026-03-01,2026-03-01 08:00:00,2026-03-01 14:00:00,West Angeles Church of God in Christ Inc,West Angeles Church of God,115,,Server 2
2026-03-01,2026-03-01 08:30:00,2026-03-01 15:00:00,West Angeles Church of God in Christ Inc,West Angeles Church of God,115,,Server 2
2026-03-01,2026-03-01 09:00:00,2026-03-01 17:30:00,Indian Wells Tennis Garden,Indian Wells Tennis Gardens | Player Dining,102,Kitchen Cook # 17,Cook 2
2026-03-01,2026-03-01 09:00:00,2026-03-01 17:30:00,Indian Wells Tennis Garden,Indian Wells Tennis Gardens | Player Dining,102,Kitchen Cook # 12,Cook 2
2026-03-01,2026-03-01 09:00:00,2026-03-01 16:00:00,Indian Wells Tennis Garden,Indian Wells Tennis Gardens | Player Dining,101,Cashier # 2,Cashier
2026-03-01,2026-03-01 09:00:00,2026-03-01 16:00:00,Indian Wells Tennis Garden,Indian Wells Tennis Gardens | Player Dining,101,,Cashier
2026-03-01,2026-03-01 09:00:00,2026-03-01 17:30:00,Indian Wells Tennis Garden,Indian Wells Tennis Gardens | Player Dining,102,Kitchen Cook # 8,Cook 2
2026-03-01,2026-03-01 09:00:00,2026-03-01 16:00:00,Indian Wells Tennis Garden,Indian Wells Tennis Gardens | Player Dining,101,Cashier #2 ,Cashier
2026-03-01,2026-03-01 09:00:00,2026-03-01 17:30:00,Indian Wells Tennis Garden,Indian Wells Tennis Gardens | Player Dining,102,Kitchen Cook # 13,Cook 2
2026-03-01,2026-03-01 09:00:00,2026-03-01 17:30:00,Indian Wells Tennis Garden,Indian Wells Tennis Gardens | Player Dining,102,Kitchen Cook # 2,Cook 2
2026-03-01,2026-03-01 09:00:00,2026-03-01 16:00:00,Indian Wells Tennis Garden,Indian Wells Tennis Gardens | Player Dining,102,Nacho AM,Cook 2
2026-03-01,2026-03-01 09:00:00,2026-03-01 17:30:00,Indian Wells Tennis Garden,Indian Wells Tennis Gardens | Player Dining,102,Kitchen Cook # 9,Cook 2
2026-03-01,2026-03-01 09:00:00,2026-03-01 16:00:00,Indian Wells Tennis Garden,Indian Wells Tennis Gardens | Player Dining,101,Cashier # 1,Cashier
2026-03-01,2026-03-01 09:00:00,2026-03-01 16:00:00,Indian Wells Tennis Garden,Indian Wells Tennis Gardens | Player Dining,98,Bar AM,Bartender 2
2026-03-01,2026-03-01 09:00:00,2026-03-01 17:30:00,Indian Wells Tennis Garden,Indian Wells Tennis Gardens | Player Dining,102,Kitchen Cook # 4,Cook 2
2026-03-01,2026-03-01 09:00:00,2026-03-01 16:00:00,Indian Wells Tennis Garden,Indian Wells Tennis Gardens | Player Dining,101,Cashier #1 ,Cashier
2026-03-01,2026-03-01 09:00:00,2026-03-01 17:30:00,Indian Wells Tennis Garden,Indian Wells Tennis Gardens | Player Dining,102,Kitchen Cook # 10,Cook 2
2026-03-01,2026-03-01 09:30:00,2026-03-01 17:30:00,Indian Wells Tennis Garden,Indian Wells Tennis Gardens | Player Dining,101,Cashier #8,Cashier
2026-03-01,2026-03-01 09:30:00,2026-03-01 17:30:00,Indian Wells Tennis Garden,Indian Wells Tennis Gardens | Player Dining,101,FSA Attendant # 4,Cashier
2026-03-01,2026-03-01 09:30:00,2026-03-01 17:30:00,Indian Wells Tennis Garden,Indian Wells Tennis Gardens | Player Dining,101,Cashier # 6,Cashier
2026-03-01,2026-03-01 09:30:00,2026-03-01 17:30:00,Indian Wells Tennis Garden,Indian Wells Tennis Gardens | Player Dining,101,FSA Grab and go # 2,Cashier
2026-03-01,2026-03-01 09:30:00,2026-03-01 17:30:00,Indian Wells Tennis Garden,Indian Wells Tennis Gardens | Player Dining,101,FSA Attendant # 3,Cashier
2026-03-01,2026-03-01 09:30:00,2026-03-01 17:30:00,Indian Wells Tennis Garden,Indian Wells Tennis Gardens | Player Dining,101,Cashier # 7,Cashier
2026-03-01,2026-03-01 10:00:00,2026-03-01 18:30:00,Griffin Club Los Angeles,Griffin Club Los Angeles,102,,Cook 2
2026-03-01,2026-03-01 10:00:00,2026-03-01 20:30:00,Griffin Club Los Angeles,Griffin Club Los Angeles,102,,Cook 2
2026-03-01,2026-03-01 10:00:00,2026-03-01 18:30:00,Griffin Club Los Angeles,Griffin Club Los Angeles,102,Sushi,Cook 2
2026-03-01,2026-03-01 10:00:00,2026-03-01 18:30:00,The Getty Center,The Getty Center - Catering,102,,Cook 2
2026-03-01,2026-03-01 10:30:00,2026-03-01 19:00:00,Mount Saint Mary's University,Mount Saint Mary's University - Doheny Campus,102,,Cook 2
2026-03-01,2026-03-01 10:30:00,2026-03-01 16:30:00,VH Property Corp. dba Trump National Golf Club Los Angeles,Trump National Golf Course Los Angeles | Vista Grill,102,,Cook 2
2026-03-01,2026-03-01 11:00:00,2026-03-01 16:00:00,Academy Museum of Motion Pictures,Academy Museum of Motion Pictures - Fanny's Restaurant,105,,Dishwasher
2026-03-01,2026-03-01 11:00:00,2026-03-01 20:00:00,"Bruce's Gourmet Catering, Inc. ","Bruce's Gourmet Catering, Inc",98,,Bartender 2
2026-03-01,2026-03-01 11:00:00,2026-03-01 17:00:00,Griffin Club Los Angeles,Griffin Club Los Angeles,102,,Cook 2
2026-03-01,2026-03-01 11:00:00,2026-03-01 15:30:00,SBLP Warner Center OPCO LLC - The Variel,The Variel of Woodland Hills,102,,Cook 2
2026-03-01,2026-03-01 11:00:00,2026-03-01 19:30:00,The Vered,The Vered,102,TB and LIVE SCAN REQUIRED,Cook 2
2026-03-01,2026-03-01 11:00:00,2026-03-01 15:00:00,West Angeles Church of God in Christ Inc,West Angeles Church of God,105,,Dishwasher
2026-03-01,2026-03-01 11:30:00,2026-03-01 19:30:00,"Bruce's Gourmet Catering, Inc. ","Bruce's Gourmet Catering, Inc",115,,Server 2
2026-03-01,2026-03-01 11:30:00,2026-03-01 20:00:00,"Bruce's Gourmet Catering, Inc. ","Bruce's Gourmet Catering, Inc",115,,Server 2
2026-03-01,2026-03-01 11:30:00,2026-03-01 20:00:00,People Assisting the Homeless,People Assisting the Homeless - YWCA,110,,Prep Cook 2
2026-03-01,2026-03-01 11:30:00,2026-03-01 15:00:00,People Assisting the Homeless,People Assisting the Homeless - YWCA,110,,Prep Cook 2
2026-03-01,2026-03-01 12:00:00,2026-03-01 20:30:00,Childrens Hospital Los Angeles,Childrens Hospital Los Angeles,104,Food Service Worker,General
2026-03-01,2026-03-01 12:00:00,2026-03-01 20:30:00,Griffin Club Los Angeles,Griffin Club Los Angeles,273,,Sous Chef 2
2026-03-01,2026-03-01 12:00:00,2026-03-01 20:30:00,PIH Health - Whittier Hospital,PIH Health - Whittier Hospital,110,,Prep Cook 2
2026-03-01,2026-03-01 12:00:00,2026-03-01 20:30:00,Riviera Country Club,Riviera Country Club - Kitchen,102,,Cook 2
2026-03-01,2026-03-01 12:00:00,2026-03-01 20:30:00,Walnut Village,Walnut Village,105,,Dishwasher
2026-03-01,2026-03-01 13:00:00,2026-03-01 21:30:00,Griffin Club Los Angeles,Griffin Club Los Angeles,105,,Dishwasher
2026-03-01,2026-03-01 13:00:00,2026-03-01 21:30:00,Shady Canyon Golf Club,Shady Canyon Golf Club,102,,Cook 2
2026-03-01,2026-03-01 14:00:00,2026-03-01 22:30:00,Commerce Casino,Commerce Casino - Employee Dining Room,102,,Cook 2
2026-03-01,2026-03-01 14:00:00,2026-03-01 22:00:00,Commerce Casino,Commerce Casino - High Limit Kitchen | FOH | MON - TH,112,with Cashier Duties,Runner
2026-03-01,2026-03-01 14:00:00,2026-03-01 22:00:00,Hotel Bel Air,Hotel Bel Air - Swan Cafe,102,,Cook 2
2026-03-01,2026-03-01 14:00:00,2026-03-01 21:00:00,Indian Wells Tennis Garden,Indian Wells Tennis Gardens | Player Dining,102,Tortilla #1 ,Cook 2
2026-03-01,2026-03-01 14:00:00,2026-03-01 21:00:00,Indian Wells Tennis Garden,Indian Wells Tennis Gardens | Player Dining,102,Garnish #1 ,Cook 2
2026-03-01,2026-03-01 14:00:00,2026-03-01 21:00:00,Indian Wells Tennis Garden,Indian Wells Tennis Gardens | Player Dining,102,Burrito 1 ,Cook 2
2026-03-01,2026-03-01 14:00:00,2026-03-01 21:00:00,Indian Wells Tennis Garden,Indian Wells Tennis Gardens | Player Dining,102,Plancha #1 ,Cook 2
2026-03-01,2026-03-01 14:00:00,2026-03-01 22:30:00,Martin Luther King Jr Hospital,Martin Luther King Jr. Hospital | BOH,102,,Cook 2
2026-03-01,2026-03-01 14:00:00,2026-03-01 22:30:00,Martin Luther King Jr Hospital,Martin Luther King Jr. Hospital | BOH,102,,Cook 2
2026-03-01,2026-03-01 14:00:00,2026-03-01 22:30:00,Riviera Country Club,Riviera Country Club - Kitchen,105,,Dishwasher
2026-03-01,2026-03-01 14:00:00,2026-03-01 22:30:00,SBLP Warner Center OPCO LLC - The Variel,The Variel of Woodland Hills,105,,Dishwasher
2026-03-01,2026-03-01 14:30:00,2026-03-01 22:30:00,Viceroy Santa Monica Hotel,Viceroy Santa Monica Hotel,264,,Event Supervisor
2026-03-01,2026-03-01 15:00:00,2026-03-01 22:00:00,Comedy and Magic Club,Comedy and Magic Club,105,,Dishwasher
2026-03-01,2026-03-01 15:00:00,2026-03-01 21:00:00,Indian Wells Tennis Garden,Indian Wells Tennis Gardens | Player Dining,102,Burrito 2 ,Cook 2
2026-03-01,2026-03-01 15:00:00,2026-03-01 22:00:00,Indian Wells Tennis Garden,Indian Wells Tennis Gardens | Player Dining,98,Bar PM,Bartender 2
2026-03-01,2026-03-01 15:00:00,2026-03-01 22:00:00,Indian Wells Tennis Garden,Indian Wells Tennis Gardens | Player Dining,101,Cashier # 1 ,Cashier
2026-03-01,2026-03-01 15:00:00,2026-03-01 22:00:00,Indian Wells Tennis Garden,Indian Wells Tennis Gardens | Player Dining,101,Cashier #2,Cashier
2026-03-01,2026-03-01 15:00:00,2026-03-01 22:00:00,Indian Wells Tennis Garden,Indian Wells Tennis Gardens | Player Dining,101,Cashier #2 ,Cashier
2026-03-01,2026-03-01 15:00:00,2026-03-01 22:00:00,Indian Wells Tennis Garden,Indian Wells Tennis Gardens | Player Dining,102,Nacho PM,Cook 2
2026-03-01,2026-03-01 15:00:00,2026-03-01 22:00:00,Indian Wells Tennis Garden,Indian Wells Tennis Gardens | Player Dining,101,Cashier # 1 ,Cashier
2026-03-01,2026-03-01 15:30:00,2026-03-02 00:00:00,"Bruce's Gourmet Catering, Inc. ","Bruce's Gourmet Catering, Inc",115,,Server 2
2026-03-01,2026-03-01 15:30:00,2026-03-01 22:30:00,Malibu Beach Inn,Malibu Beach Inn - BOH,105,,Dishwasher
2026-03-01,2026-03-01 15:30:00,2026-03-01 21:30:00,Riviera Country Club,Riviera Country Club - Kitchen,105,,Dishwasher
2026-03-01,2026-03-01 15:30:00,2026-03-02 00:00:00,VH Property Corp. dba Trump National Golf Club Los Angeles,Trump National Golf Course Los Angeles | BOH,102,,Cook 2
2026-03-01,2026-03-01 16:00:00,2026-03-01 23:30:00,"Bruce's Gourmet Catering, Inc. ","Bruce's Gourmet Catering, Inc",110,,Prep Cook 2
2026-03-01,2026-03-01 16:00:00,2026-03-01 23:00:00,Canyon Palm Springs Hotel dba Thompson Palm Springs,Thompson Palm Springs |  FOH,99,,Busser
2026-03-01,2026-03-01 16:00:00,2026-03-01 22:00:00,Griffin Club Los Angeles,Griffin Club Los Angeles,105,,Dishwasher
2026-03-01,2026-03-01 17:00:00,2026-03-02 02:00:00,Country Market Catering Inc dba Contemporary Catering,@ Contemporary Catering,102,ALL BLACK UNIFORM - CHEF PANTS MUST BE BLACK,Cook 2
2026-03-01,2026-03-01 17:00:00,2026-03-02 02:00:00,Country Market Catering Inc dba Contemporary Catering,@ Contemporary Catering,102,,Cook 2
2026-03-01,2026-03-01 17:00:00,2026-03-02 01:30:00,Pepperdine University,Pepperdine University - HAWC Cafe & Store,102,,Cook 2
2026-03-01,2026-03-01 18:00:00,2026-03-02 02:30:00,Country Market Catering Inc dba Contemporary Catering,@ Contemporary Catering,99,BLACK LONG SLEEVE BUTTON DOWN NEEDED,Busser
2026-03-01,2026-03-01 18:00:00,2026-03-02 02:30:00,Country Market Catering Inc dba Contemporary Catering,@ Contemporary Catering,115,,Server 2
2026-03-01,2026-03-01 18:00:00,2026-03-02 01:30:00,Country Market Catering Inc dba Contemporary Catering,@ Contemporary Catering,104,Scullery | BLACK LONG SLEEVE SHIRT NEEDED,General
2026-03-01,2026-03-01 18:00:00,2026-03-02 02:30:00,Country Market Catering Inc dba Contemporary Catering,@ Contemporary Catering,115,Scullery | BLACK LONG SLEEVE SHIRT NEEDED,Server 2
2026-03-01,2026-03-01 18:00:00,2026-03-02 02:30:00,Country Market Catering Inc dba Contemporary Catering,@ Contemporary Catering,115,BLACK LONG SLEEVE BUTTON DOWN NEEDED,Server 2
2026-03-01,2026-03-01 19:00:00,2026-03-02 01:30:00,Country Market Catering Inc dba Contemporary Catering,@ Contemporary Catering,104,Shoe Valet  | BLACK LONG SLEEVE SHIRT,General
2026-03-01,2026-03-01 22:00:00,2026-03-02 06:00:00,Commerce Casino,Commerce Casino - High Limit Kitchen | FOH | MON - TH,112,with Cashier Duties,Runner
2026-03-01,2026-03-01 22:00:00,2026-03-02 06:30:00,Commerce Casino,Commerce Casino - Employee Dining Room,102,Overnight Shift,Cook 2
2026-03-01,2026-03-01 22:00:00,2026-03-02 06:00:00,Commerce Casino,Commerce Casino - High Limit Kitchen | FOH | MON - TH,112,with Cashier Duties | Overnight Shift,Runner
2026-03-02,2026-03-02 05:00:00,2026-03-02 13:30:00,Google Spruce Goose Offices,Google Spruce Goose - Catering Operations,102,,Cook 2
2026-03-02,2026-03-02 05:00:00,2026-03-02 13:30:00,PIH Health - Good Samaritan Hospital,PIH Health - Good Samaritan Hospital,290,,Cook 3
2026-03-02,2026-03-02 05:00:00,2026-03-02 13:30:00,PIH Health - Whittier Hospital,PIH Health - Whittier Hospital,102,,Cook 2
2026-03-02,2026-03-02 05:00:00,2026-03-02 13:30:00,PIH Health - Whittier Hospital,PIH Health - Whittier Hospital,110,,Prep Cook 2
2026-03-02,2026-03-02 05:30:00,2026-03-02 11:00:00,Empowered 4 Life Foundation,@ Empowered 4 Life Foundation,110,,Prep Cook 2
2026-03-02,2026-03-02 06:00:00,2026-03-02 14:30:00,Amgen Thousand Oaks,Amgen Thousand Oaks - Terrace Cafe,102,,Cook 2
2026-03-02,2026-03-02 06:00:00,2026-03-02 13:30:00,Beverly Hills Unified School District,BHUSD - Beverly Hills High School,102,,Cook 2
2026-03-02,2026-03-02 06:00:00,2026-03-02 13:30:00,Beverly Hills Unified School District,BHUSD - Beverly Hills High School,110,,Prep Cook 2
2026-03-02,2026-03-02 06:00:00,2026-03-02 14:00:00,Beverly Hills Unified School District,BHUSD - Beverly Hills High School,104,receiver/dish,General
2026-03-02,2026-03-02 06:00:00,2026-03-02 14:30:00,Capital Group - Irvine,Capital Group - Irvine | FOH,101,,Cashier
2026-03-02,2026-03-02 06:00:00,2026-03-02 12:00:00,Crescent Heights Ten Thousand,Crescent Heights Ten Thousand - Buffet,115,,Server 2
2026-03-02,2026-03-02 06:00:00,2026-03-02 14:30:00,Edwards Lifesciences,Edwards Lifesciences FOH Bldg. C,101,,Cashier
2026-03-02,2026-03-02 06:00:00,2026-03-02 14:30:00,Edwards Lifesciences,Edwards Lifesciences FOH Bldg. C,101,,Cashier
2026-03-02,2026-03-02 06:00:00,2026-03-02 14:30:00,"Fox Studio Lot, LLC",Fox Studio - Commissary,102,,Cook 2
2026-03-02,2026-03-02 06:00:00,2026-03-02 15:00:00,"Fox Studio Lot, LLC",Fox Studio - News Cafe BoH,102,,Cook 2
2026-03-02,2026-03-02 06:00:00,2026-03-02 15:00:00,"Fox Studio Lot, LLC",Fox Studio - Moe's Cafe BoH,102,,Cook 2
2026-03-02,2026-03-02 06:00:00,2026-03-02 14:30:00,Martin Luther King Jr Hospital,Martin Luther King Jr. Hospital | BOH,102,,Cook 2
2026-03-02,2026-03-02 06:00:00,2026-03-02 14:30:00,Park Place Plaza,Park Place Plaza,110,,Prep Cook 2
2026-03-02,2026-03-02 06:00:00,2026-03-02 14:30:00,Riviera Country Club,Riviera Country Club - Kitchen,102,,Cook 2
2026-03-02,2026-03-02 06:00:00,2026-03-02 12:00:00,SBLP Warner Center OPCO LLC - The Variel,The Variel of Woodland Hills,102,,Cook 2
2026-03-02,2026-03-02 06:00:00,2026-03-02 14:30:00,USC Verdugo Hills Hospital,USC Verdugo Hills Hospital,102,,Cook 2
2026-03-02,2026-03-02 06:00:00,2026-03-02 14:30:00,VEA Hotel - Newport Beach,VEA Hotel - Newport Beach | Cooks,102,,Cook 2
2026-03-02,2026-03-02 06:30:00,2026-03-02 14:30:00,Amgen Thousand Oaks,Amgen Thousand Oaks - Bistro Cafe,102,,Cook 2
2026-03-02,2026-03-02 06:30:00,2026-03-02 15:00:00,Park Place Plaza,Park Place Plaza,115,with Barista Duties,Server 2
2026-03-02,2026-03-02 07:00:00,2026-03-02 15:30:00,Beverly Hills Hotel,Beverly Hills Hotel - Main Kitchen,102,,Cook 2
2026-03-02,2026-03-02 07:00:00,2026-03-02 13:30:00,Beverly Hills Unified School District,BHUSD- El Rodeo Elementary,104,,General
2026-03-02,2026-03-02 07:00:00,2026-03-02 13:30:00,Beverly Hills Unified School District,BHUSD - Horace Mann Elementary School,104,,General
2026-03-02,2026-03-02 07:00:00,2026-03-02 12:30:00,Indian Wells Tennis Garden,Indian Wells Tennis Gardens | Player Dining,102,,Cook 2
2026-03-02,2026-03-02 07:00:00,2026-03-02 15:00:00,Indian Wells Tennis Garden,Indian Wells Tennis Gardens | Player Dining,101,FSA Grab and go  # 3,Cashier
2026-03-02,2026-03-02 07:00:00,2026-03-02 15:00:00,Indian Wells Tennis Garden,Indian Wells Tennis Gardens | Player Dining,101,FSA Attendant # 5,Cashier
2026-03-02,2026-03-02 07:00:00,2026-03-02 15:30:00,Indian Wells Tennis Garden,Indian Wells Tennis Gardens | Player Dining,102,Kitchen Cook # 1,Cook 2
2026-03-02,2026-03-02 07:00:00,2026-03-02 15:00:00,Indian Wells Tennis Garden,Indian Wells Tennis Gardens | Player Dining,101,Cashier #1 ,Cashier
2026-03-02,2026-03-02 07:00:00,2026-03-02 15:30:00,Indian Wells Tennis Garden,Indian Wells Tennis Gardens | Player Dining,102,Kitchen Cook # 16,Cook 2
2026-03-02,2026-03-02 07:00:00,2026-03-02 15:00:00,Indian Wells Tennis Garden,Indian Wells Tennis Gardens | Player Dining,101,FSA Attendant # 6,Cashier
2026-03-02,2026-03-02 07:00:00,2026-03-02 15:30:00,Indian Wells Tennis Garden,Indian Wells Tennis Gardens | Player Dining,102,Kitchen Cook # 2,Cook 2
2026-03-02,2026-03-02 07:00:00,2026-03-02 15:00:00,Indian Wells Tennis Garden,Indian Wells Tennis Gardens | Player Dining,101,FSA Attendant # 3,Cashier
2026-03-02,2026-03-02 07:00:00,2026-03-02 15:00:00,Indian Wells Tennis Garden,Indian Wells Tennis Gardens | Player Dining,101,Cashier # 2,Cashier
2026-03-02,2026-03-02 07:00:00,2026-03-02 15:30:00,Indian Wells Tennis Garden,Indian Wells Tennis Gardens | Player Dining,102,Kitchen Cook # 10,Cook 2
2026-03-02,2026-03-02 07:00:00,2026-03-02 15:00:00,Indian Wells Tennis Garden,Indian Wells Tennis Gardens | Player Dining,101,FSA Attendant #4,Cashier
2026-03-02,2026-03-02 07:00:00,2026-03-02 15:30:00,Martin Luther King Jr Hospital,Martin Luther King Jr. Hospital | BOH,102,On going assignment,Cook 2
2026-03-02,2026-03-02 07:00:00,2026-03-02 15:30:00,"Platinum Equity, LLC",Platinum Equity LLC,102,,Cook 2
2026-03-02,2026-03-02 07:00:00,2026-03-02 15:30:00,Riviera Country Club,Riviera Country Club - Kitchen,105,,Dishwasher
2026-03-02,2026-03-02 07:00:00,2026-03-02 15:30:00,The Meadowglade LLC,The Meadowglade,102,On going/ read description,Cook 2
2026-03-02,2026-03-02 07:00:00,2026-03-02 10:00:00,The Vered,The Vered,102,Testing Live Scan and TB - ,Cook 2
2026-03-02,2026-03-02 07:00:00,2026-03-02 15:30:00,Union Station Homeless Services,Union Station Homeless Services - Adult Center,102,,Cook 2
2026-03-02,2026-03-02 07:00:00,2026-03-02 15:00:00,Viceroy Santa Monica Hotel,Viceroy Santa Monica Hotel,105,Steward,Dishwasher
2026-03-02,2026-03-02 07:00:00,2026-03-02 15:30:00,Warner Brothers,Warner Brothers,102,BRING KITCHEN KNIVES AND WEAR PROPER/SAFE KITCHEN SHOES. ,Cook 2
2026-03-02,2026-03-02 07:00:00,2026-03-02 15:30:00,Warner Brothers,Warner Brothers,105,Please wear black pants and proper kitchen shoes. We'll provide kitchen coat and apron. ,Dishwasher
2026-03-02,2026-03-02 07:30:00,2026-03-02 15:30:00,Amgen Thousand Oaks,Amgen Thousand Oaks - Bistro Cafe,105,,Dishwasher
2026-03-02,2026-03-02 07:30:00,2026-03-02 14:00:00,Beverly Hills Unified School District,BHUSD - Beverly Hills High School,105,,Dishwasher
2026-03-02,2026-03-02 07:30:00,2026-03-02 16:00:00,Hotel Bel Air,Hotel Bel Air - Stewards,105,,Dishwasher
2026-03-02,2026-03-02 07:30:00,2026-03-02 16:00:00,Mount Saint Mary's University,Mount Saint Mary's University - Doheny Campus,110,,Prep Cook 2
2026-03-02,2026-03-02 07:30:00,2026-03-02 15:30:00,NFL LA Huddle Cafe,NFL LA Huddle Cafe,105,,Dishwasher
2026-03-02,2026-03-02 08:00:00,2026-03-02 16:30:00,1 Hotel Seattle,1 Hotel Seattle,105,,Dishwasher
2026-03-02,2026-03-02 08:00:00,2026-03-02 13:30:00,Beverly Hills Unified School District,BHUSD - Beverly Vista Middle School,104,,General
2026-03-02,2026-03-02 08:00:00,2026-03-02 16:30:00,"Fox Studio Lot, LLC",Fox Studio - Moe's Cafe FoH,264,,Event Supervisor
2026-03-02,2026-03-02 08:00:00,2026-03-02 16:00:00,Hotel Bel Air,Hotel Bel Air - Main Kitchen,102,,Cook 2
2026-03-02,2026-03-02 08:00:00,2026-03-02 15:00:00,Indian Wells Tennis Garden,Indian Wells Tennis Gardens | Player Dining,102,Tortilla # 1 ,Cook 2
2026-03-02,2026-03-02 08:00:00,2026-03-02 16:00:00,Indian Wells Tennis Garden,Indian Wells Tennis Gardens | Player Dining,102,Prep,Cook 2
2026-03-02,2026-03-02 08:00:00,2026-03-02 15:00:00,Indian Wells Tennis Garden,Indian Wells Tennis Gardens | Player Dining,102,Plancha # 1 ,Cook 2
2026-03-02,2026-03-02 08:00:00,2026-03-02 15:00:00,Indian Wells Tennis Garden,Indian Wells Tennis Gardens | Player Dining,102,Burrito 1,Cook 2
2026-03-02,2026-03-02 08:00:00,2026-03-02 15:00:00,Indian Wells Tennis Garden,Indian Wells Tennis Gardens | Player Dining,102,Garnish #1 ,Cook 2
2026-03-02,2026-03-02 08:00:00,2026-03-02 16:30:00,Indian Wells Tennis Garden,Indian Wells Tennis Gardens | Player Dining,102,Kitchen Cook # 4,Cook 2
2026-03-02,2026-03-02 08:00:00,2026-03-02 15:00:00,Indian Wells Tennis Garden,Indian Wells Tennis Gardens | Player Dining,102,Burrito 2 ,Cook 2
2026-03-02,2026-03-02 08:00:00,2026-03-02 13:00:00,New West Charter School,New West Charter School - W. PICO Location,115,,Server 2
2026-03-02,2026-03-02 08:00:00,2026-03-02 16:00:00,SBLP Warner Center OPCO LLC - The Variel,The Variel of Woodland Hills,105,,Dishwasher
2026-03-02,2026-03-02 08:00:00,2026-03-02 16:30:00,The Wonderful Company,The Wonderful Company,97,,Barista 2
2026-03-02,2026-03-02 08:30:00,2026-03-02 16:30:00,"Platinum Equity, LLC",Platinum Equity LLC,102,,Cook 2
2026-03-02,2026-03-02 09:00:00,2026-03-02 17:30:00,Flying Rose Foods Inc dba Bunch of Munchies,@ Flying Rose Foods | Bunch of Munchies,102,Chocolate Dipping,Cook 2
2026-03-02,2026-03-02 09:00:00,2026-03-02 15:00:00,Flying Rose Foods Inc dba Bunch of Munchies,@ Flying Rose Foods | Bunch of Munchies,104,Packer,General
2026-03-02,2026-03-02 09:00:00,2026-03-02 15:30:00,Google Spruce Goose Offices,Google Spruce Goose - Catering Operations,105,,Dishwasher
2026-03-02,2026-03-02 09:00:00,2026-03-02 17:30:00,Indian Wells Tennis Garden,Indian Wells Tennis Gardens | Player Dining,102,Kitchen Cook # 11,Cook 2
2026-03-02,2026-03-02 09:00:00,2026-03-02 16:00:00,Indian Wells Tennis Garden,Indian Wells Tennis Gardens | Player Dining,98,Bar AM,Bartender 2
2026-03-02,2026-03-02 09:00:00,2026-03-02 16:00:00,Indian Wells Tennis Garden,Indian Wells Tennis Gardens | Player Dining,101,Cashier #1 ,Cashier
2026-03-02,2026-03-02 09:00:00,2026-03-02 17:30:00,Indian Wells Tennis Garden,Indian Wells Tennis Gardens | Player Dining,102,Kitchen Cook # 14,Cook 2
2026-03-02,2026-03-02 09:00:00,2026-03-02 17:30:00,Indian Wells Tennis Garden,Indian Wells Tennis Gardens | Player Dining,102,Kitchen Cook # 8,Cook 2
2026-03-02,2026-03-02 09:00:00,2026-03-02 16:00:00,Indian Wells Tennis Garden,Indian Wells Tennis Gardens | Player Dining,102,Nacho AM,Cook 2
2026-03-02,2026-03-02 09:00:00,2026-03-02 16:00:00,Indian Wells Tennis Garden,Indian Wells Tennis Gardens | Player Dining,101,Cashier # 2,Cashier
2026-03-02,2026-03-02 09:00:00,2026-03-02 17:30:00,Indian Wells Tennis Garden,Indian Wells Tennis Gardens | Player Dining,102,Kitchen Cook # 12,Cook 2
2026-03-02,2026-03-02 09:00:00,2026-03-02 17:30:00,Indian Wells Tennis Garden,Indian Wells Tennis Gardens | Player Dining,101,FSA Grab and go  # 4,Cashier
2026-03-02,2026-03-02 09:00:00,2026-03-02 16:00:00,Indian Wells Tennis Garden,Indian Wells Tennis Gardens | Player Dining,101,Cashier #2 ,Cashier
2026-03-02,2026-03-02 09:00:00,2026-03-02 17:30:00,Indian Wells Tennis Garden,Indian Wells Tennis Gardens | Player Dining,102,Kitchen Cook # 9,Cook 2
2026-03-02,2026-03-02 09:00:00,2026-03-02 17:30:00,Indian Wells Tennis Garden,Indian Wells Tennis Gardens | Player Dining,102,Kitchen Cook # 6,Cook 2
2026-03-02,2026-03-02 09:00:00,2026-03-02 17:30:00,Indian Wells Tennis Garden,Indian Wells Tennis Gardens | Player Dining,102,Kitchen Cook # 17,Cook 2
2026-03-02,2026-03-02 09:00:00,2026-03-02 17:30:00,Indian Wells Tennis Garden,Indian Wells Tennis Gardens | Player Dining,102,Kitchen Cook # 13,Cook 2
2026-03-02,2026-03-02 09:00:00,2026-03-02 16:00:00,Indian Wells Tennis Garden,Indian Wells Tennis Gardens | Player Dining,101,Cashier # 1,Cashier
2026-03-02,2026-03-02 09:00:00,2026-03-02 17:30:00,"Platinum Equity, LLC",Platinum Equity LLC,105,,Dishwasher
2026-03-02,2026-03-02 09:00:00,2026-03-02 17:00:00,"Platinum Equity, LLC",Platinum Equity LLC,102,,Cook 2
2026-03-02,2026-03-02 09:30:00,2026-03-02 17:30:00,Indian Wells Tennis Garden,Indian Wells Tennis Gardens | Player Dining,101,Cashier # 3,Cashier
2026-03-02,2026-03-02 09:30:00,2026-03-02 17:30:00,Indian Wells Tennis Garden,Indian Wells Tennis Gardens | Player Dining,101,FSA Attendant # 8 ,Cashier
2026-03-02,2026-03-02 09:30:00,2026-03-02 17:30:00,Indian Wells Tennis Garden,Indian Wells Tennis Gardens | Player Dining,101,Cashier # 4,Cashier
2026-03-02,2026-03-02 09:30:00,2026-03-02 17:30:00,Indian Wells Tennis Garden,Indian Wells Tennis Gardens | Player Dining,101,Cashier # 5,Cashier
2026-03-02,2026-03-02 09:30:00,2026-03-02 17:30:00,Indian Wells Tennis Garden,Indian Wells Tennis Gardens | Player Dining,101,FSA Attendant # 7,Cashier
2026-03-02,2026-03-02 09:30:00,2026-03-02 17:30:00,Indian Wells Tennis Garden,Indian Wells Tennis Gardens | Player Dining,101,Cashier # 6,Cashier
2026-03-02,2026-03-02 10:00:00,2026-03-02 18:30:00,Childrens Hospital Los Angeles,Childrens Hospital Los Angeles,105,,Dishwasher
2026-03-02,2026-03-02 10:00:00,2026-03-02 18:30:00,Griffin Club Los Angeles,Griffin Club Los Angeles,102,,Cook 2
2026-03-02,2026-03-02 10:00:00,2026-03-02 18:30:00,Griffin Club Los Angeles,Griffin Club Los Angeles,102,Sushi Cook ,Cook 2
2026-03-02,2026-03-02 10:00:00,2026-03-02 18:30:00,Malibu Beach Inn,Malibu Beach Inn - BOH,105,,Dishwasher
2026-03-02,2026-03-02 10:00:00,2026-03-02 18:30:00,NFL LA Huddle Cafe,NFL LA Huddle Cafe,105,,Dishwasher
2026-03-02,2026-03-02 10:00:00,2026-03-02 18:30:00,The Getty Center,The Getty Center - Catering,102,,Cook 2
2026-03-02,2026-03-02 10:00:00,2026-03-02 18:30:00,USC Verdugo Hills Hospital,USC Verdugo Hills Hospital,102,,Cook 2
2026-03-02,2026-03-02 10:30:00,2026-03-02 16:30:00,Glen Arden Club,Glen Arden Club,115,,Server 2
2026-03-02,2026-03-02 11:00:00,2026-03-02 19:00:00,Country Market Catering Inc dba Contemporary Catering,@ Contemporary Catering,105,,Dishwasher
2026-03-02,2026-03-02 11:00:00,2026-03-02 19:30:00,NFL LA Huddle Cafe,NFL LA Huddle Cafe,105,,Dishwasher
2026-03-02,2026-03-02 11:30:00,2026-03-02 20:00:00,People Assisting the Homeless,People Assisting the Homeless - YWCA,110,,Prep Cook 2
2026-03-02,2026-03-02 12:00:00,2026-03-02 20:00:00,Academy Museum of Motion Pictures,Academy Museum of Motion Pictures - Fanny's Restaurant,105,,Dishwasher
2026-03-02,2026-03-02 12:00:00,2026-03-02 20:30:00,Childrens Hospital Los Angeles,Childrens Hospital Los Angeles,104,Food Service Worker,General
2026-03-02,2026-03-02 12:00:00,2026-03-02 20:30:00,PIH Health - Whittier Hospital,PIH Health - Whittier Hospital,110,,Prep Cook 2
2026-03-02,2026-03-02 12:00:00,2026-03-02 20:30:00,SBLP Warner Center OPCO LLC - The Variel,The Variel of Woodland Hills,102,,Cook 2
2026-03-02,2026-03-02 12:00:00,2026-03-02 18:00:00,St. Anne's Maternity,St. Anne's Maternity,105,,Dishwasher
2026-03-02,2026-03-02 12:00:00,2026-03-02 20:30:00,VEA Hotel - Newport Beach,VEA Hotel - Newport Beach | Cooks,102,,Cook 2
2026-03-02,2026-03-02 12:00:00,2026-03-02 20:30:00,Walnut Village,Walnut Village,105,,Dishwasher
2026-03-02,2026-03-02 12:30:00,2026-03-02 21:30:00,Griffin Club Los Angeles,Griffin Club Los Angeles,105,,Dishwasher
2026-03-02,2026-03-02 12:30:00,2026-03-02 21:00:00,Griffin Club Los Angeles,Griffin Club Los Angeles,273,,Sous Chef 2
2026-03-02,2026-03-02 13:30:00,2026-03-02 21:30:00,Capital Group - Los Angeles,Capital Group - Los Angeles,105,,Dishwasher
2026-03-02,2026-03-02 14:00:00,2026-03-02 22:00:00,Hotel Bel Air,Hotel Bel Air - Swan Cafe,102,,Cook 2
2026-03-02,2026-03-02 14:00:00,2026-03-02 21:00:00,Indian Wells Tennis Garden,Indian Wells Tennis Gardens | Player Dining,102,Tortilla #1 ,Cook 2
2026-03-02,2026-03-02 14:00:00,2026-03-02 21:00:00,Indian Wells Tennis Garden,Indian Wells Tennis Gardens | Player Dining,102,Plancha #1 ,Cook 2
2026-03-02,2026-03-02 14:00:00,2026-03-02 21:00:00,Indian Wells Tennis Garden,Indian Wells Tennis Gardens | Player Dining,102,Burrito 1 ,Cook 2
2026-03-02,2026-03-02 14:00:00,2026-03-02 21:00:00,Indian Wells Tennis Garden,Indian Wells Tennis Gardens | Player Dining,102,Garnish #1 ,Cook 2
2026-03-02,2026-03-02 14:00:00,2026-03-02 21:00:00,Indian Wells Tennis Garden,Indian Wells Tennis Gardens | Player Dining,102,Burrito 2 ,Cook 2
2026-03-02,2026-03-02 14:00:00,2026-03-02 22:30:00,Martin Luther King Jr Hospital,Martin Luther King Jr. Hospital | BOH,102,,Cook 2
2026-03-02,2026-03-02 14:00:00,2026-03-02 22:30:00,SBLP Warner Center OPCO LLC - The Variel,The Variel of Woodland Hills,105,,Dishwasher
2026-03-02,2026-03-02 14:00:00,2026-03-02 22:00:00,Viceroy Santa Monica Hotel,Viceroy Santa Monica Hotel,264,,Event Supervisor
2026-03-02,2026-03-02 15:00:00,2026-03-02 22:00:00,Indian Wells Tennis Garden,Indian Wells Tennis Gardens | Player Dining,101,Cashier #2 ,Cashier
2026-03-02,2026-03-02 15:00:00,2026-03-02 22:00:00,Indian Wells Tennis Garden,Indian Wells Tennis Gardens | Player Dining,102,Nacho PM,Cook 2
2026-03-02,2026-03-02 15:00:00,2026-03-02 22:00:00,Indian Wells Tennis Garden,Indian Wells Tennis Gardens | Player Dining,98,Bar PM,Bartender 2
2026-03-02,2026-03-02 15:00:00,2026-03-02 22:00:00,Indian Wells Tennis Garden,Indian Wells Tennis Gardens | Player Dining,101,Cashier # 1 ,Cashier
2026-03-02,2026-03-02 15:00:00,2026-03-02 22:00:00,Indian Wells Tennis Garden,Indian Wells Tennis Gardens | Player Dining,101,Cashier # 1 ,Cashier
2026-03-02,2026-03-02 15:00:00,2026-03-02 22:00:00,Indian Wells Tennis Garden,Indian Wells Tennis Gardens | Player Dining,101,Cashier #2,Cashier
2026-03-02,2026-03-02 15:30:00,2026-03-02 21:30:00,Riviera Country Club,Riviera Country Club - Kitchen,105,,Dishwasher
2026-03-02,2026-03-02 16:00:00,2026-03-02 23:00:00,Canyon Palm Springs Hotel dba Thompson Palm Springs,Thompson Palm Springs |  FOH,99,,Busser
2026-03-02,2026-03-02 16:00:00,2026-03-02 21:30:00,Hilton Palm Springs,Hilton Palm Springs,115,,Server 2
2026-03-02,2026-03-02 18:00:00,2026-03-02 22:00:00,Crescent Heights Ten Thousand,Crescent Heights Ten Thousand - Butler Department,115,Butler/Porter,Server 2
2026-03-02,2026-03-02 22:00:00,2026-03-03 06:30:00,Commerce Casino,Commerce Casino - Employee Dining Room,102,Overnight Shift,Cook 2
2026-03-03,2026-03-03 05:00:00,2026-03-03 13:30:00,People Assisting the Homeless,People Assisting the Homeless - YWCA,110,,Prep Cook 2
2026-03-03,2026-03-03 05:00:00,2026-03-03 13:30:00,PIH Health - Good Samaritan Hospital,PIH Health - Good Samaritan Hospital,290,,Cook 3
2026-03-03,2026-03-03 05:00:00,2026-03-03 13:30:00,PIH Health - Whittier Hospital,PIH Health - Whittier Hospital,102,,Cook 2
2026-03-03,2026-03-03 05:00:00,2026-03-03 13:30:00,PIH Health - Whittier Hospital,PIH Health - Whittier Hospital,110,,Prep Cook 2
2026-03-03,2026-03-03 05:30:00,2026-03-03 11:00:00,Empowered 4 Life Foundation,@ Empowered 4 Life Foundation,110,,Prep Cook 2
2026-03-03,2026-03-03 05:30:00,2026-03-03 14:00:00,Olive Grove Cafe,Kirkland and Ellis,102,,Cook 2
2026-03-03,2026-03-03 06:00:00,2026-03-03 14:30:00,Amgen Thousand Oaks,Amgen Thousand Oaks - Terrace Cafe,102,,Cook 2
2026-03-03,2026-03-03 06:00:00,2026-03-03 13:30:00,Beverly Hills Unified School District,BHUSD - Beverly Hills High School,104,,General
2026-03-03,2026-03-03 06:00:00,2026-03-03 13:30:00,Beverly Hills Unified School District,BHUSD - Beverly Hills High School,110,,Prep Cook 2
2026-03-03,2026-03-03 06:00:00,2026-03-03 13:30:00,Beverly Hills Unified School District,BHUSD - Beverly Hills High School,102,,Cook 2
2026-03-03,2026-03-03 06:00:00,2026-03-03 14:30:00,Capital Group - Irvine,Capital Group - Irvine | FOH,101,,Cashier
2026-03-03,2026-03-03 06:00:00,2026-03-03 12:00:00,Crescent Heights Ten Thousand,Crescent Heights Ten Thousand - Buffet,115,,Server 2
2026-03-03,2026-03-03 06:00:00,2026-03-03 14:30:00,Edwards Lifesciences,Edwards Lifesciences FOH Bldg. C,101,,Cashier
2026-03-03,2026-03-03 06:00:00,2026-03-03 14:30:00,"Fox Studio Lot, LLC",Fox Studio - Commissary,102,,Cook 2
2026-03-03,2026-03-03 06:00:00,2026-03-03 15:00:00,"Fox Studio Lot, LLC",Fox Studio - News Cafe BoH,102,,Cook 2
2026-03-03,2026-03-03 06:00:00,2026-03-03 14:30:00,"Fox Studio Lot, LLC",Fox Studio - Commissary,102,,Cook 2
2026-03-03,2026-03-03 06:00:00,2026-03-03 15:00:00,"Fox Studio Lot, LLC",Fox Studio - Moe's Cafe BoH,102,,Cook 2
2026-03-03,2026-03-03 06:00:00,2026-03-03 18:00:00,Indian Wells Tennis Garden,Indian Wells Tennis Gardens | Player Dining,264,,Event Supervisor
2026-03-03,2026-03-03 06:00:00,2026-03-03 14:30:00,Martin Luther King Jr Hospital,Martin Luther King Jr. Hospital | BOH,102,,Cook 2
2026-03-03,2026-03-03 06:00:00,2026-03-03 14:30:00,Park Place Plaza,Park Place Plaza,110,,Prep Cook 2
2026-03-03,2026-03-03 06:00:00,2026-03-03 14:30:00,USC Verdugo Hills Hospital,USC Verdugo Hills Hospital,102,,Cook 2
2026-03-03,2026-03-03 06:00:00,2026-03-03 14:30:00,VEA Hotel - Newport Beach,VEA Hotel - Newport Beach | Cooks,102,,Cook 2
2026-03-03,2026-03-03 06:30:00,2026-03-03 14:30:00,Amgen Thousand Oaks,Amgen Thousand Oaks - Bistro Cafe,102,,Cook 2
2026-03-03,2026-03-03 06:30:00,2026-03-03 15:00:00,Park Place Plaza,Park Place Plaza,115,with Barista Duties,Server 2
2026-03-03,2026-03-03 06:30:00,2026-03-03 15:00:00,SBLP Warner Center OPCO LLC - The Variel,The Variel of Woodland Hills,105,,Dishwasher
2026-03-03,2026-03-03 07:00:00,2026-03-03 15:30:00,Beverly Hills Hotel,Beverly Hills Hotel - Main Kitchen,102,,Cook 2
2026-03-03,2026-03-03 07:00:00,2026-03-03 14:00:00,Beverly Hills Unified School District,BHUSD- El Rodeo Elementary,104,,General
2026-03-03,2026-03-03 07:00:00,2026-03-03 13:30:00,Beverly Hills Unified School District,BHUSD - Horace Mann Elementary School,104,,General
2026-03-03,2026-03-03 07:00:00,2026-03-03 15:00:00,Capital Group - Los Angeles,Capital Group - Los Angeles,105,,Dishwasher
2026-03-03,2026-03-03 07:00:00,2026-03-03 15:30:00,Country Market Catering Inc dba Contemporary Catering,@ Contemporary Catering,105,,Dishwasher
2026-03-03,2026-03-03 07:00:00,2026-03-03 15:30:00,Edwards Lifesciences,Edwards Lifesciences FOH Bldg. C,101,,Cashier
2026-03-03,2026-03-03 07:00:00,2026-03-03 15:00:00,Indian Wells Tennis Garden,Indian Wells Tennis Gardens | Player Dining,101,Cashier # 8,Cashier
2026-03-03,2026-03-03 07:00:00,2026-03-03 15:30:00,Indian Wells Tennis Garden,Indian Wells Tennis Gardens | Player Dining,102,Kitchen Cook # 6,Cook 2
2026-03-03,2026-03-03 07:00:00,2026-03-03 15:00:00,Indian Wells Tennis Garden,Indian Wells Tennis Gardens | Player Dining,101,FSA Attendant # 6,Cashier
2026-03-03,2026-03-03 07:00:00,2026-03-03 12:30:00,Indian Wells Tennis Garden,Indian Wells Tennis Gardens | Player Dining,102,,Cook 2
2026-03-03,2026-03-03 07:00:00,2026-03-03 15:30:00,Indian Wells Tennis Garden,Indian Wells Tennis Gardens | Player Dining,102,Kitchen Cook # 2,Cook 2
2026-03-03,2026-03-03 07:00:00,2026-03-03 15:00:00,Indian Wells Tennis Garden,Indian Wells Tennis Gardens | Player Dining,101,,Cashier
2026-03-03,2026-03-03 07:00:00,2026-03-03 15:00:00,Indian Wells Tennis Garden,Indian Wells Tennis Gardens | Player Dining,101,FSA Attendant # 7,Cashier
2026-03-03,2026-03-03 07:00:00,2026-03-03 15:00:00,Indian Wells Tennis Garden,Indian Wells Tennis Gardens | Player Dining,101,Cashier # 1,Cashier
2026-03-03,2026-03-03 07:00:00,2026-03-03 15:30:00,Indian Wells Tennis Garden,Indian Wells Tennis Gardens | Player Dining,102,Kitchen Cook # 10,Cook 2
2026-03-03,2026-03-03 07:00:00,2026-03-03 15:00:00,Indian Wells Tennis Garden,Indian Wells Tennis Gardens | Player Dining,101,Cashier #7,Cashier
2026-03-03,2026-03-03 07:00:00,2026-03-03 15:30:00,Indian Wells Tennis Garden,Indian Wells Tennis Gardens | Player Dining,102,Kitchen Cook # 15,Cook 2
2026-03-03,2026-03-03 07:00:00,2026-03-03 15:00:00,Indian Wells Tennis Garden,Indian Wells Tennis Gardens | Player Dining,101,FSA Attendant # 5,Cashier
2026-03-03,2026-03-03 07:00:00,2026-03-03 15:30:00,Martin Luther King Jr Hospital,Martin Luther King Jr. Hospital | BOH,102,On going assignment,Cook 2
2026-03-03,2026-03-03 07:00:00,2026-03-03 15:30:00,NBC Universal,NBC Universal Studios | The Market Place,102,,Cook 2
2026-03-03,2026-03-03 07:00:00,2026-03-03 14:30:00,Park Place Plaza,Park Place Plaza,105,,Dishwasher
2026-03-03,2026-03-03 07:00:00,2026-03-03 15:30:00,"Platinum Equity, LLC",Platinum Equity LLC,102,,Cook 2
2026-03-03,2026-03-03 07:00:00,2026-03-03 15:30:00,Union Station Homeless Services,Union Station Homeless Services - Adult Center,102,,Cook 2
2026-03-03,2026-03-03 07:00:00,2026-03-03 15:00:00,Warner Brothers,Warner Brothers,104,Pantry Attendant,General
2026-03-03,2026-03-03 07:00:00,2026-03-03 15:30:00,Warner Brothers,Warner Brothers,105,,Dishwasher
2026-03-03,2026-03-03 07:00:00,2026-03-03 14:30:00,Wolfgang Puck Catering,Wolfgang Puck Catering - Hollywood & Highland,102,,Cook 2
2026-03-03,2026-03-03 07:30:00,2026-03-03 15:30:00,Amgen Thousand Oaks,Amgen Thousand Oaks - Bistro Cafe,105,,Dishwasher
2026-03-03,2026-03-03 07:30:00,2026-03-03 14:00:00,Beverly Hills Unified School District,BHUSD - Beverly Hills High School,105,,Dishwasher
2026-03-03,2026-03-03 07:30:00,2026-03-03 16:00:00,Hotel Bel Air,Hotel Bel Air - Stewards,105,,Dishwasher
2026-03-03,2026-03-03 07:30:00,2026-03-03 15:30:00,NFL LA Huddle Cafe,NFL LA Huddle Cafe,105,,Dishwasher
2026-03-03,2026-03-03 08:00:00,2026-03-03 16:30:00,1 Hotel Seattle,1 Hotel Seattle,105,,Dishwasher
2026-03-03,2026-03-03 08:00:00,2026-03-03 13:00:00,Beverly Hills Unified School District,BHUSD - Horace Mann Elementary School,104,,General
2026-03-03,2026-03-03 08:00:00,2026-03-03 13:30:00,Beverly Hills Unified School District,BHUSD - Beverly Vista Middle School,104,,General
2026-03-03,2026-03-03 08:00:00,2026-03-03 15:00:00,Disney Studios,Disney Studios | Rotunda Restaurant,99,,Busser
2026-03-03,2026-03-03 08:00:00,2026-03-03 16:00:00,Hotel Bel Air,Hotel Bel Air - Main Kitchen,102,,Cook 2
2026-03-03,2026-03-03 08:00:00,2026-03-03 15:00:00,Indian Wells Tennis Garden,Indian Wells Tennis Gardens | Player Dining,102,Burrito 1,Cook 2
2026-03-03,2026-03-03 08:00:00,2026-03-03 15:00:00,Indian Wells Tennis Garden,Indian Wells Tennis Gardens | Player Dining,102,Garnish #1 ,Cook 2
2026-03-03,2026-03-03 08:00:00,2026-03-03 15:00:00,Indian Wells Tennis Garden,Indian Wells Tennis Gardens | Player Dining,102,Burrito 2 ,Cook 2
2026-03-03,2026-03-03 08:00:00,2026-03-03 15:00:00,Indian Wells Tennis Garden,Indian Wells Tennis Gardens | Player Dining,102,Tortilla # 1 ,Cook 2
2026-03-03,2026-03-03 08:00:00,2026-03-03 16:00:00,Indian Wells Tennis Garden,Indian Wells Tennis Gardens | Player Dining,102,Prep,Cook 2
2026-03-03,2026-03-03 08:00:00,2026-03-03 16:30:00,Indian Wells Tennis Garden,Indian Wells Tennis Gardens | Player Dining,102,Kitchen Cook # 5,Cook 2
2026-03-03,2026-03-03 08:00:00,2026-03-03 15:00:00,Indian Wells Tennis Garden,Indian Wells Tennis Gardens | Player Dining,102,Plancha # 1 ,Cook 2
2026-03-03,2026-03-03 08:00:00,2026-03-03 13:00:00,New West Charter School,New West Charter School - W. PICO Location,115,,Server 2
2026-03-03,2026-03-03 08:00:00,2026-03-03 16:30:00,The Wonderful Company,The Wonderful Company,97,,Barista 2
2026-03-03,2026-03-03 08:00:00,2026-03-03 14:30:00,Universal Music Group,Universal Music Group,110,,Prep Cook 2
2026-03-03,2026-03-03 08:30:00,2026-03-03 16:30:00,"Platinum Equity, LLC",Platinum Equity LLC,102,,Cook 2
2026-03-03,2026-03-03 09:00:00,2026-03-03 17:30:00,Flying Rose Foods Inc dba Bunch of Munchies,@ Flying Rose Foods | Bunch of Munchies,102,Chocolate Dipping,Cook 2
2026-03-03,2026-03-03 09:00:00,2026-03-03 15:00:00,Flying Rose Foods Inc dba Bunch of Munchies,@ Flying Rose Foods | Bunch of Munchies,104,Packer,General
2026-03-03,2026-03-03 09:00:00,2026-03-03 17:30:00,Indian Wells Tennis Garden,Indian Wells Tennis Gardens | Player Dining,102,Kitchen Cook # 21,Cook 2
2026-03-03,2026-03-03 09:00:00,2026-03-03 17:30:00,Indian Wells Tennis Garden,Indian Wells Tennis Gardens | Player Dining,102,Kitchen Cook # 11,Cook 2
2026-03-03,2026-03-03 09:00:00,2026-03-03 17:30:00,Indian Wells Tennis Garden,Indian Wells Tennis Gardens | Player Dining,102,Kitchen Cook # 17,Cook 2
2026-03-03,2026-03-03 09:00:00,2026-03-03 17:30:00,Indian Wells Tennis Garden,Indian Wells Tennis Gardens | Player Dining,102,Kitchen Cook # 13,Cook 2
2026-03-03,2026-03-03 09:00:00,2026-03-03 17:30:00,Indian Wells Tennis Garden,Indian Wells Tennis Gardens | Player Dining,101,,Cashier
2026-03-03,2026-03-03 09:00:00,2026-03-03 16:00:00,Indian Wells Tennis Garden,Indian Wells Tennis Gardens | Player Dining,101,Cashier # 1,Cashier
2026-03-03,2026-03-03 09:00:00,2026-03-03 17:30:00,Indian Wells Tennis Garden,Indian Wells Tennis Gardens | Player Dining,102,Kitchen Cook # 18,Cook 2
2026-03-03,2026-03-03 09:00:00,2026-03-03 17:30:00,Indian Wells Tennis Garden,Indian Wells Tennis Gardens | Player Dining,102,Kitchen Cook # 7,Cook 2
2026-03-03,2026-03-03 09:00:00,2026-03-03 16:00:00,Indian Wells Tennis Garden,Indian Wells Tennis Gardens | Player Dining,98,Bar AM ,Bartender 2
2026-03-03,2026-03-03 09:00:00,2026-03-03 16:00:00,Indian Wells Tennis Garden,Indian Wells Tennis Gardens | Player Dining,101,Cashier #1 ,Cashier
2026-03-03,2026-03-03 09:00:00,2026-03-03 17:30:00,Indian Wells Tennis Garden,Indian Wells Tennis Gardens | Player Dining,102,Kitchen Cook # 14,Cook 2
2026-03-03,2026-03-03 09:00:00,2026-03-03 17:30:00,Indian Wells Tennis Garden,Indian Wells Tennis Gardens | Player Dining,102,Kitchen Cook # 3,Cook 2
2026-03-03,2026-03-03 09:00:00,2026-03-03 16:00:00,Indian Wells Tennis Garden,Indian Wells Tennis Gardens | Player Dining,102,Nacho AM,Cook 2
2026-03-03,2026-03-03 09:00:00,2026-03-03 16:00:00,Indian Wells Tennis Garden,Indian Wells Tennis Gardens | Player Dining,101,Cashier # 2,Cashier
2026-03-03,2026-03-03 09:00:00,2026-03-03 17:30:00,Indian Wells Tennis Garden,Indian Wells Tennis Gardens | Player Dining,102,Kitchen Cook # 20,Cook 2
2026-03-03,2026-03-03 09:00:00,2026-03-03 16:00:00,Indian Wells Tennis Garden,Indian Wells Tennis Gardens | Player Dining,101,Cashier #2 ,Cashier
2026-03-03,2026-03-03 09:00:00,2026-03-03 17:30:00,"Platinum Equity, LLC",Platinum Equity LLC,105,,Dishwasher
2026-03-03,2026-03-03 09:00:00,2026-03-03 17:00:00,"Platinum Equity, LLC",Platinum Equity LLC,102,,Cook 2
2026-03-03,2026-03-03 09:30:00,2026-03-03 15:30:00,Google Spruce Goose Offices,Google Spruce Goose - Catering Operations,105,,Dishwasher
2026-03-03,2026-03-03 09:30:00,2026-03-03 17:30:00,Indian Wells Tennis Garden,Indian Wells Tennis Gardens | Player Dining,101,Grab and go # 2,Cashier
2026-03-03,2026-03-03 09:30:00,2026-03-03 17:30:00,Indian Wells Tennis Garden,Indian Wells Tennis Gardens | Player Dining,101,Cashier # 3,Cashier
2026-03-03,2026-03-03 09:30:00,2026-03-03 17:30:00,Indian Wells Tennis Garden,Indian Wells Tennis Gardens | Player Dining,101,FSA Attendant # 1,Cashier
2026-03-03,2026-03-03 09:30:00,2026-03-03 17:30:00,Indian Wells Tennis Garden,Indian Wells Tennis Gardens | Player Dining,101,Cashier # 4,Cashier
2026-03-03,2026-03-03 09:30:00,2026-03-03 17:30:00,Indian Wells Tennis Garden,Indian Wells Tennis Gardens | Player Dining,101,FSA Attendant # 2,Cashier
2026-03-03,2026-03-03 09:30:00,2026-03-03 17:30:00,Indian Wells Tennis Garden,Indian Wells Tennis Gardens | Player Dining,101,FSA Attendant # 8,Cashier
2026-03-03,2026-03-03 09:30:00,2026-03-03 17:30:00,Indian Wells Tennis Garden,Indian Wells Tennis Gardens | Player Dining,101,Cashier # 2,Cashier
2026-03-03,2026-03-03 09:30:00,2026-03-03 14:00:00,Olive Grove Cafe,Olive Grove Cafe,101,with Food Runner Duties,Cashier
2026-03-03,2026-03-03 10:00:00,2026-03-03 18:30:00,Childrens Hospital Los Angeles,Childrens Hospital Los Angeles,105,,Dishwasher
2026-03-03,2026-03-03 10:00:00,2026-03-03 16:30:00,Google Spruce Goose Offices,Google Spruce Goose - Cafe,104,Dishwasher,General
2026-03-03,2026-03-03 10:00:00,2026-03-03 18:30:00,Griffin Club Los Angeles,Griffin Club Los Angeles,102,Sushi Cook ,Cook 2
2026-03-03,2026-03-03 10:00:00,2026-03-03 18:30:00,The Getty Center,The Getty Center - Catering,102,,Cook 2
2026-03-03,2026-03-03 10:00:00,2026-03-03 15:00:00,Universal Music Group,Universal Music Group,105,,Dishwasher
2026-03-03,2026-03-03 10:00:00,2026-03-03 18:30:00,USC Verdugo Hills Hospital,USC Verdugo Hills Hospital,102,,Cook 2
2026-03-03,2026-03-03 11:00:00,2026-03-03 19:30:00,Brentwood Country Club,Brentwood Country Club - Kitchen,105,,Dishwasher
2026-03-03,2026-03-03 11:00:00,2026-03-03 15:30:00,Guckenheimer Cafe at Red Bull,Guckenheimer Cafe at Red Bull - Back of House,105,,Dishwasher
2026-03-03,2026-03-03 11:00:00,2026-03-03 19:30:00,Henry Mayo Newhall Hospital,Henry Mayo Newhall Hospital,102,Ongoing Shifts - TB must be done first! ,Cook 2
2026-03-03,2026-03-03 11:00:00,2026-03-03 19:30:00,PIH Health - Whittier Hospital,PIH Health - Whittier Hospital,102,,Cook 2
2026-03-03,2026-03-03 11:00:00,2026-03-03 19:30:00,University Village Thousand Oaks,University Village Thousand Oaks ,102,,Cook 2
2026-03-03,2026-03-03 11:00:00,2026-03-03 19:30:00,University Village Thousand Oaks,University Village Thousand Oaks ,102,,Cook 2
2026-03-03,2026-03-03 11:00:00,2026-03-03 19:30:00,VEA Hotel - Newport Beach,VEA Hotel - Newport Beach | Cooks,102,,Cook 2
2026-03-03,2026-03-03 11:30:00,2026-03-03 20:00:00,People Assisting the Homeless,People Assisting the Homeless - YWCA,110,,Prep Cook 2
2026-03-03,2026-03-03 12:00:00,2026-03-03 20:30:00,Childrens Hospital Los Angeles,Childrens Hospital Los Angeles,104,Food Service Worker,General
2026-03-03,2026-03-03 12:00:00,2026-03-03 20:30:00,Griffin Club Los Angeles,Griffin Club Los Angeles,102,,Cook 2
2026-03-03,2026-03-03 12:00:00,2026-03-03 20:30:00,Malibu Beach Inn,Malibu Beach Inn - BOH,105,,Dishwasher
2026-03-03,2026-03-03 12:00:00,2026-03-03 18:30:00,Masimo Technology Cafe,Masimo Technology Cafe | FOH,115,,Server 2
2026-03-03,2026-03-03 12:00:00,2026-03-03 20:30:00,PIH Health - Whittier Hospital,PIH Health - Whittier Hospital,110,,Prep Cook 2
2026-03-03,2026-03-03 12:00:00,2026-03-03 20:30:00,SBLP Warner Center OPCO LLC - The Variel,The Variel of Woodland Hills,102,,Cook 2
2026-03-03,2026-03-03 13:00:00,2026-03-03 21:30:00,Indian Wells Tennis Garden,Indian Wells Tennis Gardens | Player Dining,101,,Cashier
2026-03-03,2026-03-03 14:00:00,2026-03-03 22:00:00,Hotel Bel Air,Hotel Bel Air - Swan Cafe,102,,Cook 2
2026-03-03,2026-03-03 14:00:00,2026-03-03 21:00:00,Indian Wells Tennis Garden,Indian Wells Tennis Gardens | Player Dining,102,Garnish #1 ,Cook 2
2026-03-03,2026-03-03 14:00:00,2026-03-03 21:00:00,Indian Wells Tennis Garden,Indian Wells Tennis Gardens | Player Dining,102,Burrito 2 ,Cook 2
2026-03-03,2026-03-03 14:00:00,2026-03-03 21:00:00,Indian Wells Tennis Garden,Indian Wells Tennis Gardens | Player Dining,102,Tortilla #1 ,Cook 2
2026-03-03,2026-03-03 14:00:00,2026-03-03 21:00:00,Indian Wells Tennis Garden,Indian Wells Tennis Gardens | Player Dining,102,Plancha #1 ,Cook 2
2026-03-03,2026-03-03 14:00:00,2026-03-03 21:00:00,Indian Wells Tennis Garden,Indian Wells Tennis Gardens | Player Dining,102,Burrito 1 ,Cook 2
2026-03-03,2026-03-03 14:00:00,2026-03-03 22:30:00,Martin Luther King Jr Hospital,Martin Luther King Jr. Hospital | BOH,102,,Cook 2
2026-03-03,2026-03-03 14:00:00,2026-03-03 22:30:00,SBLP Warner Center OPCO LLC - The Variel,The Variel of Woodland Hills,105,,Dishwasher
2026-03-03,2026-03-03 15:00:00,2026-03-03 23:30:00,Crescent Heights Ten Thousand,Crescent Heights Ten Thousand - Butler Department,115,Butler/Porter,Server 2
2026-03-03,2026-03-03 15:00:00,2026-03-03 22:00:00,Indian Wells Tennis Garden,Indian Wells Tennis Gardens | Player Dining,101,Cashier # 1 ,Cashier
2026-03-03,2026-03-03 15:00:00,2026-03-03 22:00:00,Indian Wells Tennis Garden,Indian Wells Tennis Gardens | Player Dining,101,Cashier #2,Cashier
2026-03-03,2026-03-03 15:00:00,2026-03-03 22:00:00,Indian Wells Tennis Garden,Indian Wells Tennis Gardens | Player Dining,101,Cashier #2 ,Cashier
2026-03-03,2026-03-03 15:00:00,2026-03-03 22:00:00,Indian Wells Tennis Garden,Indian Wells Tennis Gardens | Player Dining,102,Nacho PM,Cook 2
2026-03-03,2026-03-03 15:00:00,2026-03-03 22:00:00,Indian Wells Tennis Garden,Indian Wells Tennis Gardens | Player Dining,98,Bar PM,Bartender 2
2026-03-03,2026-03-03 15:00:00,2026-03-03 22:00:00,Indian Wells Tennis Garden,Indian Wells Tennis Gardens | Player Dining,101,Cashier # 1 ,Cashier
2026-03-03,2026-03-03 16:00:00,2026-03-03 23:00:00,Canyon Palm Springs Hotel dba Thompson Palm Springs,Thompson Palm Springs |  FOH,99,,Busser
2026-03-03,2026-03-03 17:00:00,2026-03-03 22:30:00,Martin Luther King Jr Hospital,Martin Luther King Jr. Hospital | BOH,105,,Dishwasher
2026-03-03,2026-03-03 17:30:00,2026-03-03 23:30:00,Academy Museum of Motion Pictures,Academy Museum of Motion Pictures - Catering Kitchen,105,report to 5th fl,Dishwasher
2026-03-03,2026-03-03 18:00:00,2026-03-03 22:30:00,Martin Luther King Jr Hospital,Martin Luther King Jr. Hospital | BOH,105,,Dishwasher
2026-03-03,2026-03-03 22:00:00,2026-03-04 06:30:00,Commerce Casino,Commerce Casino - Employee Dining Room,102,Overnight Shift,Cook 2
2026-03-04,2026-03-04 05:00:00,2026-03-04 13:30:00,People Assisting the Homeless,People Assisting the Homeless - YWCA,110,,Prep Cook 2
2026-03-04,2026-03-04 05:00:00,2026-03-04 13:30:00,People Assisting the Homeless,People Assisting the Homeless - YWCA,110,,Prep Cook 2
2026-03-04,2026-03-04 05:00:00,2026-03-04 13:30:00,PIH Health - Good Samaritan Hospital,PIH Health - Good Samaritan Hospital,290,,Cook 3
2026-03-04,2026-03-04 05:00:00,2026-03-04 13:30:00,PIH Health - Whittier Hospital,PIH Health - Whittier Hospital,102,,Cook 2
2026-03-04,2026-03-04 05:00:00,2026-03-04 13:30:00,PIH Health - Whittier Hospital,PIH Health - Whittier Hospital,110,,Prep Cook 2
2026-03-04,2026-03-04 05:30:00,2026-03-04 11:00:00,Empowered 4 Life Foundation,@ Empowered 4 Life Foundation,110,,Prep Cook 2
2026-03-04,2026-03-04 05:30:00,2026-03-04 14:00:00,Olive Grove Cafe,Kirkland and Ellis,102,,Cook 2
2026-03-04,2026-03-04 05:30:00,2026-03-04 14:00:00,Teledyne,Teledyne,102,,Cook 2
2026-03-04,2026-03-04 06:00:00,2026-03-04 14:30:00,Amgen Thousand Oaks,Amgen Thousand Oaks - Terrace Cafe,102,,Cook 2
2026-03-04,2026-03-04 06:00:00,2026-03-04 14:00:00,Beverly Hills Unified School District,BHUSD - Beverly Hills High School,104,,General
2026-03-04,2026-03-04 06:00:00,2026-03-04 13:30:00,Beverly Hills Unified School District,BHUSD - Beverly Hills High School,110,,Prep Cook 2
2026-03-04,2026-03-04 06:00:00,2026-03-04 13:30:00,Beverly Hills Unified School District,BHUSD - Beverly Hills High School,102,,Cook 2
2026-03-04,2026-03-04 06:00:00,2026-03-04 14:30:00,Capital Group - Irvine,Capital Group - Irvine | FOH,101,,Cashier
2026-03-04,2026-03-04 06:00:00,2026-03-04 14:30:00,Disney Studios,Disney Studios | GC3 Cafe Glendale,102,,Cook 2
2026-03-04,2026-03-04 06:00:00,2026-03-04 14:30:00,Edwards Lifesciences,Edwards Lifesciences FOH Bldg. C,101,,Cashier
2026-03-04,2026-03-04 06:00:00,2026-03-04 15:00:00,"Fox Studio Lot, LLC",Fox Studio - News Cafe BoH,102,,Cook 2
2026-03-04,2026-03-04 06:00:00,2026-03-04 14:30:00,"Fox Studio Lot, LLC",Fox Studio - Moe's Cafe BoH,102,,Cook 2
2026-03-04,2026-03-04 06:00:00,2026-03-04 14:30:00,"Fox Studio Lot, LLC",Fox Studio - Commissary,102,,Cook 2
2026-03-04,2026-03-04 06:00:00,2026-03-04 15:00:00,"Fox Studio Lot, LLC",Fox Studio - Moe's Cafe BoH,102,,Cook 2
2026-03-04,2026-03-04 06:00:00,2026-03-04 16:00:00,Indian Wells Tennis Garden,Indian Wells Tennis Gardens | Player Dining,264,,Event Supervisor
2026-03-04,2026-03-04 06:00:00,2026-03-04 14:30:00,Martin Luther King Jr Hospital,Martin Luther King Jr. Hospital | BOH,102,,Cook 2
2026-03-04,2026-03-04 06:00:00,2026-03-04 14:30:00,Masimo Technology Cafe,Masimo Technology Cafe | FOH,115,,Server 2
2026-03-04,2026-03-04 06:00:00,2026-03-04 14:00:00,NBC Universal,NBC Universal Studios | The Market Place,102,Sushi gig,Cook 2
2026-03-04,2026-03-04 06:00:00,2026-03-04 14:30:00,Park Place Plaza,Park Place Plaza,110,,Prep Cook 2
2026-03-04,2026-03-04 06:00:00,2026-03-04 14:30:00,USC Verdugo Hills Hospital,USC Verdugo Hills Hospital,102,,Cook 2
2026-03-04,2026-03-04 06:00:00,2026-03-04 14:30:00,VEA Hotel - Newport Beach,VEA Hotel - Newport Beach | Cooks,102,,Cook 2
2026-03-04,2026-03-04 06:30:00,2026-03-04 14:30:00,Amgen Thousand Oaks,Amgen Thousand Oaks - Bistro Cafe,102,,Cook 2
2026-03-04,2026-03-04 06:30:00,2026-03-04 14:30:00,Disney Studios,Disney Studios | Rotunda Restaurant,99,,Busser
2026-03-04,2026-03-04 06:30:00,2026-03-04 14:30:00,Hilton Palm Springs,Hilton Palm Springs,115,,Server 2
2026-03-04,2026-03-04 06:30:00,2026-03-04 15:00:00,Park Place Plaza,Park Place Plaza,115,with Barista Duties,Server 2
2026-03-04,2026-03-04 07:00:00,2026-03-04 15:30:00,Beverly Hills Hotel,Beverly Hills Hotel - Main Kitchen,102,,Cook 2
2026-03-04,2026-03-04 07:00:00,2026-03-04 13:30:00,Beverly Hills Unified School District,BHUSD - Horace Mann Elementary School,104,,General
2026-03-04,2026-03-04 07:00:00,2026-03-04 14:00:00,Beverly Hills Unified School District,BHUSD- El Rodeo Elementary,104,,General
2026-03-04,2026-03-04 07:00:00,2026-03-04 14:00:00,Beverly Hills Unified School District,BHUSD - Beverly Hills High School,104,,General
2026-03-04,2026-03-04 07:00:00,2026-03-04 15:00:00,Capital Group - Los Angeles,Capital Group - Los Angeles,105,,Dishwasher
2026-03-04,2026-03-04 07:00:00,2026-03-04 15:30:00,Edwards Lifesciences,Edwards Lifesciences FOH Bldg. C,97,,Barista 2
2026-03-04,2026-03-04 07:00:00,2026-03-04 14:30:00,Guckenheimer Cafe at Red Bull,Guckenheimer Cafe at Red Bull - Front of House,97,,Barista 2
2026-03-04,2026-03-04 07:00:00,2026-03-04 15:00:00,Indian Wells Tennis Garden,Indian Wells Tennis Gardens | Player Dining,101,Cashier ,Cashier
2026-03-04,2026-03-04 07:00:00,2026-03-04 12:30:00,Indian Wells Tennis Garden,Indian Wells Tennis Gardens | Player Dining,102,,Cook 2
2026-03-04,2026-03-04 07:00:00,2026-03-04 15:30:00,Indian Wells Tennis Garden,Indian Wells Tennis Gardens | Player Dining,102,Kitchen Cook # 2,Cook 2
2026-03-04,2026-03-04 07:00:00,2026-03-04 15:00:00,Indian Wells Tennis Garden,Indian Wells Tennis Gardens | Player Dining,101,Grab and go ,Cashier
2026-03-04,2026-03-04 07:00:00,2026-03-04 15:00:00,Indian Wells Tennis Garden,Indian Wells Tennis Gardens | Player Dining,101,FSA Attendant,Cashier
2026-03-04,2026-03-04 07:00:00,2026-03-04 15:30:00,Martin Luther King Jr Hospital,Martin Luther King Jr. Hospital | BOH,102,On going assignment,Cook 2
2026-03-04,2026-03-04 07:00:00,2026-03-04 15:30:00,NBC Universal,NBC Universal Studios | The Market Place,102,,Cook 2
2026-03-04,2026-03-04 07:00:00,2026-03-04 15:30:00,"Platinum Equity, LLC",Platinum Equity LLC,102,,Cook 2
2026-03-04,2026-03-04 07:00:00,2026-03-04 15:30:00,"Taylor Made Cuisine, Inc.","Taylor Made Cuisine, Inc.",110,,Prep Cook 2
2026-03-04,2026-03-04 07:00:00,2026-03-04 15:30:00,The Meadowglade LLC,The Meadowglade,102,On going/ read description,Cook 2
2026-03-04,2026-03-04 07:00:00,2026-03-04 15:30:00,Union Station Homeless Services,Union Station Homeless Services - Adult Center,102,,Cook 2
2026-03-04,2026-03-04 07:00:00,2026-03-04 14:30:00,Wolfgang Puck Catering,Wolfgang Puck Catering - Hollywood & Highland,102,,Cook 2
2026-03-04,2026-03-04 07:30:00,2026-03-04 15:30:00,Amgen Thousand Oaks,Amgen Thousand Oaks - Bistro Cafe,105,,Dishwasher
2026-03-04,2026-03-04 07:30:00,2026-03-04 16:00:00,Anaheim Convention Center,Anaheim Convention Center BOH,102,Catering,Cook 2
2026-03-04,2026-03-04 08:00:00,2026-03-04 16:30:00,1 Hotel Seattle,1 Hotel Seattle,105,,Dishwasher
2026-03-04,2026-03-04 08:00:00,2026-03-04 13:30:00,Beverly Hills Unified School District,BHUSD - Beverly Vista Middle School,104,,General
2026-03-04,2026-03-04 08:00:00,2026-03-04 16:00:00,Hotel Bel Air,Hotel Bel Air - Main Kitchen,110,,Prep Cook 2
2026-03-04,2026-03-04 08:00:00,2026-03-04 15:00:00,Indian Wells Tennis Garden,Indian Wells Tennis Gardens | Player Dining,102,Garnish #1 ,Cook 2
2026-03-04,2026-03-04 08:00:00,2026-03-04 15:00:00,Indian Wells Tennis Garden,Indian Wells Tennis Gardens | Player Dining,102,Tortilla #2 ,Cook 2
2026-03-04,2026-03-04 08:00:00,2026-03-04 15:00:00,Indian Wells Tennis Garden,Indian Wells Tennis Gardens | Player Dining,102,Bowls #1,Cook 2
2026-03-04,2026-03-04 08:00:00,2026-03-04 15:00:00,Indian Wells Tennis Garden,Indian Wells Tennis Gardens | Player Dining,102,Burrito 3,Cook 2
2026-03-04,2026-03-04 08:00:00,2026-03-04 15:00:00,Indian Wells Tennis Garden,Indian Wells Tennis Gardens | Player Dining,102,Burrito 2,Cook 2
2026-03-04,2026-03-04 08:00:00,2026-03-04 16:30:00,Indian Wells Tennis Garden,Indian Wells Tennis Gardens | Player Dining,102,Kitchen Cook # 15,Cook 2
2026-03-04,2026-03-04 08:00:00,2026-03-04 15:00:00,Indian Wells Tennis Garden,Indian Wells Tennis Gardens | Player Dining,102,Tortilla # 1 ,Cook 2
2026-03-04,2026-03-04 08:00:00,2026-03-04 15:00:00,Indian Wells Tennis Garden,Indian Wells Tennis Gardens | Player Dining,102,Garnish # 2,Cook 2
2026-03-04,2026-03-04 08:00:00,2026-03-04 16:30:00,Indian Wells Tennis Garden,Indian Wells Tennis Gardens | Player Dining,102,Kitchen Cook # 3,Cook 2
2026-03-04,2026-03-04 08:00:00,2026-03-04 15:00:00,Indian Wells Tennis Garden,Indian Wells Tennis Gardens | Player Dining,102,Burrito 1,Cook 2
2026-03-04,2026-03-04 08:00:00,2026-03-04 16:30:00,Indian Wells Tennis Garden,Indian Wells Tennis Gardens | Player Dining,102,Kitchen Cook # 17,Cook 2
2026-03-04,2026-03-04 08:00:00,2026-03-04 15:00:00,Indian Wells Tennis Garden,Indian Wells Tennis Gardens | Player Dining,102,Plancha # 2,Cook 2
2026-03-04,2026-03-04 08:00:00,2026-03-04 16:00:00,Indian Wells Tennis Garden,Indian Wells Tennis Gardens | Player Dining,102,Prep,Cook 2
2026-03-04,2026-03-04 08:00:00,2026-03-04 15:00:00,Indian Wells Tennis Garden,Indian Wells Tennis Gardens | Player Dining,102,Plancha # 1 ,Cook 2
2026-03-04,2026-03-04 08:00:00,2026-03-04 16:30:00,"Taylor Made Cuisine, Inc.","Taylor Made Cuisine, Inc.",105,,Dishwasher
2026-03-04,2026-03-04 08:00:00,2026-03-04 16:30:00,The Wonderful Company,The Wonderful Company,97,,Barista 2
2026-03-04,2026-03-04 08:30:00,2026-03-04 17:00:00,Anaheim Convention Center,Anaheim Convention Center BOH,102,Catering Cook,Cook 2
2026-03-04,2026-03-04 08:30:00,2026-03-04 16:30:00,"Platinum Equity, LLC",Platinum Equity LLC,102,,Cook 2
2026-03-04,2026-03-04 09:00:00,2026-03-04 16:00:00,Indian Wells Tennis Garden,Indian Wells Tennis Gardens | Player Dining,102,Nacho ,Cook 2
2026-03-04,2026-03-04 09:00:00,2026-03-04 17:30:00,Indian Wells Tennis Garden,Indian Wells Tennis Gardens | Player Dining,102,Kitchen Cook # 19,Cook 2
2026-03-04,2026-03-04 09:00:00,2026-03-04 17:30:00,Indian Wells Tennis Garden,Indian Wells Tennis Gardens | Player Dining,102,Kitchen Cook # 10,Cook 2
2026-03-04,2026-03-04 09:00:00,2026-03-04 16:00:00,Indian Wells Tennis Garden,Indian Wells Tennis Gardens | Player Dining,101,Cashier #1 ,Cashier
2026-03-04,2026-03-04 09:00:00,2026-03-04 16:00:00,Indian Wells Tennis Garden,Indian Wells Tennis Gardens | Player Dining,101,Cashier # 1,Cashier
2026-03-04,2026-03-04 09:00:00,2026-03-04 17:30:00,Indian Wells Tennis Garden,Indian Wells Tennis Gardens | Player Dining,102,Kitchen Cook # 6,Cook 2
2026-03-04,2026-03-04 09:00:00,2026-03-04 17:30:00,Indian Wells Tennis Garden,Indian Wells Tennis Gardens | Player Dining,102,Kitchen Cook # 20,Cook 2
2026-03-04,2026-03-04 09:00:00,2026-03-04 16:00:00,Indian Wells Tennis Garden,Indian Wells Tennis Gardens | Player Dining,98,Bar AM,Bartender 2
2026-03-04,2026-03-04 09:00:00,2026-03-04 17:30:00,Indian Wells Tennis Garden,Indian Wells Tennis Gardens | Player Dining,102,Kitchen Cook # 11,Cook 2
2026-03-04,2026-03-04 09:00:00,2026-03-04 16:00:00,Indian Wells Tennis Garden,Indian Wells Tennis Gardens | Player Dining,101,,Cashier
2026-03-04,2026-03-04 09:00:00,2026-03-04 16:00:00,Indian Wells Tennis Garden,Indian Wells Tennis Gardens | Player Dining,101,Cashier # 1,Cashier
2026-03-04,2026-03-04 09:00:00,2026-03-04 16:00:00,Indian Wells Tennis Garden,Indian Wells Tennis Gardens | Player Dining,101,Cashier #2 ,Cashier
2026-03-04,2026-03-04 09:00:00,2026-03-04 16:00:00,Indian Wells Tennis Garden,Indian Wells Tennis Gardens | Player Dining,101,Cashier # 2,Cashier
2026-03-04,2026-03-04 09:00:00,2026-03-04 17:30:00,Indian Wells Tennis Garden,Indian Wells Tennis Gardens | Player Dining,102,Kitchen Cook # 7,Cook 2
2026-03-04,2026-03-04 09:00:00,2026-03-04 17:30:00,Indian Wells Tennis Garden,Indian Wells Tennis Gardens | Player Dining,102,Kitchen Cook # 13,Cook 2
2026-03-04,2026-03-04 09:00:00,2026-03-04 17:30:00,"Platinum Equity, LLC",Platinum Equity LLC,105,,Dishwasher
2026-03-04,2026-03-04 09:00:00,2026-03-04 17:00:00,"Platinum Equity, LLC",Platinum Equity LLC,102,,Cook 2
2026-03-04,2026-03-04 09:30:00,2026-03-04 18:00:00,Anaheim Convention Center,Anaheim Convention Center BOH,102,,Cook 2
2026-03-04,2026-03-04 09:30:00,2026-03-04 17:00:00,Anaheim Convention Center,Anaheim Convention Center BOH,102,Retail Cook,Cook 2
2026-03-04,2026-03-04 09:30:00,2026-03-04 15:30:00,Google Spruce Goose Offices,Google Spruce Goose - Catering Operations,105,,Dishwasher
2026-03-04,2026-03-04 09:30:00,2026-03-04 14:00:00,Olive Grove Cafe,Olive Grove Cafe,101,with Food Runner Duties,Cashier
2026-03-04,2026-03-04 10:00:00,2026-03-04 18:00:00,Indian Wells Tennis Garden,Indian Wells Tennis Gardens | Player Dining,102,EXPO MID,Cook 2
2026-03-04,2026-03-04 10:00:00,2026-03-04 18:00:00,Indian Wells Tennis Garden,Indian Wells Tennis Gardens | Player Dining,102,EXPO MID,Cook 2
2026-03-04,2026-03-04 10:00:00,2026-03-04 18:30:00,Indian Wells Tennis Garden,Indian Wells Tennis Gardens | Player Dining,102,Kitchen Cook # 5,Cook 2
2026-03-04,2026-03-04 10:00:00,2026-03-04 18:00:00,Indian Wells Tennis Garden,Indian Wells Tennis Gardens | Player Dining,101,FSA Attendant,Cashier
2026-03-04,2026-03-04 10:00:00,2026-03-04 18:00:00,Indian Wells Tennis Garden,Indian Wells Tennis Gardens | Player Dining,102,Fry AM ,Cook 2
2026-03-04,2026-03-04 10:00:00,2026-03-04 18:00:00,Indian Wells Tennis Garden,Indian Wells Tennis Gardens | Player Dining,101,Cashier,Cashier
2026-03-04,2026-03-04 10:00:00,2026-03-04 15:00:00,Universal Music Group,Universal Music Group,105,,Dishwasher
2026-03-04,2026-03-04 10:00:00,2026-03-04 18:30:00,USC Verdugo Hills Hospital,USC Verdugo Hills Hospital,102,,Cook 2
2026-03-04,2026-03-04 11:00:00,2026-03-04 17:00:00,Anaheim Convention Center,Anaheim Convention Center BOH,102,,Cook 2
2026-03-04,2026-03-04 11:00:00,2026-03-04 15:30:00,Guckenheimer Cafe at Red Bull,Guckenheimer Cafe at Red Bull - Back of House,105,,Dishwasher
2026-03-04,2026-03-04 11:00:00,2026-03-04 20:30:00,Indian Wells Tennis Garden,Indian Wells Tennis Gardens | Player Dining,102,Kitchen Cook # 9,Cook 2
2026-03-04,2026-03-04 11:00:00,2026-03-04 20:30:00,Indian Wells Tennis Garden,Indian Wells Tennis Gardens | Player Dining,102,Kitchen Cook # 14,Cook 2
2026-03-04,2026-03-04 11:00:00,2026-03-04 20:30:00,Indian Wells Tennis Garden,Indian Wells Tennis Gardens | Player Dining,102,Kitchen Cook # 21,Cook 2
2026-03-04,2026-03-04 11:00:00,2026-03-04 20:30:00,Indian Wells Tennis Garden,Indian Wells Tennis Gardens | Player Dining,102,Kitchen Cook # 4,Cook 2
2026-03-04,2026-03-04 11:00:00,2026-03-04 20:30:00,Indian Wells Tennis Garden,Indian Wells Tennis Gardens | Player Dining,102,Kitchen Cook # 18,Cook 2
2026-03-04,2026-03-04 11:00:00,2026-03-04 19:30:00,PIH Health - Whittier Hospital,PIH Health - Whittier Hospital,102,,Cook 2
2026-03-04,2026-03-04 11:30:00,2026-03-04 20:00:00,People Assisting the Homeless,People Assisting the Homeless - YWCA,110,,Prep Cook 2
2026-03-04,2026-03-04 12:00:00,2026-03-04 20:00:00,Academy Museum of Motion Pictures,Academy Museum of Motion Pictures - Fanny's Restaurant,105,,Dishwasher
2026-03-04,2026-03-04 12:00:00,2026-03-04 20:30:00,Anaheim Convention Center,Anaheim Convention Center BOH,102,Carving Station,Cook 2
2026-03-04,2026-03-04 12:00:00,2026-03-04 20:30:00,Cedars Sinai Medical Center,Cedars Sinai - Plaza & Cafe,102,Grill Cook,Cook 2
2026-03-04,2026-03-04 12:00:00,2026-03-04 20:30:00,Childrens Hospital Los Angeles,Childrens Hospital Los Angeles,104,Food Service Worker,General
2026-03-04,2026-03-04 12:00:00,2026-03-04 20:00:00,Indian Wells Tennis Garden,Indian Wells Tennis Gardens | Player Dining,101,FSA Attendant,Cashier
2026-03-04,2026-03-04 12:00:00,2026-03-04 20:00:00,Indian Wells Tennis Garden,Indian Wells Tennis Gardens | Player Dining,101,Cashier ,Cashier
2026-03-04,2026-03-04 12:00:00,2026-03-04 20:00:00,Indian Wells Tennis Garden,Indian Wells Tennis Gardens | Player Dining,101,Grab and Go ,Cashier
2026-03-04,2026-03-04 12:00:00,2026-03-04 20:30:00,Malibu Beach Inn,Malibu Beach Inn - BOH,105,,Dishwasher
2026-03-04,2026-03-04 12:00:00,2026-03-04 20:30:00,PIH Health - Whittier Hospital,PIH Health - Whittier Hospital,110,,Prep Cook 2
2026-03-04,2026-03-04 12:00:00,2026-03-04 20:30:00,SBLP Warner Center OPCO LLC - The Variel,The Variel of Woodland Hills,102,,Cook 2
2026-03-04,2026-03-04 12:00:00,2026-03-04 20:30:00,VEA Hotel - Newport Beach,VEA Hotel - Newport Beach | Cooks,102,,Cook 2
2026-03-04,2026-03-04 12:30:00,2026-03-04 21:00:00,Griffin Club Los Angeles,Griffin Club Los Angeles,102,,Cook 2
2026-03-04,2026-03-04 13:00:00,2026-03-04 21:30:00,Griffin Club Los Angeles,Griffin Club Los Angeles,105,,Dishwasher
2026-03-04,2026-03-04 13:00:00,2026-03-04 21:30:00,Shady Canyon Golf Club,Shady Canyon Golf Club,102,,Cook 2
2026-03-04,2026-03-04 14:00:00,2026-03-04 21:30:00,Hilton Palm Springs,Hilton Palm Springs,115,,Server 2
2026-03-04,2026-03-04 14:00:00,2026-03-04 22:00:00,Hotel Bel Air,Hotel Bel Air - Swan Cafe,102,,Cook 2
2026-03-04,2026-03-04 14:00:00,2026-03-04 21:00:00,Indian Wells Tennis Garden,Indian Wells Tennis Gardens | Player Dining,102,Plancha # 2,Cook 2
2026-03-04,2026-03-04 14:00:00,2026-03-04 21:00:00,Indian Wells Tennis Garden,Indian Wells Tennis Gardens | Player Dining,102,Tortilla #1 ,Cook 2
2026-03-04,2026-03-04 14:00:00,2026-03-04 21:00:00,Indian Wells Tennis Garden,Indian Wells Tennis Gardens | Player Dining,102,Tortilla # 2,Cook 2
2026-03-04,2026-03-04 14:00:00,2026-03-04 21:00:00,Indian Wells Tennis Garden,Indian Wells Tennis Gardens | Player Dining,102,Bowls #1,Cook 2
2026-03-04,2026-03-04 14:00:00,2026-03-04 21:00:00,Indian Wells Tennis Garden,Indian Wells Tennis Gardens | Player Dining,102,Burrito 2,Cook 2
2026-03-04,2026-03-04 14:00:00,2026-03-04 21:00:00,Indian Wells Tennis Garden,Indian Wells Tennis Gardens | Player Dining,102,Plancha #1 ,Cook 2
2026-03-04,2026-03-04 14:00:00,2026-03-04 21:00:00,Indian Wells Tennis Garden,Indian Wells Tennis Gardens | Player Dining,102,Burrito 3,Cook 2
2026-03-04,2026-03-04 14:00:00,2026-03-04 21:00:00,Indian Wells Tennis Garden,Indian Wells Tennis Gardens | Player Dining,102,Garnish # 2 ,Cook 2
2026-03-04,2026-03-04 14:00:00,2026-03-04 21:00:00,Indian Wells Tennis Garden,Indian Wells Tennis Gardens | Player Dining,102,Garnish #1 ,Cook 2
2026-03-04,2026-03-04 14:00:00,2026-03-04 21:00:00,Indian Wells Tennis Garden,Indian Wells Tennis Gardens | Player Dining,102,Burrito 1,Cook 2
2026-03-04,2026-03-04 14:00:00,2026-03-04 22:30:00,Lakeside Golf Club,@ Lakeside Golf Club,105,,Dishwasher
2026-03-04,2026-03-04 14:00:00,2026-03-04 22:30:00,Martin Luther King Jr Hospital,Martin Luther King Jr. Hospital | BOH,102,,Cook 2
2026-03-04,2026-03-04 14:00:00,2026-03-04 22:30:00,SBLP Warner Center OPCO LLC - The Variel,The Variel of Woodland Hills,105,,Dishwasher
2026-03-04,2026-03-04 14:30:00,2026-03-04 22:30:00,Blue Devils Lessee LLC | Hyatt Centric Delfina Santa Monica,Hyatt Centric Delfina Santa Monica,264,,Event Supervisor
2026-03-04,2026-03-04 14:30:00,2026-03-04 23:00:00,Hotel Bel Air,Hotel Bel Air - Stewards,105,,Dishwasher
2026-03-04,2026-03-04 14:30:00,2026-03-04 23:00:00,VH Property Corp. dba Trump National Golf Club Los Angeles,Trump National Golf Course Los Angeles | BOH,102,,Cook 2
2026-03-04,2026-03-04 14:30:00,2026-03-04 20:00:00,Wolfgang Puck Catering,Wolfgang Puck Catering - L.A. Live,102,,Cook 2
2026-03-04,2026-03-04 15:00:00,2026-03-04 23:30:00,Crescent Heights Ten Thousand,Crescent Heights Ten Thousand - Butler Department,115,Butler/Porter,Server 2
2026-03-04,2026-03-04 15:00:00,2026-03-04 22:00:00,Indian Wells Tennis Garden,Indian Wells Tennis Gardens | Player Dining,101,Cashier # 1 ,Cashier
2026-03-04,2026-03-04 15:00:00,2026-03-04 22:00:00,Indian Wells Tennis Garden,Indian Wells Tennis Gardens | Player Dining,101,Cashier #2 ,Cashier
2026-03-04,2026-03-04 15:00:00,2026-03-04 22:00:00,Indian Wells Tennis Garden,Indian Wells Tennis Gardens | Player Dining,101,Cashier #2,Cashier
2026-03-04,2026-03-04 15:00:00,2026-03-04 22:00:00,Indian Wells Tennis Garden,Indian Wells Tennis Gardens | Player Dining,102,Nacho ,Cook 2
2026-03-04,2026-03-04 15:00:00,2026-03-04 22:00:00,Indian Wells Tennis Garden,Indian Wells Tennis Gardens | Player Dining,98,Bar PM- Beer serving only ,Bartender 2
2026-03-04,2026-03-04 15:00:00,2026-03-04 22:00:00,Indian Wells Tennis Garden,Indian Wells Tennis Gardens | Player Dining,101,Cashier #1,Cashier
2026-03-04,2026-03-04 15:00:00,2026-03-04 22:00:00,Indian Wells Tennis Garden,Indian Wells Tennis Gardens | Player Dining,101,Cashier # 1 ,Cashier
2026-03-04,2026-03-04 15:15:00,2026-03-04 21:00:00,Villa Portofino,Villa Portofino,105,,Dishwasher
2026-03-04,2026-03-04 15:30:00,2026-03-04 22:30:00,Indian Wells Tennis Garden,Indian Wells Tennis Gardens | Player Dining,101,,Cashier
2026-03-04,2026-03-04 16:00:00,2026-03-04 23:00:00,Canyon Palm Springs Hotel dba Thompson Palm Springs,Thompson Palm Springs |  FOH,99,,Busser
2026-03-04,2026-03-04 16:00:00,2026-03-04 22:00:00,Wolfgang Puck Catering,Wolfgang Puck Catering - L.A. Live,105,,Dishwasher
2026-03-04,2026-03-04 16:30:00,2026-03-04 20:30:00,USC Verdugo Hills Hospital,USC Verdugo Hills Hospital,98,,Bartender 2
2026-03-04,2026-03-04 17:00:00,2026-03-04 23:00:00,Country Market Catering Inc dba Contemporary Catering,@ Contemporary Catering,115,,Server 2
2026-03-04,2026-03-04 17:00:00,2026-03-04 21:00:00,The Valley Hunt Club,The Valley Hunt Club,102,Carving Cook,Cook 2
2026-03-04,2026-03-04 17:30:00,2026-03-04 21:30:00,Capital Group - Los Angeles,Capital Group - Los Angeles,105,,Dishwasher
2026-03-04,2026-03-04 22:00:00,2026-03-05 06:30:00,Commerce Casino,Commerce Casino - Employee Dining Room,102,Overnight Shift,Cook 2
2026-03-05,2026-03-05 05:00:00,2026-03-05 13:30:00,NBC Universal,NBC Universal Studios | The Market Place,102,,Cook 2
2026-03-05,2026-03-05 05:00:00,2026-03-05 13:30:00,People Assisting the Homeless,People Assisting the Homeless - YWCA,110,,Prep Cook 2
2026-03-05,2026-03-05 05:00:00,2026-03-05 13:30:00,People Assisting the Homeless,People Assisting the Homeless - YWCA,110,,Prep Cook 2
2026-03-05,2026-03-05 05:00:00,2026-03-05 13:30:00,PIH Health - Good Samaritan Hospital,PIH Health - Good Samaritan Hospital,290,,Cook 3
2026-03-05,2026-03-05 05:00:00,2026-03-05 13:30:00,PIH Health - Whittier Hospital,PIH Health - Whittier Hospital,110,,Prep Cook 2
2026-03-05,2026-03-05 05:00:00,2026-03-05 13:30:00,PIH Health - Whittier Hospital,PIH Health - Whittier Hospital,102,,Cook 2
2026-03-05,2026-03-05 05:30:00,2026-03-05 11:00:00,Empowered 4 Life Foundation,@ Empowered 4 Life Foundation,110,,Prep Cook 2
2026-03-05,2026-03-05 05:30:00,2026-03-05 14:00:00,Olive Grove Cafe,Kirkland and Ellis,102,,Cook 2
2026-03-05,2026-03-05 05:30:00,2026-03-05 14:00:00,Teledyne,Teledyne,102,,Cook 2
2026-03-05,2026-03-05 06:00:00,2026-03-05 14:30:00,Amgen Thousand Oaks,Amgen Thousand Oaks - Terrace Cafe,102,,Cook 2
2026-03-05,2026-03-05 06:00:00,2026-03-05 14:00:00,Beverly Hills Unified School District,BHUSD - Beverly Hills High School,104,,General
2026-03-05,2026-03-05 06:00:00,2026-03-05 13:30:00,Beverly Hills Unified School District,BHUSD - Beverly Hills High School,110,,Prep Cook 2
2026-03-05,2026-03-05 06:00:00,2026-03-05 13:30:00,Beverly Hills Unified School District,BHUSD - Beverly Hills High School,102,,Cook 2
2026-03-05,2026-03-05 06:00:00,2026-03-05 14:30:00,California Endowment ,California Endowment,102,,Cook 2
2026-03-05,2026-03-05 06:00:00,2026-03-05 14:30:00,Capital Group - Irvine,Capital Group - Irvine | FOH,101,,Cashier
2026-03-05,2026-03-05 06:00:00,2026-03-05 14:30:00,Disney Studios,Disney Studios | GC3 Cafe Glendale,102,,Cook 2
2026-03-05,2026-03-05 06:00:00,2026-03-05 14:30:00,Edwards Lifesciences,Edwards Lifesciences FOH Bldg. C,101,,Cashier
2026-03-05,2026-03-05 06:00:00,2026-03-05 14:30:00,Edwards Lifesciences,Edwards Lifesciences FOH Bldg. C,101,,Cashier
2026-03-05,2026-03-05 06:00:00,2026-03-05 14:30:00,Edwards Lifesciences,Edwards Lifesciences FOH Bldg. C,101,,Cashier
2026-03-05,2026-03-05 06:00:00,2026-03-05 15:00:00,"Fox Studio Lot, LLC",Fox Studio - News Cafe BoH,102,,Cook 2
2026-03-05,2026-03-05 06:00:00,2026-03-05 14:30:00,"Fox Studio Lot, LLC",Fox Studio - Commissary,102,,Cook 2
2026-03-05,2026-03-05 06:00:00,2026-03-05 14:30:00,"Fox Studio Lot, LLC",Fox Studio - Moe's Cafe BoH,102,,Cook 2
2026-03-05,2026-03-05 06:00:00,2026-03-05 16:00:00,Indian Wells Tennis Garden,Indian Wells Tennis Gardens | Player Dining,264,,Event Supervisor
2026-03-05,2026-03-05 06:00:00,2026-03-05 14:30:00,Martin Luther King Jr Hospital,Martin Luther King Jr. Hospital | BOH,102,,Cook 2
2026-03-05,2026-03-05 06:00:00,2026-03-05 14:30:00,Park Place Plaza,Park Place Plaza,110,,Prep Cook 2
2026-03-05,2026-03-05 06:00:00,2026-03-05 14:30:00,USC Verdugo Hills Hospital,USC Verdugo Hills Hospital,102,,Cook 2
2026-03-05,2026-03-05 06:00:00,2026-03-05 14:30:00,VEA Hotel - Newport Beach,VEA Hotel - Newport Beach | Cooks,102,,Cook 2
2026-03-05,2026-03-05 06:30:00,2026-03-05 14:30:00,Amgen Thousand Oaks,Amgen Thousand Oaks - Bistro Cafe,102,,Cook 2
2026-03-05,2026-03-05 06:30:00,2026-03-05 15:00:00,Park Place Plaza,Park Place Plaza,115,with Barista Duties,Server 2
2026-03-05,2026-03-05 06:30:00,2026-03-05 15:00:00,SBLP Warner Center OPCO LLC - The Variel,The Variel of Woodland Hills,105,,Dishwasher
2026-03-05,2026-03-05 07:00:00,2026-03-05 15:30:00,Beverly Hills Hotel,Beverly Hills Hotel - Main Kitchen,102,,Cook 2
2026-03-05,2026-03-05 07:00:00,2026-03-05 14:00:00,Beverly Hills Unified School District,BHUSD - Horace Mann Elementary School,104,,General
2026-03-05,2026-03-05 07:00:00,2026-03-05 13:30:00,Beverly Hills Unified School District,BHUSD- El Rodeo Elementary,104,,General
2026-03-05,2026-03-05 07:00:00,2026-03-05 14:00:00,Beverly Hills Unified School District,BHUSD - Beverly Hills High School,104,,General
2026-03-05,2026-03-05 07:00:00,2026-03-05 15:00:00,Capital Group - Los Angeles,Capital Group - Los Angeles,105,,Dishwasher
2026-03-05,2026-03-05 07:00:00,2026-03-05 15:30:00,Indian Wells Tennis Garden,Indian Wells Tennis Gardens | Player Dining,102,Kitchen Cooks # 1,Cook 2
2026-03-05,2026-03-05 07:00:00,2026-03-05 15:00:00,Indian Wells Tennis Garden,Indian Wells Tennis Gardens | Player Dining,101, Grab and go ,Cashier
2026-03-05,2026-03-05 07:00:00,2026-03-05 15:00:00,Indian Wells Tennis Garden,Indian Wells Tennis Gardens | Player Dining,101,Cashier ,Cashier
2026-03-05,2026-03-05 07:00:00,2026-03-05 15:00:00,Indian Wells Tennis Garden,Indian Wells Tennis Gardens | Player Dining,101,FSA Attendant,Cashier
2026-03-05,2026-03-05 07:00:00,2026-03-05 15:30:00,Martin Luther King Jr Hospital,Martin Luther King Jr. Hospital | BOH,102,,Cook 2
2026-03-05,2026-03-05 07:00:00,2026-03-05 15:30:00,"Platinum Equity, LLC",Platinum Equity LLC,102,,Cook 2
2026-03-05,2026-03-05 07:00:00,2026-03-05 15:30:00,The Meadowglade LLC,The Meadowglade,102,On going/ read description,Cook 2
2026-03-05,2026-03-05 07:00:00,2026-03-05 15:30:00,Union Station Homeless Services,Union Station Homeless Services - Adult Center,102,,Cook 2
2026-03-05,2026-03-05 07:00:00,2026-03-05 14:30:00,Wolfgang Puck Catering,Wolfgang Puck Catering - Hollywood & Highland,102,,Cook 2
2026-03-05,2026-03-05 07:30:00,2026-03-05 15:30:00,Amgen Thousand Oaks,Amgen Thousand Oaks - Bistro Cafe,105,,Dishwasher
2026-03-05,2026-03-05 07:30:00,2026-03-05 16:00:00,Anaheim Convention Center,Anaheim Convention Center BOH,102,Catering,Cook 2
2026-03-05,2026-03-05 07:30:00,2026-03-05 16:00:00,"Fox Studio Lot, LLC",Fox Studio - Commissary,105,,Dishwasher
2026-03-05,2026-03-05 08:00:00,2026-03-05 16:30:00,1 Hotel Seattle,1 Hotel Seattle,105,,Dishwasher
2026-03-05,2026-03-05 08:00:00,2026-03-05 13:30:00,Beverly Hills Unified School District,BHUSD - Beverly Vista Middle School,104,,General
2026-03-05,2026-03-05 08:00:00,2026-03-05 16:30:00,Crescent Heights Ten Thousand,Crescent Heights Ten Thousand - Butler Department,115,Butler/Porter,Server 2
2026-03-05,2026-03-05 08:00:00,2026-03-05 16:00:00,Hotel Bel Air,Hotel Bel Air - Main Kitchen,102,,Cook 2
2026-03-05,2026-03-05 08:00:00,2026-03-05 15:00:00,Indian Wells Tennis Garden,Indian Wells Tennis Gardens | Player Dining,102,Garnish #1 ,Cook 2
2026-03-05,2026-03-05 08:00:00,2026-03-05 16:00:00,Indian Wells Tennis Garden,Indian Wells Tennis Gardens | Player Dining,102,Prep,Cook 2
2026-03-05,2026-03-05 08:00:00,2026-03-05 15:00:00,Indian Wells Tennis Garden,Indian Wells Tennis Gardens | Player Dining,102,Burrito 2,Cook 2
2026-03-05,2026-03-05 08:00:00,2026-03-05 16:30:00,Indian Wells Tennis Garden,Indian Wells Tennis Gardens | Player Dining,102,Kitchen Cook # 3,Cook 2
2026-03-05,2026-03-05 08:00:00,2026-03-05 16:30:00,Indian Wells Tennis Garden,Indian Wells Tennis Gardens | Player Dining,102,Kitchen Cooks #5,Cook 2
2026-03-05,2026-03-05 08:00:00,2026-03-05 15:00:00,Indian Wells Tennis Garden,Indian Wells Tennis Gardens | Player Dining,102,Garnish # 2,Cook 2
2026-03-05,2026-03-05 08:00:00,2026-03-05 15:00:00,Indian Wells Tennis Garden,Indian Wells Tennis Gardens | Player Dining,102,Tortilla # 1 ,Cook 2
2026-03-05,2026-03-05 08:00:00,2026-03-05 15:00:00,Indian Wells Tennis Garden,Indian Wells Tennis Gardens | Player Dining,102,Plancha # 2,Cook 2
2026-03-05,2026-03-05 08:00:00,2026-03-05 15:00:00,Indian Wells Tennis Garden,Indian Wells Tennis Gardens | Player Dining,102,Burrito 1,Cook 2
2026-03-05,2026-03-05 08:00:00,2026-03-05 15:00:00,Indian Wells Tennis Garden,Indian Wells Tennis Gardens | Player Dining,102,Plancha # 1 ,Cook 2
2026-03-05,2026-03-05 08:00:00,2026-03-05 15:00:00,Indian Wells Tennis Garden,Indian Wells Tennis Gardens | Player Dining,102,Bowls #1,Cook 2
2026-03-05,2026-03-05 08:00:00,2026-03-05 16:30:00,Indian Wells Tennis Garden,Indian Wells Tennis Gardens | Player Dining,102,Kitchen Cooks # 16,Cook 2
2026-03-05,2026-03-05 08:00:00,2026-03-05 15:00:00,Indian Wells Tennis Garden,Indian Wells Tennis Gardens | Player Dining,102,Tortilla #2 ,Cook 2
2026-03-05,2026-03-05 08:00:00,2026-03-05 15:00:00,Indian Wells Tennis Garden,Indian Wells Tennis Gardens | Player Dining,102,Burrito 3,Cook 2
2026-03-05,2026-03-05 08:00:00,2026-03-05 16:30:00,NFL LA Huddle Cafe,NFL LA Huddle Cafe,102,,Cook 2
2026-03-05,2026-03-05 08:00:00,2026-03-05 16:30:00,"Taylor Made Cuisine, Inc.","Taylor Made Cuisine, Inc.",105,,Dishwasher
2026-03-05,2026-03-05 08:30:00,2026-03-05 17:00:00,Anaheim Convention Center,Anaheim Convention Center BOH,102,Catering Cook,Cook 2
2026-03-05,2026-03-05 08:30:00,2026-03-05 17:00:00,Indian Wells Tennis Garden,Indian Wells Tennis Gardens | Player Dining,104,Dishwasher,General
2026-03-05,2026-03-05 08:30:00,2026-03-05 16:30:00,"Platinum Equity, LLC",Platinum Equity LLC,102,,Cook 2
2026-03-05,2026-03-05 09:00:00,2026-03-05 17:00:00,@St. Andrews Second Home LLC,@The Preserve LA,102,,Cook 2
2026-03-05,2026-03-05 09:00:00,2026-03-05 17:30:00,Indian Wells Tennis Garden,Indian Wells Tennis Gardens | Player Dining,102,Kitchen Cooks # 12,Cook 2
2026-03-05,2026-03-05 09:00:00,2026-03-05 16:00:00,Indian Wells Tennis Garden,Indian Wells Tennis Gardens | Player Dining,98,Bar AM,Bartender 2
2026-03-05,2026-03-05 09:00:00,2026-03-05 17:30:00,Indian Wells Tennis Garden,Indian Wells Tennis Gardens | Player Dining,102,Kitchen Cooks #  17,Cook 2
2026-03-05,2026-03-05 09:00:00,2026-03-05 16:00:00,Indian Wells Tennis Garden,Indian Wells Tennis Gardens | Player Dining,101,Cashier # 1,Cashier
2026-03-05,2026-03-05 09:00:00,2026-03-05 17:30:00,Indian Wells Tennis Garden,Indian Wells Tennis Gardens | Player Dining,102,Kitchen Cooks # 13,Cook 2
2026-03-05,2026-03-05 09:00:00,2026-03-05 16:00:00,Indian Wells Tennis Garden,Indian Wells Tennis Gardens | Player Dining,101,Cashier # 2,Cashier
2026-03-05,2026-03-05 09:00:00,2026-03-05 16:00:00,Indian Wells Tennis Garden,Indian Wells Tennis Gardens | Player Dining,101,Cashier # 1,Cashier
2026-03-05,2026-03-05 09:00:00,2026-03-05 17:30:00,Indian Wells Tennis Garden,Indian Wells Tennis Gardens | Player Dining,102,Kitchen Cooks # 8,Cook 2
2026-03-05,2026-03-05 09:00:00,2026-03-05 16:00:00,Indian Wells Tennis Garden,Indian Wells Tennis Gardens | Player Dining,101,,Cashier
2026-03-05,2026-03-05 09:00:00,2026-03-05 16:00:00,Indian Wells Tennis Garden,Indian Wells Tennis Gardens | Player Dining,102,Nacho ,Cook 2
2026-03-05,2026-03-05 09:00:00,2026-03-05 17:30:00,Indian Wells Tennis Garden,Indian Wells Tennis Gardens | Player Dining,102,Kitchen Cooks #  19,Cook 2
2026-03-05,2026-03-05 09:00:00,2026-03-05 16:00:00,Indian Wells Tennis Garden,Indian Wells Tennis Gardens | Player Dining,101,Cashier # 2,Cashier
2026-03-05,2026-03-05 09:00:00,2026-03-05 17:30:00,Indian Wells Tennis Garden,Indian Wells Tennis Gardens | Player Dining,102,Kitchen Cooks # 11,Cook 2
2026-03-05,2026-03-05 09:00:00,2026-03-05 16:00:00,Indian Wells Tennis Garden,Indian Wells Tennis Gardens | Player Dining,101,Cashier #1 ,Cashier
2026-03-05,2026-03-05 09:00:00,2026-03-05 17:30:00,"Platinum Equity, LLC",Platinum Equity LLC,105,,Dishwasher
2026-03-05,2026-03-05 09:30:00,2026-03-05 17:00:00,Anaheim Convention Center,Anaheim Convention Center BOH,102,Retail Cook,Cook 2
2026-03-05,2026-03-05 09:30:00,2026-03-05 14:30:00,Anaheim Convention Center,Anaheim Convention Center BOH,102,,Cook 2
2026-03-05,2026-03-05 09:30:00,2026-03-05 18:00:00,Anaheim Convention Center,Anaheim Convention Center BOH,102,,Cook 2
2026-03-05,2026-03-05 09:30:00,2026-03-05 15:30:00,Google Spruce Goose Offices,Google Spruce Goose - Catering Operations,105,,Dishwasher
2026-03-05,2026-03-05 09:30:00,2026-03-05 14:00:00,Olive Grove Cafe,Olive Grove Cafe,101,with Food Runner Duties,Cashier
2026-03-05,2026-03-05 10:00:00,2026-03-05 18:00:00,Indian Wells Tennis Garden,Indian Wells Tennis Gardens | Player Dining,102,Fry AM ,Cook 2
2026-03-05,2026-03-05 10:00:00,2026-03-05 18:00:00,Indian Wells Tennis Garden,Indian Wells Tennis Gardens | Player Dining,101,FSA Attendant,Cashier
2026-03-05,2026-03-05 10:00:00,2026-03-05 18:00:00,Indian Wells Tennis Garden,Indian Wells Tennis Gardens | Player Dining,102,EXPO MID,Cook 2
2026-03-05,2026-03-05 10:00:00,2026-03-05 18:00:00,Indian Wells Tennis Garden,Indian Wells Tennis Gardens | Player Dining,101,Cashier,Cashier
2026-03-05,2026-03-05 10:00:00,2026-03-05 16:00:00,Indian Wells Tennis Garden,Indian Wells Tennis Gardens | Player Dining,101,Cashier # 3,Cashier
2026-03-05,2026-03-05 10:00:00,2026-03-05 18:00:00,Indian Wells Tennis Garden,Indian Wells Tennis Gardens | Player Dining,102,EXPO MID,Cook 2
2026-03-05,2026-03-05 10:00:00,2026-03-05 18:30:00,Indian Wells Tennis Garden,Indian Wells Tennis Gardens | Player Dining,102,Kitchen Cooks # 5,Cook 2
2026-03-05,2026-03-05 10:00:00,2026-03-05 16:00:00,Indian Wells Tennis Garden,Indian Wells Tennis Gardens | Player Dining,101,Cashier #3,Cashier
2026-03-05,2026-03-05 10:00:00,2026-03-05 18:30:00,Masimo Technology Cafe,Masimo Technology Cafe | FOH,115,,Server 2
2026-03-05,2026-03-05 10:00:00,2026-03-05 14:00:00,Union Station Homeless Services,Union Station Homeless Services - Adult Center,102,,Cook 2
2026-03-05,2026-03-05 10:00:00,2026-03-05 18:30:00,USC Verdugo Hills Hospital,USC Verdugo Hills Hospital,102,,Cook 2
2026-03-05,2026-03-05 10:00:00,2026-03-05 16:30:00,VH Property Corp. dba Trump National Golf Club Los Angeles,Trump National Golf Course Los Angeles | Vista Grill,102,,Cook 2
2026-03-05,2026-03-05 11:00:00,2026-03-05 20:30:00,Indian Wells Tennis Garden,Indian Wells Tennis Gardens | Player Dining,102,Kitchen Cooks #  21,Cook 2
2026-03-05,2026-03-05 11:00:00,2026-03-05 20:30:00,Indian Wells Tennis Garden,Indian Wells Tennis Gardens | Player Dining,102,Kitchen Cooks # 6,Cook 2
2026-03-05,2026-03-05 11:00:00,2026-03-05 20:30:00,Indian Wells Tennis Garden,Indian Wells Tennis Gardens | Player Dining,102,Kitchen Cooks # 18,Cook 2
2026-03-05,2026-03-05 11:00:00,2026-03-05 20:30:00,Indian Wells Tennis Garden,Indian Wells Tennis Gardens | Player Dining,102,,Cook 2
2026-03-05,2026-03-05 11:00:00,2026-03-05 20:30:00,Indian Wells Tennis Garden,Indian Wells Tennis Gardens | Player Dining,102,Kitchen Cooks # 4,Cook 2
2026-03-05,2026-03-05 11:00:00,2026-03-05 19:30:00,PIH Health - Whittier Hospital,PIH Health - Whittier Hospital,102,,Cook 2
2026-03-05,2026-03-05 11:00:00,2026-03-05 19:30:00,University Village Thousand Oaks,University Village Thousand Oaks ,102,,Cook 2
2026-03-05,2026-03-05 12:00:00,2026-03-05 20:00:00,Academy Museum of Motion Pictures,Academy Museum of Motion Pictures - Fanny's Restaurant,105,,Dishwasher
2026-03-05,2026-03-05 12:00:00,2026-03-05 20:00:00,Indian Wells Tennis Garden,Indian Wells Tennis Gardens | Player Dining,101,Grab and go ,Cashier
2026-03-05,2026-03-05 12:00:00,2026-03-05 20:00:00,Indian Wells Tennis Garden,Indian Wells Tennis Gardens | Player Dining,101,FSA,Cashier
2026-03-05,2026-03-05 12:00:00,2026-03-05 20:00:00,Indian Wells Tennis Garden,Indian Wells Tennis Gardens | Player Dining,101,Cashier,Cashier
2026-03-05,2026-03-05 12:00:00,2026-03-05 20:30:00,Malibu Beach Inn,Malibu Beach Inn - BOH,105,,Dishwasher
2026-03-05,2026-03-05 12:00:00,2026-03-05 20:30:00,PIH Health - Whittier Hospital,PIH Health - Whittier Hospital,110,,Prep Cook 2
2026-03-05,2026-03-05 12:00:00,2026-03-05 20:30:00,SBLP Warner Center OPCO LLC - The Variel,The Variel of Woodland Hills,102,,Cook 2
2026-03-05,2026-03-05 12:00:00,2026-03-05 20:30:00,VEA Hotel - Newport Beach,VEA Hotel - Newport Beach | Cooks,102,,Cook 2
2026-03-05,2026-03-05 13:00:00,2026-03-05 21:30:00,Griffin Club Los Angeles,Griffin Club Los Angeles,105,,Dishwasher
2026-03-05,2026-03-05 13:00:00,2026-03-05 21:30:00,Shady Canyon Golf Club,Shady Canyon Golf Club,102,,Cook 2
2026-03-05,2026-03-05 13:30:00,2026-03-05 22:00:00,Griffin Club Los Angeles,Griffin Club Los Angeles,102,,Cook 2
2026-03-05,2026-03-05 14:00:00,2026-03-05 22:00:00,Hotel Bel Air,Hotel Bel Air - Swan Cafe,102,,Cook 2
2026-03-05,2026-03-05 14:00:00,2026-03-05 21:00:00,Indian Wells Tennis Garden,Indian Wells Tennis Gardens | Player Dining,102,Plancha # 2,Cook 2
2026-03-05,2026-03-05 14:00:00,2026-03-05 21:00:00,Indian Wells Tennis Garden,Indian Wells Tennis Gardens | Player Dining,102,Burrito 1,Cook 2
2026-03-05,2026-03-05 14:00:00,2026-03-05 21:00:00,Indian Wells Tennis Garden,Indian Wells Tennis Gardens | Player Dining,102,Tortilla # 2,Cook 2
2026-03-05,2026-03-05 14:00:00,2026-03-05 21:00:00,Indian Wells Tennis Garden,Indian Wells Tennis Gardens | Player Dining,102,Plancha #1 ,Cook 2
2026-03-05,2026-03-05 14:00:00,2026-03-05 22:30:00,Indian Wells Tennis Garden,Indian Wells Tennis Gardens | Player Dining,104,Dishwasher,General
2026-03-05,2026-03-05 14:00:00,2026-03-05 21:00:00,Indian Wells Tennis Garden,Indian Wells Tennis Gardens | Player Dining,102,Bowls #1,Cook 2
2026-03-05,2026-03-05 14:00:00,2026-03-05 21:00:00,Indian Wells Tennis Garden,Indian Wells Tennis Gardens | Player Dining,102,Burrito 2,Cook 2
2026-03-05,2026-03-05 14:00:00,2026-03-05 21:00:00,Indian Wells Tennis Garden,Indian Wells Tennis Gardens | Player Dining,102,Tortilla #1 ,Cook 2
2026-03-05,2026-03-05 14:00:00,2026-03-05 21:00:00,Indian Wells Tennis Garden,Indian Wells Tennis Gardens | Player Dining,102,Burrito 3,Cook 2
2026-03-05,2026-03-05 14:00:00,2026-03-05 21:00:00,Indian Wells Tennis Garden,Indian Wells Tennis Gardens | Player Dining,102,Garnish #1 ,Cook 2
2026-03-05,2026-03-05 14:00:00,2026-03-05 21:00:00,Indian Wells Tennis Garden,Indian Wells Tennis Gardens | Player Dining,102,Garnish # 2 ,Cook 2
2026-03-05,2026-03-05 14:00:00,2026-03-05 22:30:00,Martin Luther King Jr Hospital,Martin Luther King Jr. Hospital | BOH,102,,Cook 2
2026-03-05,2026-03-05 14:00:00,2026-03-05 22:00:00,SBLP Warner Center OPCO LLC - The Variel,The Variel of Woodland Hills,105,,Dishwasher
2026-03-05,2026-03-05 14:00:00,2026-03-05 22:30:00,SBLP Warner Center OPCO LLC - The Variel,The Variel of Woodland Hills,105,,Dishwasher
2026-03-05,2026-03-05 14:30:00,2026-03-05 23:00:00,VH Property Corp. dba Trump National Golf Club Los Angeles,Trump National Golf Course Los Angeles | BOH,102,,Cook 2
2026-03-05,2026-03-05 15:00:00,2026-03-05 23:30:00,Crescent Heights Ten Thousand,Crescent Heights Ten Thousand - Butler Department,115,Butler/Porter,Server 2
2026-03-05,2026-03-05 15:00:00,2026-03-05 22:00:00,Indian Wells Tennis Garden,Indian Wells Tennis Gardens | Player Dining,101,Cashier # 1 ,Cashier
2026-03-05,2026-03-05 15:00:00,2026-03-05 22:00:00,Indian Wells Tennis Garden,Indian Wells Tennis Gardens | Player Dining,101,Cashier # 1,Cashier
2026-03-05,2026-03-05 15:00:00,2026-03-05 22:00:00,Indian Wells Tennis Garden,Indian Wells Tennis Gardens | Player Dining,101,Cashier #3 ,Cashier
2026-03-05,2026-03-05 15:00:00,2026-03-05 22:00:00,Indian Wells Tennis Garden,Indian Wells Tennis Gardens | Player Dining,101,Cashier #2,Cashier
2026-03-05,2026-03-05 15:00:00,2026-03-05 22:00:00,Indian Wells Tennis Garden,Indian Wells Tennis Gardens | Player Dining,98,Bar PM- Beer serving only ,Bartender 2
2026-03-05,2026-03-05 15:00:00,2026-03-05 22:00:00,Indian Wells Tennis Garden,Indian Wells Tennis Gardens | Player Dining,101,Cashier #1,Cashier
2026-03-05,2026-03-05 15:00:00,2026-03-05 22:00:00,Indian Wells Tennis Garden,Indian Wells Tennis Gardens | Player Dining,101,Cashier #2,Cashier
2026-03-05,2026-03-05 15:00:00,2026-03-05 22:00:00,Indian Wells Tennis Garden,Indian Wells Tennis Gardens | Player Dining,101,Cashier # 3,Cashier
2026-03-05,2026-03-05 15:00:00,2026-03-05 22:00:00,Indian Wells Tennis Garden,Indian Wells Tennis Gardens | Player Dining,102,Nacho ,Cook 2
2026-03-05,2026-03-05 15:00:00,2026-03-05 21:30:00,Wolfgang Puck Catering,Wolfgang Puck Catering - Temple | AIP,102,,Cook 2
2026-03-05,2026-03-05 15:30:00,2026-03-05 22:30:00,Indian Wells Tennis Garden,Indian Wells Tennis Gardens | Player Dining,101,,Cashier
2026-03-05,2026-03-05 15:30:00,2026-03-05 22:00:00,Wolfgang Puck Catering,Wolfgang Puck Catering BOH | Offsite,102,,Cook 2
2026-03-05,2026-03-05 15:30:00,2026-03-05 22:00:00,Wolfgang Puck Catering,Wolfgang Puck Catering BOH | Offsite,110,,Prep Cook 2
2026-03-05,2026-03-05 16:00:00,2026-03-05 23:00:00,Canyon Palm Springs Hotel dba Thompson Palm Springs,Thompson Palm Springs |  FOH,99,,Busser
2026-03-05,2026-03-05 16:00:00,2026-03-05 22:00:00,Chef Gunnar Planter,@Chef Gunnar Planter | Offsite,102,,Cook 2
2026-03-05,2026-03-05 16:00:00,2026-03-05 21:00:00,"Taylor Made Cuisine, Inc.","Taylor Made Cuisine, Inc.",115,,Server 2
2026-03-05,2026-03-05 16:00:00,2026-03-05 20:00:00,Villa Portofino,Villa Portofino,115,Assisting with regular dinner service,Server 2
2026-03-05,2026-03-05 16:30:00,2026-03-05 20:30:00,Guckenheimer Cafe at Red Bull,Guckenheimer Cafe at Red Bull - Front of House,98,,Bartender 2
2026-03-05,2026-03-05 16:30:00,2026-03-05 21:00:00,"Taylor Made Cuisine, Inc.","Taylor Made Cuisine, Inc.",102,Event Cook,Cook 2
2026-03-05,2026-03-05 17:00:00,2026-03-05 22:00:00,Chef Gunnar Planter,@Chef Gunnar Planter | Offsite,102,,Cook 2
2026-03-05,2026-03-05 17:00:00,2026-03-06 01:30:00,Pepperdine University,Pepperdine University - HAWC Cafe & Store,102,,Cook 2
2026-03-05,2026-03-05 17:00:00,2026-03-05 23:00:00,"Taylor Made Cuisine, Inc.","Taylor Made Cuisine, Inc.",115,,Server 2
2026-03-05,2026-03-05 17:00:00,2026-03-05 23:30:00,Wolfgang Puck Catering,Wolfgang Puck Catering - Temple | AIP,105,,Dishwasher
2026-03-05,2026-03-05 17:30:00,2026-03-05 23:30:00,Wolfgang Puck Catering,Wolfgang Puck Catering - L.A. Live,102,,Cook 2
2026-03-05,2026-03-05 18:00:00,2026-03-05 23:00:00,Griffin Club Los Angeles,Griffin Club Los Angeles,105,,Dishwasher
2026-03-05,2026-03-05 22:00:00,2026-03-06 06:30:00,Commerce Casino,Commerce Casino - Employee Dining Room,102,Overnight Shift,Cook 2
2026-03-06,2026-03-06 05:00:00,2026-03-06 13:30:00,People Assisting the Homeless,People Assisting the Homeless - YWCA,110,,Prep Cook 2
2026-03-06,2026-03-06 05:00:00,2026-03-06 13:30:00,PIH Health - Good Samaritan Hospital,PIH Health - Good Samaritan Hospital,290,,Cook 3
2026-03-06,2026-03-06 05:00:00,2026-03-06 13:30:00,PIH Health - Whittier Hospital,PIH Health - Whittier Hospital,102,,Cook 2
2026-03-06,2026-03-06 05:30:00,2026-03-06 11:00:00,Empowered 4 Life Foundation,@ Empowered 4 Life Foundation,110,,Prep Cook 2
2026-03-06,2026-03-06 06:00:00,2026-03-06 14:30:00,Amgen Thousand Oaks,Amgen Thousand Oaks - Terrace Cafe,102,,Cook 2
2026-03-06,2026-03-06 06:00:00,2026-03-06 13:30:00,Beverly Hills Unified School District,BHUSD - Beverly Hills High School,110,,Prep Cook 2
2026-03-06,2026-03-06 06:00:00,2026-03-06 13:30:00,Beverly Hills Unified School District,BHUSD - Beverly Hills High School,102,,Cook 2
2026-03-06,2026-03-06 06:00:00,2026-03-06 14:00:00,Beverly Hills Unified School District,BHUSD - Beverly Hills High School,104,,General
2026-03-06,2026-03-06 06:00:00,2026-03-06 12:06:00,Crescent Heights Ten Thousand,Crescent Heights Ten Thousand - Buffet,115,,Server 2
2026-03-06,2026-03-06 06:00:00,2026-03-06 12:00:00,Crescent Heights Ten Thousand,Crescent Heights Ten Thousand - Buffet,115,,Server 2
2026-03-06,2026-03-06 06:00:00,2026-03-06 14:30:00,Edwards Lifesciences,Edwards Lifesciences FOH Bldg. C,101,,Cashier
2026-03-06,2026-03-06 06:00:00,2026-03-06 14:30:00,Edwards Lifesciences,Edwards Lifesciences FOH Bldg. C,101,,Cashier
2026-03-06,2026-03-06 06:00:00,2026-03-06 14:30:00,"Fox Studio Lot, LLC",Fox Studio - Commissary,102,,Cook 2
2026-03-06,2026-03-06 06:00:00,2026-03-06 15:00:00,"Fox Studio Lot, LLC",Fox Studio - News Cafe BoH,102,,Cook 2
2026-03-06,2026-03-06 06:00:00,2026-03-06 15:00:00,"Fox Studio Lot, LLC",Fox Studio - Moe's Cafe BoH,102,Salad Bar,Cook 2
2026-03-06,2026-03-06 06:00:00,2026-03-06 16:00:00,Indian Wells Tennis Garden,Indian Wells Tennis Gardens | Player Dining,264,,Event Supervisor
2026-03-06,2026-03-06 06:00:00,2026-03-06 14:30:00,Martin Luther King Jr Hospital,Martin Luther King Jr. Hospital | BOH,102,,Cook 2
2026-03-06,2026-03-06 06:00:00,2026-03-06 12:00:00,SBLP Warner Center OPCO LLC - The Variel,The Variel of Woodland Hills,102,,Cook 2
2026-03-06,2026-03-06 06:00:00,2026-03-06 14:30:00,USC Verdugo Hills Hospital,USC Verdugo Hills Hospital,102,,Cook 2
2026-03-06,2026-03-06 06:30:00,2026-03-06 14:30:00,Amgen Thousand Oaks,Amgen Thousand Oaks - Bistro Cafe,102,,Cook 2
2026-03-06,2026-03-06 06:30:00,2026-03-06 15:00:00,Park Place Plaza,Park Place Plaza,115,with Barista Duties,Server 2
2026-03-06,2026-03-06 07:00:00,2026-03-06 15:30:00,Beverly Hills Hotel,Beverly Hills Hotel - Main Kitchen,102,,Cook 2
2026-03-06,2026-03-06 07:00:00,2026-03-06 13:30:00,Beverly Hills Unified School District,BHUSD- El Rodeo Elementary,104,,General
2026-03-06,2026-03-06 07:00:00,2026-03-06 13:30:00,Beverly Hills Unified School District,BHUSD - Horace Mann Elementary School,104,,General
2026-03-06,2026-03-06 07:00:00,2026-03-06 15:30:00,Crescent Heights Ten Thousand,Crescent Heights Ten Thousand - Butler Department,115,Butler/Porter,Server 2
2026-03-06,2026-03-06 07:00:00,2026-03-06 15:00:00,Indian Wells Tennis Garden,Indian Wells Tennis Gardens | Player Dining,101,Cashier,Cashier
2026-03-06,2026-03-06 07:00:00,2026-03-06 15:30:00,Indian Wells Tennis Garden,Indian Wells Tennis Gardens | Player Dining,102,Kitchen Cooks # 1,Cook 2
2026-03-06,2026-03-06 07:00:00,2026-03-06 15:00:00,Indian Wells Tennis Garden,Indian Wells Tennis Gardens | Player Dining,101,Grab and go ,Cashier
2026-03-06,2026-03-06 07:00:00,2026-03-06 15:00:00,Indian Wells Tennis Garden,Indian Wells Tennis Gardens | Player Dining,101,FSA Attendant,Cashier
2026-03-06,2026-03-06 07:00:00,2026-03-06 15:30:00,Martin Luther King Jr Hospital,Martin Luther King Jr. Hospital | BOH,102,On going assignment,Cook 2
2026-03-06,2026-03-06 07:00:00,2026-03-06 15:30:00,"Platinum Equity, LLC",Platinum Equity LLC,102,,Cook 2
2026-03-06,2026-03-06 07:00:00,2026-03-06 15:30:00,The Meadowglade LLC,The Meadowglade,102,On going/ read description,Cook 2
2026-03-06,2026-03-06 07:00:00,2026-03-06 15:30:00,Union Station Homeless Services,Union Station Homeless Services - Adult Center,102,,Cook 2
2026-03-06,2026-03-06 07:00:00,2026-03-06 14:30:00,Wolfgang Puck Catering,Wolfgang Puck Catering - Hollywood & Highland,102,,Cook 2
2026-03-06,2026-03-06 07:30:00,2026-03-06 15:30:00,Amgen Thousand Oaks,Amgen Thousand Oaks - Bistro Cafe,105,,Dishwasher
2026-03-06,2026-03-06 07:30:00,2026-03-06 16:00:00,Hotel Bel Air,Hotel Bel Air - Stewards,105,,Dishwasher
2026-03-06,2026-03-06 08:00:00,2026-03-06 16:30:00,1 Hotel Seattle,1 Hotel Seattle,105,,Dishwasher
2026-03-06,2026-03-06 08:00:00,2026-03-06 13:30:00,Beverly Hills Unified School District,BHUSD - Beverly Vista Middle School,104,,General
2026-03-06,2026-03-06 08:00:00,2026-03-06 16:00:00,"Fox Studio Lot, LLC",Fox Studio - Moe's Cafe BoH,105,,Dishwasher
2026-03-06,2026-03-06 08:00:00,2026-03-06 16:00:00,Hotel Bel Air,Hotel Bel Air - Main Kitchen,110,,Prep Cook 2
2026-03-06,2026-03-06 08:00:00,2026-03-06 15:00:00,Indian Wells Tennis Garden,Indian Wells Tennis Gardens | Player Dining,102,Garnish # 2,Cook 2
2026-03-06,2026-03-06 08:00:00,2026-03-06 15:00:00,Indian Wells Tennis Garden,Indian Wells Tennis Gardens | Player Dining,102,Tortilla # 1 ,Cook 2
2026-03-06,2026-03-06 08:00:00,2026-03-06 15:00:00,Indian Wells Tennis Garden,Indian Wells Tennis Gardens | Player Dining,102,Burrito 3,Cook 2
2026-03-06,2026-03-06 08:00:00,2026-03-06 16:30:00,Indian Wells Tennis Garden,Indian Wells Tennis Gardens | Player Dining,102,Kitchen Cooks # 16,Cook 2
2026-03-06,2026-03-06 08:00:00,2026-03-06 15:00:00,Indian Wells Tennis Garden,Indian Wells Tennis Gardens | Player Dining,102,Plancha # 2,Cook 2
2026-03-06,2026-03-06 08:00:00,2026-03-06 15:00:00,Indian Wells Tennis Garden,Indian Wells Tennis Gardens | Player Dining,102,Plancha # 1 ,Cook 2
2026-03-06,2026-03-06 08:00:00,2026-03-06 15:00:00,Indian Wells Tennis Garden,Indian Wells Tennis Gardens | Player Dining,102,Burrito 2,Cook 2
2026-03-06,2026-03-06 08:00:00,2026-03-06 15:00:00,Indian Wells Tennis Garden,Indian Wells Tennis Gardens | Player Dining,102,Tortilla #2 ,Cook 2
2026-03-06,2026-03-06 08:00:00,2026-03-06 16:00:00,Indian Wells Tennis Garden,Indian Wells Tennis Gardens | Player Dining,102,Prep,Cook 2
2026-03-06,2026-03-06 08:00:00,2026-03-06 16:30:00,Indian Wells Tennis Garden,Indian Wells Tennis Gardens | Player Dining,102,Kitchen Cooks # 3,Cook 2
2026-03-06,2026-03-06 08:00:00,2026-03-06 15:00:00,Indian Wells Tennis Garden,Indian Wells Tennis Gardens | Player Dining,102,Garnish #1 ,Cook 2
2026-03-06,2026-03-06 08:00:00,2026-03-06 15:00:00,Indian Wells Tennis Garden,Indian Wells Tennis Gardens | Player Dining,102,Bowls #1,Cook 2
2026-03-06,2026-03-06 08:00:00,2026-03-06 15:00:00,Indian Wells Tennis Garden,Indian Wells Tennis Gardens | Player Dining,102,Burrito 1,Cook 2
2026-03-06,2026-03-06 08:00:00,2026-03-06 15:00:00,Malibu Beach Inn,Malibu Beach Inn - BOH,105,,Dishwasher
2026-03-06,2026-03-06 08:00:00,2026-03-06 13:00:00,New West Charter School,New West Charter School - W. PICO Location,115,,Server 2
2026-03-06,2026-03-06 08:00:00,2026-03-06 16:30:00,NFL LA Huddle Cafe,NFL LA Huddle Cafe,102,,Cook 2
2026-03-06,2026-03-06 08:30:00,2026-03-06 17:00:00,Indian Wells Tennis Garden,Indian Wells Tennis Gardens | Player Dining,104,Dishwasher,General
2026-03-06,2026-03-06 08:30:00,2026-03-06 16:30:00,"Platinum Equity, LLC",Platinum Equity LLC,102,,Cook 2
2026-03-06,2026-03-06 08:30:00,2026-03-06 16:30:00,"Taylor Made Cuisine, Inc.","Taylor Made Cuisine, Inc.",110,,Prep Cook 2
2026-03-06,2026-03-06 08:30:00,2026-03-06 16:30:00,"Taylor Made Cuisine, Inc.","Taylor Made Cuisine, Inc.",105,,Dishwasher
2026-03-06,2026-03-06 09:00:00,2026-03-06 17:30:00,Indian Wells Tennis Garden,Indian Wells Tennis Gardens | Player Dining,102,Kitchen Cooks # 11,Cook 2
2026-03-06,2026-03-06 09:00:00,2026-03-06 16:00:00,Indian Wells Tennis Garden,Indian Wells Tennis Gardens | Player Dining,101,Cashier # 1,Cashier
2026-03-06,2026-03-06 09:00:00,2026-03-06 16:00:00,Indian Wells Tennis Garden,Indian Wells Tennis Gardens | Player Dining,101,Cashier # 2,Cashier
2026-03-06,2026-03-06 09:00:00,2026-03-06 16:00:00,Indian Wells Tennis Garden,Indian Wells Tennis Gardens | Player Dining,98,Bar AM - Beer Serving Only ,Bartender 2
2026-03-06,2026-03-06 09:00:00,2026-03-06 16:00:00,Indian Wells Tennis Garden,Indian Wells Tennis Gardens | Player Dining,98,Bar AM- Beer Serving Only ,Bartender 2
2026-03-06,2026-03-06 09:00:00,2026-03-06 17:30:00,Indian Wells Tennis Garden,Indian Wells Tennis Gardens | Player Dining,102,Kitchen Cooks # 12,Cook 2
2026-03-06,2026-03-06 09:00:00,2026-03-06 16:00:00,Indian Wells Tennis Garden,Indian Wells Tennis Gardens | Player Dining,101,Cashier # 2,Cashier
2026-03-06,2026-03-06 09:00:00,2026-03-06 16:00:00,Indian Wells Tennis Garden,Indian Wells Tennis Gardens | Player Dining,101,Cashier # 1,Cashier
2026-03-06,2026-03-06 09:00:00,2026-03-06 16:00:00,Indian Wells Tennis Garden,Indian Wells Tennis Gardens | Player Dining,101,,Cashier
2026-03-06,2026-03-06 09:00:00,2026-03-06 17:30:00,Indian Wells Tennis Garden,Indian Wells Tennis Gardens | Player Dining,102,Kitchen Cooks #7,Cook 2
2026-03-06,2026-03-06 09:00:00,2026-03-06 17:30:00,Indian Wells Tennis Garden,Indian Wells Tennis Gardens | Player Dining,102,Kitchen Cooks # 13,Cook 2
2026-03-06,2026-03-06 09:00:00,2026-03-06 16:00:00,Indian Wells Tennis Garden,Indian Wells Tennis Gardens | Player Dining,102,Nacho ,Cook 2
2026-03-06,2026-03-06 09:00:00,2026-03-06 17:30:00,Indian Wells Tennis Garden,Indian Wells Tennis Gardens | Player Dining,102,Kitchen Cooks # 9,Cook 2
2026-03-06,2026-03-06 09:00:00,2026-03-06 16:00:00,Indian Wells Tennis Garden,Indian Wells Tennis Gardens | Player Dining,101,Cashier #1 ,Cashier
2026-03-06,2026-03-06 09:00:00,2026-03-06 17:30:00,"Platinum Equity, LLC",Platinum Equity LLC,105,,Dishwasher
2026-03-06,2026-03-06 09:00:00,2026-03-06 17:00:00,"Platinum Equity, LLC",Platinum Equity LLC,102,,Cook 2
2026-03-06,2026-03-06 09:00:00,2026-03-06 15:00:00,Terrace Kitchen,Terrace Kitchen,115,,Server 2
2026-03-06,2026-03-06 09:00:00,2026-03-06 14:00:00,Terrace Kitchen,Terrace Kitchen,115,,Server 2
2026-03-06,2026-03-06 09:30:00,2026-03-06 15:30:00,Google Spruce Goose Offices,Google Spruce Goose - Catering Operations,105,,Dishwasher
2026-03-06,2026-03-06 09:30:00,2026-03-06 14:00:00,Olive Grove Cafe,Olive Grove Cafe,101,with Food Runner Duties,Cashier
2026-03-06,2026-03-06 10:00:00,2026-03-06 18:30:00,Childrens Hospital Los Angeles,Childrens Hospital Los Angeles,105,,Dishwasher
2026-03-06,2026-03-06 10:00:00,2026-03-06 16:00:00,Ebell of Los Angeles,Ebell of Los Angeles - Back of House,102,,Cook 2
2026-03-06,2026-03-06 10:00:00,2026-03-06 18:30:00,Griffin Club Los Angeles,Griffin Club Los Angeles,102,Sushi,Cook 2
2026-03-06,2026-03-06 10:00:00,2026-03-06 18:30:00,Griffin Club Los Angeles,Griffin Club Los Angeles,102,,Cook 2
2026-03-06,2026-03-06 10:00:00,2026-03-06 18:00:00,Indian Wells Tennis Garden,Indian Wells Tennis Gardens | Player Dining,101,Cashier,Cashier
2026-03-06,2026-03-06 10:00:00,2026-03-06 18:00:00,Indian Wells Tennis Garden,Indian Wells Tennis Gardens | Player Dining,102,EXPO MID,Cook 2
2026-03-06,2026-03-06 10:00:00,2026-03-06 18:00:00,Indian Wells Tennis Garden,Indian Wells Tennis Gardens | Player Dining,102,EXPO MID,Cook 2
2026-03-06,2026-03-06 10:00:00,2026-03-06 16:00:00,Indian Wells Tennis Garden,Indian Wells Tennis Gardens | Player Dining,101,Cashier # 3 ,Cashier
2026-03-06,2026-03-06 10:00:00,2026-03-06 18:00:00,Indian Wells Tennis Garden,Indian Wells Tennis Gardens | Player Dining,101,FSA Attendant,Cashier
2026-03-06,2026-03-06 10:00:00,2026-03-06 16:00:00,Indian Wells Tennis Garden,Indian Wells Tennis Gardens | Player Dining,101,Cashier #3,Cashier
2026-03-06,2026-03-06 10:00:00,2026-03-06 16:00:00,Indian Wells Tennis Garden,Indian Wells Tennis Gardens | Player Dining,101,Cashier # 4,Cashier
2026-03-06,2026-03-06 10:00:00,2026-03-06 16:00:00,Indian Wells Tennis Garden,Indian Wells Tennis Gardens | Player Dining,101,Cashier #4,Cashier
2026-03-06,2026-03-06 10:00:00,2026-03-06 18:00:00,Indian Wells Tennis Garden,Indian Wells Tennis Gardens | Player Dining,102,Fry AM ,Cook 2
2026-03-06,2026-03-06 10:00:00,2026-03-06 18:30:00,The Getty Center,The Getty Center - Catering,102,,Cook 2
2026-03-06,2026-03-06 10:00:00,2026-03-06 18:30:00,USC Verdugo Hills Hospital,USC Verdugo Hills Hospital,102,,Cook 2
2026-03-06,2026-03-06 11:00:00,2026-03-06 16:00:00,Ebell of Los Angeles,Ebell of Los Angeles - Back of House,105,,Dishwasher
2026-03-06,2026-03-06 11:00:00,2026-03-06 12:00:00,Henry Mayo Newhall Hospital,Henry Mayo Newhall Hospital,299,,Specialty Testing
2026-03-06,2026-03-06 11:00:00,2026-03-06 20:30:00,Indian Wells Tennis Garden,Indian Wells Tennis Gardens | Player Dining,102,Kitchen Cooks # 5,Cook 2
2026-03-06,2026-03-06 11:00:00,2026-03-06 17:00:00,Indian Wells Tennis Garden,Indian Wells Tennis Gardens | Player Dining,101,Cashier # 2,Cashier
2026-03-06,2026-03-06 11:00:00,2026-03-06 20:30:00,Indian Wells Tennis Garden,Indian Wells Tennis Gardens | Player Dining,102,Kitchen Cooks # 18,Cook 2
2026-03-06,2026-03-06 11:00:00,2026-03-06 20:30:00,Indian Wells Tennis Garden,Indian Wells Tennis Gardens | Player Dining,102,Kitchen Cooks # 6,Cook 2
2026-03-06,2026-03-06 11:00:00,2026-03-06 18:00:00,Indian Wells Tennis Garden,Indian Wells Tennis Gardens | Player Dining,102,,Cook 2
2026-03-06,2026-03-06 11:00:00,2026-03-06 17:00:00,Indian Wells Tennis Garden,Indian Wells Tennis Gardens | Player Dining,102,Bowls #2,Cook 2
2026-03-06,2026-03-06 11:00:00,2026-03-06 20:30:00,Indian Wells Tennis Garden,Indian Wells Tennis Gardens | Player Dining,102,Kitchen Cooks # 20,Cook 2
2026-03-06,2026-03-06 11:00:00,2026-03-06 20:30:00,Indian Wells Tennis Garden,Indian Wells Tennis Gardens | Player Dining,102,Kitchen Cooks # 19,Cook 2
2026-03-06,2026-03-06 11:00:00,2026-03-06 20:30:00,Indian Wells Tennis Garden,Indian Wells Tennis Gardens | Player Dining,102,Kitchen Cooks # 14,Cook 2
2026-03-06,2026-03-06 11:00:00,2026-03-06 19:30:00,PIH Health - Whittier Hospital,PIH Health - Whittier Hospital,102,,Cook 2
2026-03-06,2026-03-06 11:00:00,2026-03-06 19:30:00,University Village Thousand Oaks,University Village Thousand Oaks ,102,,Cook 2
2026-03-06,2026-03-06 11:00:00,2026-03-06 19:30:00,University Village Thousand Oaks,University Village Thousand Oaks ,102,,Cook 2
2026-03-06,2026-03-06 12:00:00,2026-03-06 20:30:00,Hotel Bel Air,Hotel Bel Air - Main Kitchen,102,,Cook 2
2026-03-06,2026-03-06 12:00:00,2026-03-06 20:00:00,Hotel Bel Air,Hotel Bel Air - Main Kitchen,110,,Prep Cook 2
2026-03-06,2026-03-06 12:00:00,2026-03-06 20:00:00,Indian Wells Tennis Garden,Indian Wells Tennis Gardens | Player Dining,101,FSA Attendant,Cashier
2026-03-06,2026-03-06 12:00:00,2026-03-06 20:00:00,Indian Wells Tennis Garden,Indian Wells Tennis Gardens | Player Dining,101,Cashier,Cashier
2026-03-06,2026-03-06 12:00:00,2026-03-06 20:00:00,Indian Wells Tennis Garden,Indian Wells Tennis Gardens | Player Dining,101,Grab and go ,Cashier
2026-03-06,2026-03-06 12:00:00,2026-03-06 16:00:00,Sand Hill Kitchen,Sand Hill Kitchen | Quad Conference Center,105,,Dishwasher
2026-03-06,2026-03-06 12:00:00,2026-03-06 20:30:00,SBLP Warner Center OPCO LLC - The Variel,The Variel of Woodland Hills,102,,Cook 2
2026-03-06,2026-03-06 12:00:00,2026-03-06 20:30:00,VEA Hotel - Newport Beach,VEA Hotel - Newport Beach | Cooks,102,,Cook 2
2026-03-06,2026-03-06 12:00:00,2026-03-06 20:30:00,Walnut Village,Walnut Village,105,,Dishwasher
2026-03-06,2026-03-06 12:30:00,2026-03-06 21:00:00,Griffin Club Los Angeles,Griffin Club Los Angeles,105,,Dishwasher
2026-03-06,2026-03-06 13:00:00,2026-03-06 21:30:00,Shady Canyon Golf Club,Shady Canyon Golf Club,102,,Cook 2
2026-03-06,2026-03-06 13:30:00,2026-03-06 22:00:00,Griffin Club Los Angeles,Griffin Club Los Angeles,102,,Cook 2
2026-03-06,2026-03-06 14:00:00,2026-03-06 22:00:00,Hotel Bel Air,Hotel Bel Air - Swan Cafe,102,,Cook 2
2026-03-06,2026-03-06 14:00:00,2026-03-06 21:00:00,Indian Wells Tennis Garden,Indian Wells Tennis Gardens | Player Dining,102,Plancha #1 ,Cook 2
2026-03-06,2026-03-06 14:00:00,2026-03-06 21:00:00,Indian Wells Tennis Garden,Indian Wells Tennis Gardens | Player Dining,102,Bowls #1 ,Cook 2
2026-03-06,2026-03-06 14:00:00,2026-03-06 21:00:00,Indian Wells Tennis Garden,Indian Wells Tennis Gardens | Player Dining,102,Tortilla #1 ,Cook 2
2026-03-06,2026-03-06 14:00:00,2026-03-06 21:00:00,Indian Wells Tennis Garden,Indian Wells Tennis Gardens | Player Dining,102,Burrito 1,Cook 2
2026-03-06,2026-03-06 14:00:00,2026-03-06 21:00:00,Indian Wells Tennis Garden,Indian Wells Tennis Gardens | Player Dining,102,Garnish #1 ,Cook 2
2026-03-06,2026-03-06 14:00:00,2026-03-06 21:00:00,Indian Wells Tennis Garden,Indian Wells Tennis Gardens | Player Dining,102,Garnish # 2 ,Cook 2
2026-03-06,2026-03-06 14:00:00,2026-03-06 21:00:00,Indian Wells Tennis Garden,Indian Wells Tennis Gardens | Player Dining,102,Burrito 2,Cook 2
2026-03-06,2026-03-06 14:00:00,2026-03-06 21:00:00,Indian Wells Tennis Garden,Indian Wells Tennis Gardens | Player Dining,102,Plancha # 2,Cook 2
2026-03-06,2026-03-06 14:00:00,2026-03-06 22:30:00,Indian Wells Tennis Garden,Indian Wells Tennis Gardens | Player Dining,104,Dishwasher,General
2026-03-06,2026-03-06 14:00:00,2026-03-06 21:00:00,Indian Wells Tennis Garden,Indian Wells Tennis Gardens | Player Dining,102,Tortilla # 2,Cook 2
2026-03-06,2026-03-06 14:00:00,2026-03-06 21:00:00,Indian Wells Tennis Garden,Indian Wells Tennis Gardens | Player Dining,102,Burrito 3,Cook 2
2026-03-06,2026-03-06 14:00:00,2026-03-06 22:30:00,Martin Luther King Jr Hospital,Martin Luther King Jr. Hospital | BOH,102,,Cook 2
2026-03-06,2026-03-06 14:00:00,2026-03-06 22:30:00,SBLP Warner Center OPCO LLC - The Variel,The Variel of Woodland Hills,105,,Dishwasher
2026-03-06,2026-03-06 14:00:00,2026-03-06 22:30:00,SBLP Warner Center OPCO LLC - The Variel,The Variel of Woodland Hills,105,,Dishwasher
2026-03-06,2026-03-06 14:30:00,2026-03-06 22:00:00,Griffin Club Los Angeles,Griffin Club Los Angeles,105,,Dishwasher
2026-03-06,2026-03-06 14:30:00,2026-03-06 23:00:00,VH Property Corp. dba Trump National Golf Club Los Angeles,Trump National Golf Course Los Angeles | BOH,102,,Cook 2
2026-03-06,2026-03-06 15:00:00,2026-03-06 23:30:00,Commerce Casino,Commerce Casino - Employee Dining Room,102,,Cook 2
2026-03-06,2026-03-06 15:00:00,2026-03-06 23:30:00,Crescent Heights Ten Thousand,Crescent Heights Ten Thousand - Butler Department,115,Butler/Porter,Server 2
2026-03-06,2026-03-06 15:00:00,2026-03-06 22:00:00,Indian Wells Tennis Garden,Indian Wells Tennis Gardens | Player Dining,101,Cashier #2,Cashier
2026-03-06,2026-03-06 15:00:00,2026-03-06 22:00:00,Indian Wells Tennis Garden,Indian Wells Tennis Gardens | Player Dining,101,Cashier #4 ,Cashier
2026-03-06,2026-03-06 15:00:00,2026-03-06 22:00:00,Indian Wells Tennis Garden,Indian Wells Tennis Gardens | Player Dining,102,Nacho ,Cook 2
2026-03-06,2026-03-06 15:00:00,2026-03-06 22:00:00,Indian Wells Tennis Garden,Indian Wells Tennis Gardens | Player Dining,101,Cashier #3 ,Cashier
2026-03-06,2026-03-06 15:00:00,2026-03-06 22:00:00,Indian Wells Tennis Garden,Indian Wells Tennis Gardens | Player Dining,101,Cashier # 3,Cashier
2026-03-06,2026-03-06 15:00:00,2026-03-06 22:00:00,Indian Wells Tennis Garden,Indian Wells Tennis Gardens | Player Dining,98,Bar PM- serving beer only ,Bartender 2
2026-03-06,2026-03-06 15:00:00,2026-03-06 22:00:00,Indian Wells Tennis Garden,Indian Wells Tennis Gardens | Player Dining,98,Bar PM,Bartender 2
2026-03-06,2026-03-06 15:00:00,2026-03-06 22:00:00,Indian Wells Tennis Garden,Indian Wells Tennis Gardens | Player Dining,101,Cashier # 1 ,Cashier
2026-03-06,2026-03-06 15:00:00,2026-03-06 22:00:00,Indian Wells Tennis Garden,Indian Wells Tennis Gardens | Player Dining,101,Cashier # 1,Cashier
2026-03-06,2026-03-06 15:00:00,2026-03-06 22:00:00,Indian Wells Tennis Garden,Indian Wells Tennis Gardens | Player Dining,101,Cashier # 1,Cashier
2026-03-06,2026-03-06 15:00:00,2026-03-06 22:00:00,Indian Wells Tennis Garden,Indian Wells Tennis Gardens | Player Dining,101,Cashier # 3,Cashier
2026-03-06,2026-03-06 15:00:00,2026-03-06 22:00:00,Indian Wells Tennis Garden,Indian Wells Tennis Gardens | Player Dining,101,Cashier #2,Cashier
2026-03-06,2026-03-06 15:30:00,2026-03-06 22:30:00,Indian Wells Tennis Garden,Indian Wells Tennis Gardens | Player Dining,101,,Cashier
2026-03-06,2026-03-06 15:30:00,2026-03-06 22:30:00,Malibu Beach Inn,Malibu Beach Inn - BOH,105,,Dishwasher
2026-03-06,2026-03-06 16:00:00,2026-03-06 23:00:00,Canyon Palm Springs Hotel dba Thompson Palm Springs,Thompson Palm Springs |  FOH,99,,Busser
2026-03-06,2026-03-06 16:00:00,2026-03-06 22:00:00,Chef Gunnar Planter,@Chef Gunnar Planter | Offsite,102,,Cook 2
2026-03-06,2026-03-06 16:00:00,2026-03-06 22:30:00,Sand Hill Kitchen,Sand Hill Kitchen | Quad Conference Center,285,,Server 1
2026-03-06,2026-03-06 16:00:00,2026-03-06 20:00:00,Villa Portofino,Villa Portofino,115,,Server 2
2026-03-06,2026-03-06 17:00:00,2026-03-06 21:00:00,Woodbury University,Woody's Cafe,98,,Bartender 2
2026-03-06,2026-03-06 18:00:00,2026-03-07 00:00:00,Garibaldina Society ,Garibaldina Society,96,to include dishwashing duties,Barback
2026-03-06,2026-03-06 18:00:00,2026-03-06 23:00:00,Griffin Club Los Angeles,Griffin Club Los Angeles,105,,Dishwasher
2026-03-06,2026-03-06 18:00:00,2026-03-06 22:01:00,Sand Hill Kitchen,Sand Hill Kitchen | Quad Conference Center,105,,Dishwasher
2026-03-06,2026-03-06 22:00:00,2026-03-07 06:30:00,Commerce Casino,Commerce Casino - Employee Dining Room,102,Overnight Shift,Cook 2
2026-03-07,2026-03-07 05:00:00,2026-03-07 13:30:00,People Assisting the Homeless,People Assisting the Homeless - YWCA,110,,Prep Cook 2
2026-03-07,2026-03-07 05:30:00,2026-03-07 14:30:00,"Fox Studio Lot, LLC",Fox Studio - Moe's Cafe BoH,102,,Cook 2
2026-03-07,2026-03-07 05:30:00,2026-03-07 14:30:00,"Fox Studio Lot, LLC",Fox Studio - Moe's Cafe BoH,102,,Cook 2
2026-03-07,2026-03-07 06:00:00,2026-03-07 14:30:00,"Fox Studio Lot, LLC",Fox Studio - Moe's Cafe BoH,102,,Cook 2
2026-03-07,2026-03-07 06:00:00,2026-03-07 16:00:00,Indian Wells Tennis Garden,Indian Wells Tennis Gardens | Player Dining,264,,Event Supervisor
2026-03-07,2026-03-07 06:00:00,2026-03-07 14:30:00,Martin Luther King Jr Hospital,Martin Luther King Jr. Hospital | BOH,102,,Cook 2
2026-03-07,2026-03-07 06:00:00,2026-03-07 12:00:00,SBLP Warner Center OPCO LLC - The Variel,The Variel of Woodland Hills,102,,Cook 2
2026-03-07,2026-03-07 06:00:00,2026-03-07 14:30:00,The Getty Center,The Getty Center - Catering,102,,Cook 2
2026-03-07,2026-03-07 06:00:00,2026-03-07 14:30:00,Union Station Homeless Services,Union Station Homeless Services - Adult Center,102,,Cook 2
2026-03-07,2026-03-07 06:00:00,2026-03-07 14:30:00,VEA Hotel - Newport Beach,VEA Hotel - Newport Beach | Cooks,102,,Cook 2
2026-03-07,2026-03-07 06:30:00,2026-03-07 15:00:00,Childrens Hospital Los Angeles,Childrens Hospital Los Angeles,105,,Dishwasher
2026-03-07,2026-03-07 06:30:00,2026-03-07 15:00:00,SBLP Warner Center OPCO LLC - The Variel,The Variel of Woodland Hills,105,,Dishwasher
2026-03-07,2026-03-07 07:00:00,2026-03-07 15:30:00,"Fox Studio Lot, LLC",Fox Studio - Moe's Cafe BoH,105,,Dishwasher
2026-03-07,2026-03-07 07:00:00,2026-03-07 15:00:00,Indian Wells Tennis Garden,Indian Wells Tennis Gardens | Player Dining,101,Cashier,Cashier
2026-03-07,2026-03-07 07:00:00,2026-03-07 15:30:00,Indian Wells Tennis Garden,Indian Wells Tennis Gardens | Player Dining,102,Kitchen Cooks # 1,Cook 2
2026-03-07,2026-03-07 07:00:00,2026-03-07 15:00:00,Indian Wells Tennis Garden,Indian Wells Tennis Gardens | Player Dining,101,Grab and Go,Cashier
2026-03-07,2026-03-07 07:00:00,2026-03-07 15:00:00,Indian Wells Tennis Garden,Indian Wells Tennis Gardens | Player Dining,101,FSA Attendant ,Cashier
2026-03-07,2026-03-07 07:00:00,2026-03-07 15:00:00,Malibu Beach Inn,Malibu Beach Inn - BOH,105,,Dishwasher
2026-03-07,2026-03-07 07:00:00,2026-03-07 14:30:00,Martin Luther King Jr Hospital,Martin Luther King Jr. Hospital | BOH,105,Ongoing Sat and Sun,Dishwasher
2026-03-07,2026-03-07 07:00:00,2026-03-07 15:30:00,The Getty Center,The Getty Center - Catering,102,,Cook 2
2026-03-07,2026-03-07 07:00:00,2026-03-07 15:30:00,The Getty Center,The Getty Center - Cafe,102,,Cook 2
2026-03-07,2026-03-07 07:00:00,2026-03-07 15:30:00,The Getty Villa,The Getty Villa BOH,102,Must Work Multiple Days,Cook 2
2026-03-07,2026-03-07 07:30:00,2026-03-07 16:00:00,Cedars Sinai Medical Center,Cedars Sinai - Plaza & Cafe,105,,Dishwasher
2026-03-07,2026-03-07 07:30:00,2026-03-07 14:30:00,Sand Hill Kitchen,Sand Hill Kitchen | Quad Conference Center,285,,Server 1
2026-03-07,2026-03-07 08:00:00,2026-03-07 16:30:00,1 Hotel Seattle,1 Hotel Seattle,105,,Dishwasher
2026-03-07,2026-03-07 08:00:00,2026-03-07 16:00:00,Hotel Bel Air,Hotel Bel Air - Main Kitchen,110,,Prep Cook 2
2026-03-07,2026-03-07 08:00:00,2026-03-07 15:00:00,Indian Wells Tennis Garden,Indian Wells Tennis Gardens | Player Dining,102,Plancha # 2,Cook 2
2026-03-07,2026-03-07 08:00:00,2026-03-07 16:30:00,Indian Wells Tennis Garden,Indian Wells Tennis Gardens | Player Dining,102,Kitchen Cooks # 15,Cook 2
2026-03-07,2026-03-07 08:00:00,2026-03-07 15:00:00,Indian Wells Tennis Garden,Indian Wells Tennis Gardens | Player Dining,102,Plancha # 1 ,Cook 2
2026-03-07,2026-03-07 08:00:00,2026-03-07 15:00:00,Indian Wells Tennis Garden,Indian Wells Tennis Gardens | Player Dining,102,Tortilla #2 ,Cook 2
2026-03-07,2026-03-07 08:00:00,2026-03-07 15:00:00,Indian Wells Tennis Garden,Indian Wells Tennis Gardens | Player Dining,102,Bowls #1,Cook 2
2026-03-07,2026-03-07 08:00:00,2026-03-07 15:00:00,Indian Wells Tennis Garden,Indian Wells Tennis Gardens | Player Dining,102,Burrito 1,Cook 2
2026-03-07,2026-03-07 08:00:00,2026-03-07 15:00:00,Indian Wells Tennis Garden,Indian Wells Tennis Gardens | Player Dining,102,Garnish #1 ,Cook 2
2026-03-07,2026-03-07 08:00:00,2026-03-07 16:30:00,Indian Wells Tennis Garden,Indian Wells Tennis Gardens | Player Dining,102,Kitchen Cooks # 2,Cook 2
2026-03-07,2026-03-07 08:00:00,2026-03-07 16:00:00,Indian Wells Tennis Garden,Indian Wells Tennis Gardens | Player Dining,102,Prep,Cook 2
2026-03-07,2026-03-07 08:00:00,2026-03-07 15:00:00,Indian Wells Tennis Garden,Indian Wells Tennis Gardens | Player Dining,102,Burrito 3,Cook 2
2026-03-07,2026-03-07 08:00:00,2026-03-07 15:00:00,Indian Wells Tennis Garden,Indian Wells Tennis Gardens | Player Dining,102,Garnish # 2,Cook 2
2026-03-07,2026-03-07 08:00:00,2026-03-07 15:00:00,Indian Wells Tennis Garden,Indian Wells Tennis Gardens | Player Dining,102,Tortilla # 1 ,Cook 2
2026-03-07,2026-03-07 08:00:00,2026-03-07 15:00:00,Indian Wells Tennis Garden,Indian Wells Tennis Gardens | Player Dining,102,Burrito 2,Cook 2
2026-03-07,2026-03-07 08:00:00,2026-03-07 16:00:00,The Garland,The Garland,102,,Cook 2
2026-03-07,2026-03-07 08:30:00,2026-03-07 17:00:00,Indian Wells Tennis Garden,Indian Wells Tennis Gardens | Player Dining,104,Dishwasher,General
2026-03-07,2026-03-07 08:30:00,2026-03-07 16:30:00,"Taylor Made Cuisine, Inc.","Taylor Made Cuisine, Inc.",110,,Prep Cook 2
2026-03-07,2026-03-07 09:00:00,2026-03-07 15:00:00,Ebell of Los Angeles,Ebell of Los Angeles - Saturday - FOH,115,WPA,Server 2
2026-03-07,2026-03-07 09:00:00,2026-03-07 17:00:00,Hotel Bel Air,Hotel Bel Air - Main Kitchen,110,,Prep Cook 2
2026-03-07,2026-03-07 09:00:00,2026-03-07 16:00:00,Indian Wells Tennis Garden,Indian Wells Tennis Gardens | Player Dining,98,Bar AM,Bartender 2
2026-03-07,2026-03-07 09:00:00,2026-03-07 16:00:00,Indian Wells Tennis Garden,Indian Wells Tennis Gardens | Player Dining,101,Cashier # 2,Cashier
2026-03-07,2026-03-07 09:00:00,2026-03-07 16:00:00,Indian Wells Tennis Garden,Indian Wells Tennis Gardens | Player Dining,101,Cashier # 1,Cashier
2026-03-07,2026-03-07 09:00:00,2026-03-07 16:00:00,Indian Wells Tennis Garden,Indian Wells Tennis Gardens | Player Dining,102,Nacho ,Cook 2
2026-03-07,2026-03-07 09:00:00,2026-03-07 17:30:00,Indian Wells Tennis Garden,Indian Wells Tennis Gardens | Player Dining,102,Kitchen Cooks # 19,Cook 2
2026-03-07,2026-03-07 09:00:00,2026-03-07 17:30:00,Indian Wells Tennis Garden,Indian Wells Tennis Gardens | Player Dining,102,Kitchen Cooks #10,Cook 2
2026-03-07,2026-03-07 09:00:00,2026-03-07 17:30:00,Indian Wells Tennis Garden,Indian Wells Tennis Gardens | Player Dining,102,Kitchen Cooks # 16,Cook 2
2026-03-07,2026-03-07 09:00:00,2026-03-07 16:00:00,Indian Wells Tennis Garden,Indian Wells Tennis Gardens | Player Dining,101,Cashier # 2,Cashier
2026-03-07,2026-03-07 09:00:00,2026-03-07 17:30:00,Indian Wells Tennis Garden,Indian Wells Tennis Gardens | Player Dining,102,Kitchen Cooks # 8,Cook 2
2026-03-07,2026-03-07 09:00:00,2026-03-07 16:00:00,Indian Wells Tennis Garden,Indian Wells Tennis Gardens | Player Dining,101,,Cashier
2026-03-07,2026-03-07 09:00:00,2026-03-07 16:00:00,Indian Wells Tennis Garden,Indian Wells Tennis Gardens | Player Dining,98,Bar AM - Beer Serving only,Bartender 2
2026-03-07,2026-03-07 09:00:00,2026-03-07 16:00:00,Indian Wells Tennis Garden,Indian Wells Tennis Gardens | Player Dining,101,Cashier #1 ,Cashier
2026-03-07,2026-03-07 09:00:00,2026-03-07 17:30:00,Indian Wells Tennis Garden,Indian Wells Tennis Gardens | Player Dining,102,Kitchen Cooks # 13,Cook 2
2026-03-07,2026-03-07 09:00:00,2026-03-07 16:00:00,Indian Wells Tennis Garden,Indian Wells Tennis Gardens | Player Dining,101,Cashier # 1,Cashier
2026-03-07,2026-03-07 09:00:00,2026-03-07 17:30:00,Indian Wells Tennis Garden,Indian Wells Tennis Gardens | Player Dining,102,Kitchen Cooks # 8,Cook 2
2026-03-07,2026-03-07 10:00:00,2026-03-07 18:30:00,Griffin Club Los Angeles,Griffin Club Los Angeles,102,,Cook 2
2026-03-07,2026-03-07 10:00:00,2026-03-07 18:30:00,Griffin Club Los Angeles,Griffin Club Los Angeles,102,Sushi,Cook 2
2026-03-07,2026-03-07 10:00:00,2026-03-07 18:30:00,Griffin Club Los Angeles,Griffin Club Los Angeles,102,,Cook 2
2026-03-07,2026-03-07 10:00:00,2026-03-07 18:00:00,Indian Wells Tennis Garden,Indian Wells Tennis Gardens | Player Dining,101,FSA Attendant,Cashier
2026-03-07,2026-03-07 10:00:00,2026-03-07 16:00:00,Indian Wells Tennis Garden,Indian Wells Tennis Gardens | Player Dining,101,Cashier # 3,Cashier
2026-03-07,2026-03-07 10:00:00,2026-03-07 16:00:00,Indian Wells Tennis Garden,Indian Wells Tennis Gardens | Player Dining,101,Cashier #3,Cashier
2026-03-07,2026-03-07 10:00:00,2026-03-07 16:00:00,Indian Wells Tennis Garden,Indian Wells Tennis Gardens | Player Dining,101,Cashier #4 ,Cashier
2026-03-07,2026-03-07 10:00:00,2026-03-07 18:00:00,Indian Wells Tennis Garden,Indian Wells Tennis Gardens | Player Dining,102,EXPO MID,Cook 2
2026-03-07,2026-03-07 10:00:00,2026-03-07 20:00:00,Indian Wells Tennis Garden,Indian Wells Tennis Gardens | Player Dining,102,Kitchen Cooks # 12,Cook 2
2026-03-07,2026-03-07 10:00:00,2026-03-07 18:00:00,Indian Wells Tennis Garden,Indian Wells Tennis Gardens | Player Dining,102,Fry AM ,Cook 2
2026-03-07,2026-03-07 10:00:00,2026-03-07 18:00:00,Indian Wells Tennis Garden,Indian Wells Tennis Gardens | Player Dining,101,Cashier,Cashier
2026-03-07,2026-03-07 10:00:00,2026-03-07 16:00:00,Indian Wells Tennis Garden,Indian Wells Tennis Gardens | Player Dining,101,Cashier # 4,Cashier
2026-03-07,2026-03-07 10:00:00,2026-03-07 18:00:00,Indian Wells Tennis Garden,Indian Wells Tennis Gardens | Player Dining,102,EXPO MID,Cook 2
2026-03-07,2026-03-07 10:00:00,2026-03-07 15:00:00,Sand Hill Kitchen,Sand Hill Kitchen | Quad Conference Center,105,,Dishwasher
2026-03-07,2026-03-07 10:00:00,2026-03-07 16:30:00,VH Property Corp. dba Trump National Golf Club Los Angeles,Trump National Golf Course Los Angeles | Vista Grill,102,,Cook 2
2026-03-07,2026-03-07 10:00:00,2026-03-07 18:30:00,VH Property Corp. dba Trump National Golf Club Los Angeles,Trump National Golf Course Los Angeles | BOH,102,,Cook 2
2026-03-07,2026-03-07 11:00:00,2026-03-07 16:00:00,Academy Museum of Motion Pictures,Academy Museum of Motion Pictures - Fanny's Restaurant,105,,Dishwasher
2026-03-07,2026-03-07 11:00:00,2026-03-07 20:30:00,Indian Wells Tennis Garden,Indian Wells Tennis Gardens | Player Dining,102,Kitchen Cooks # 5,Cook 2
2026-03-07,2026-03-07 11:00:00,2026-03-07 17:00:00,Indian Wells Tennis Garden,Indian Wells Tennis Gardens | Player Dining,101,Cashier # 2,Cashier
2026-03-07,2026-03-07 11:00:00,2026-03-07 20:30:00,Indian Wells Tennis Garden,Indian Wells Tennis Gardens | Player Dining,102,Kitchen Cooks # 7,Cook 2
2026-03-07,2026-03-07 11:00:00,2026-03-07 20:30:00,Indian Wells Tennis Garden,Indian Wells Tennis Gardens | Player Dining,102,Kitchen Cooks # 20,Cook 2
2026-03-07,2026-03-07 11:00:00,2026-03-07 20:30:00,Indian Wells Tennis Garden,Indian Wells Tennis Gardens | Player Dining,102,Kitchen Cooks # 17,Cook 2
2026-03-07,2026-03-07 11:00:00,2026-03-07 20:30:00,Indian Wells Tennis Garden,Indian Wells Tennis Gardens | Player Dining,102,Kitchen Cooks # 3,Cook 2
2026-03-07,2026-03-07 11:00:00,2026-03-07 17:00:00,Indian Wells Tennis Garden,Indian Wells Tennis Gardens | Player Dining,102,Bowls #2,Cook 2
2026-03-07,2026-03-07 11:00:00,2026-03-07 20:30:00,Indian Wells Tennis Garden,Indian Wells Tennis Gardens | Player Dining,102,Kitchen Cooks # 18,Cook 2
2026-03-07,2026-03-07 11:00:00,2026-03-07 19:30:00,PIH Health - Whittier Hospital,PIH Health - Whittier Hospital,102,,Cook 2
2026-03-07,2026-03-07 11:00:00,2026-03-07 19:30:00,University Village Thousand Oaks,University Village Thousand Oaks ,102,,Cook 2
2026-03-07,2026-03-07 11:30:00,2026-03-07 20:00:00,People Assisting the Homeless,People Assisting the Homeless - YWCA,110,,Prep Cook 2
2026-03-07,2026-03-07 12:00:00,2026-03-07 20:30:00,Childrens Hospital Los Angeles,Childrens Hospital Los Angeles,104,Food Service Worker,General
2026-03-07,2026-03-07 12:00:00,2026-03-07 20:00:00,Indian Wells Tennis Garden,Indian Wells Tennis Gardens | Player Dining,101,FSA Attendant,Cashier
2026-03-07,2026-03-07 12:00:00,2026-03-07 20:00:00,Indian Wells Tennis Garden,Indian Wells Tennis Gardens | Player Dining,101,Cashier,Cashier
2026-03-07,2026-03-07 12:00:00,2026-03-07 20:00:00,Indian Wells Tennis Garden,Indian Wells Tennis Gardens | Player Dining,101,Grab and Go,Cashier
2026-03-07,2026-03-07 12:00:00,2026-03-07 20:30:00,VEA Hotel - Newport Beach,VEA Hotel - Newport Beach | Cooks,102,,Cook 2
2026-03-07,2026-03-07 12:00:00,2026-03-07 20:30:00,Walnut Village,Walnut Village,105,,Dishwasher
2026-03-07,2026-03-07 13:00:00,2026-03-07 21:30:00,Shady Canyon Golf Club,Shady Canyon Golf Club,102,,Cook 2
2026-03-07,2026-03-07 13:30:00,2026-03-07 22:00:00,Griffin Club Los Angeles,Griffin Club Los Angeles,98,Ongoing - Sat and Sun - temp to hire.,Bartender 2
2026-03-07,2026-03-07 13:30:00,2026-03-07 22:00:00,Griffin Club Los Angeles,Griffin Club Los Angeles,105,,Dishwasher
2026-03-07,2026-03-07 13:30:00,2026-03-07 22:00:00,Griffin Club Los Angeles,Griffin Club Los Angeles,102,,Cook 2
2026-03-07,2026-03-07 14:00:00,2026-03-07 22:30:00,Griffin Club Los Angeles,Griffin Club Los Angeles,105,,Dishwasher
2026-03-07,2026-03-07 14:00:00,2026-03-07 22:00:00,Hotel Bel Air,Hotel Bel Air - Swan Cafe,102,,Cook 2
2026-03-07,2026-03-07 14:00:00,2026-03-07 21:00:00,Indian Wells Tennis Garden,Indian Wells Tennis Gardens | Player Dining,102,Burrito 2,Cook 2
2026-03-07,2026-03-07 14:00:00,2026-03-07 21:00:00,Indian Wells Tennis Garden,Indian Wells Tennis Gardens | Player Dining,102,Garnish #1 ,Cook 2
2026-03-07,2026-03-07 14:00:00,2026-03-07 21:00:00,Indian Wells Tennis Garden,Indian Wells Tennis Gardens | Player Dining,102,Bowls #1 ,Cook 2
2026-03-07,2026-03-07 14:00:00,2026-03-07 21:00:00,Indian Wells Tennis Garden,Indian Wells Tennis Gardens | Player Dining,102,Garnish # 2 ,Cook 2
2026-03-07,2026-03-07 14:00:00,2026-03-07 21:00:00,Indian Wells Tennis Garden,Indian Wells Tennis Gardens | Player Dining,102,Burrito 3,Cook 2
2026-03-07,2026-03-07 14:00:00,2026-03-07 21:00:00,Indian Wells Tennis Garden,Indian Wells Tennis Gardens | Player Dining,102,Plancha # 2,Cook 2
2026-03-07,2026-03-07 14:00:00,2026-03-07 21:00:00,Indian Wells Tennis Garden,Indian Wells Tennis Gardens | Player Dining,102,Tortilla # 2,Cook 2
2026-03-07,2026-03-07 14:00:00,2026-03-07 21:00:00,Indian Wells Tennis Garden,Indian Wells Tennis Gardens | Player Dining,102,Plancha #1 ,Cook 2
2026-03-07,2026-03-07 14:00:00,2026-03-07 21:00:00,Indian Wells Tennis Garden,Indian Wells Tennis Gardens | Player Dining,102,Burrito 1,Cook 2
2026-03-07,2026-03-07 14:00:00,2026-03-07 21:00:00,Indian Wells Tennis Garden,Indian Wells Tennis Gardens | Player Dining,102,Tortilla #1 ,Cook 2
2026-03-07,2026-03-07 14:00:00,2026-03-07 22:30:00,Indian Wells Tennis Garden,Indian Wells Tennis Gardens | Player Dining,104,Dishwasher,General
2026-03-07,2026-03-07 14:00:00,2026-03-07 22:30:00,Martin Luther King Jr Hospital,Martin Luther King Jr. Hospital | BOH,102,,Cook 2
2026-03-07,2026-03-07 14:00:00,2026-03-07 22:30:00,SBLP Warner Center OPCO LLC - The Variel,The Variel of Woodland Hills,105,,Dishwasher
2026-03-07,2026-03-07 14:00:00,2026-03-07 22:00:00,Viceroy Santa Monica Hotel,Viceroy Santa Monica Hotel,264,,Event Supervisor
2026-03-07,2026-03-07 14:30:00,2026-03-07 20:30:00,Ebell of Los Angeles,Ebell of Los Angeles - Saturday - FOH,115,,Server 2
2026-03-07,2026-03-07 15:00:00,2026-03-07 23:30:00,Commerce Casino,Commerce Casino - Employee Dining Room,102,,Cook 2
2026-03-07,2026-03-07 15:00:00,2026-03-07 23:30:00,Crescent Heights Ten Thousand,Crescent Heights Ten Thousand - Butler Department,115,Butler/Porter,Server 2
2026-03-07,2026-03-07 15:00:00,2026-03-07 20:00:00,Ebell of Los Angeles,Ebell of Los Angeles - Saturday - FOH,115,WPA,Server 2
2026-03-07,2026-03-07 15:00:00,2026-03-07 22:00:00,Indian Wells Tennis Garden,Indian Wells Tennis Gardens | Player Dining,98,Bartender PM- Beer Serving only,Bartender 2
2026-03-07,2026-03-07 15:00:00,2026-03-07 22:00:00,Indian Wells Tennis Garden,Indian Wells Tennis Gardens | Player Dining,101,Cashier # 4,Cashier
2026-03-07,2026-03-07 15:00:00,2026-03-07 22:00:00,Indian Wells Tennis Garden,Indian Wells Tennis Gardens | Player Dining,101,Cashier #3 ,Cashier
2026-03-07,2026-03-07 15:00:00,2026-03-07 22:00:00,Indian Wells Tennis Garden,Indian Wells Tennis Gardens | Player Dining,98,Bar PM,Bartender 2
2026-03-07,2026-03-07 15:00:00,2026-03-07 22:00:00,Indian Wells Tennis Garden,Indian Wells Tennis Gardens | Player Dining,101,Cashier # 1,Cashier
2026-03-07,2026-03-07 15:00:00,2026-03-07 22:00:00,Indian Wells Tennis Garden,Indian Wells Tennis Gardens | Player Dining,101,Cashier # 3,Cashier
2026-03-07,2026-03-07 15:00:00,2026-03-07 22:00:00,Indian Wells Tennis Garden,Indian Wells Tennis Gardens | Player Dining,102,Nacho ,Cook 2
2026-03-07,2026-03-07 15:00:00,2026-03-07 22:00:00,Indian Wells Tennis Garden,Indian Wells Tennis Gardens | Player Dining,101,Cashier # 1,Cashier
2026-03-07,2026-03-07 15:00:00,2026-03-07 22:00:00,Indian Wells Tennis Garden,Indian Wells Tennis Gardens | Player Dining,101,Cashier # 1 ,Cashier
2026-03-07,2026-03-07 15:00:00,2026-03-07 22:00:00,Indian Wells Tennis Garden,Indian Wells Tennis Gardens | Player Dining,101,Cashier # 4,Cashier
2026-03-07,2026-03-07 15:00:00,2026-03-07 22:00:00,Indian Wells Tennis Garden,Indian Wells Tennis Gardens | Player Dining,101,Cashier #2,Cashier
2026-03-07,2026-03-07 15:00:00,2026-03-07 22:00:00,Indian Wells Tennis Garden,Indian Wells Tennis Gardens | Player Dining,101,Cashier #2,Cashier
2026-03-07,2026-03-07 15:00:00,2026-03-07 21:00:00,Wolfgang Puck Catering,Wolfgang Puck Catering - Sony Studios,102,,Cook 2
2026-03-07,2026-03-07 15:30:00,2026-03-08 00:00:00,Cedars Sinai Medical Center,Cedars Sinai - Plaza & Cafe,105,,Dishwasher
2026-03-07,2026-03-07 15:30:00,2026-03-07 22:30:00,Indian Wells Tennis Garden,Indian Wells Tennis Gardens | Player Dining,101,,Cashier
2026-03-07,2026-03-07 15:30:00,2026-03-07 23:00:00,Malibu Beach Inn,Malibu Beach Inn - BOH,105,,Dishwasher
2026-03-07,2026-03-07 15:30:00,2026-03-07 19:30:00,Olive Wood Pizza,@ Olive Wood Pizza - Off Site Event,115,,Server 2
2026-03-07,2026-03-07 15:30:00,2026-03-07 19:30:00,Olive Wood Pizza,@ Olive Wood Pizza - Off Site Event,102,Travel Pay included - .60 per mile,Cook 2
2026-03-07,2026-03-07 15:30:00,2026-03-07 19:30:00,Olive Wood Pizza,@ Olive Wood Pizza - Off Site Event,102,,Cook 2
2026-03-07,2026-03-07 15:30:00,2026-03-08 00:00:00,VH Property Corp. dba Trump National Golf Club Los Angeles,Trump National Golf Course Los Angeles | BOH,102,,Cook 2
2026-03-07,2026-03-07 15:30:00,2026-03-07 21:00:00,Wolfgang Puck Catering,Wolfgang Puck Catering - Academy Museum of Motion Pictures,102,,Cook 2
2026-03-07,2026-03-07 16:00:00,2026-03-07 23:00:00,Canyon Palm Springs Hotel dba Thompson Palm Springs,Thompson Palm Springs |  FOH,99,,Busser
2026-03-07,2026-03-07 16:00:00,2026-03-07 22:00:00,Ebell of Los Angeles,Ebell of Los Angeles - Back of House,102,,Cook 2
2026-03-07,2026-03-07 16:00:00,2026-03-07 23:00:00,Newport Harbor Yacht Club,Newport Harbor Yacht Club | Banquets,98,Davids 70th Birthday,Bartender 2
2026-03-07,2026-03-07 16:00:00,2026-03-07 23:30:00,The Pacific Club,The Pacific Club | FOH,115,,Server 2
2026-03-07,2026-03-07 16:00:00,2026-03-07 23:30:00,The Pacific Club,The Pacific Club | FOH,98,,Bartender 2
2026-03-07,2026-03-07 16:00:00,2026-03-07 20:00:00,Villa Portofino,Villa Portofino,115,,Server 2
2026-03-07,2026-03-07 16:15:00,2026-03-07 20:15:00,NORR Kitchen,@ NORR Kitchen | OFFSITE EVENT,98,,Bartender 2
2026-03-07,2026-03-07 16:30:00,2026-03-07 23:00:00,Crescent Heights Ten Thousand,Crescent Heights Ten Thousand - Bartending,98,,Bartender 2
2026-03-07,2026-03-07 16:30:00,2026-03-07 21:30:00,Ebell of Los Angeles,Ebell of Los Angeles - Back of House,105,,Dishwasher
2026-03-07,2026-03-07 17:00:00,2026-03-07 22:00:00,Athenaeum Club,Athenaeum Housekeeping,104,Houseperson | Restrooms & Laundry,General
2026-03-07,2026-03-07 17:00:00,2026-03-07 22:00:00,The Valley Hunt Club,The Valley Hunt Club,98,,Bartender 2
2026-03-07,2026-03-07 17:45:00,2026-03-07 22:45:00,Indian Wells Tennis Garden,Indian Wells Tennis Gardens | Player Dining,101,,Cashier
2026-03-07,2026-03-07 18:00:00,2026-03-07 23:00:00,Griffin Club Los Angeles,Griffin Club Los Angeles,105,,Dishwasher
2026-03-07,2026-03-07 18:00:00,2026-03-07 22:30:00,Indian Wells Tennis Garden,Indian Wells Tennis Gardens | Player Dining,102,,Cook 2
2026-03-07,2026-03-07 19:00:00,2026-03-08 01:00:00,Ebell of Los Angeles,Ebell of Los Angeles - Back of House,105,,Dishwasher
2026-03-07,2026-03-07 22:00:00,2026-03-08 06:30:00,Commerce Casino,Commerce Casino - Employee Dining Room,102,Overnight Shift,Cook 2
2026-03-08,2026-03-08 05:00:00,2026-03-08 13:30:00,People Assisting the Homeless,People Assisting the Homeless - YWCA,110,,Prep Cook 2
2026-03-08,2026-03-08 05:00:00,2026-03-08 13:30:00,PIH Health - Whittier Hospital,PIH Health - Whittier Hospital,110,,Prep Cook 2
2026-03-08,2026-03-08 05:30:00,2026-03-08 14:30:00,"Fox Studio Lot, LLC",Fox Studio - Moe's Cafe BoH,102,,Cook 2
2026-03-08,2026-03-08 05:30:00,2026-03-08 14:30:00,"Fox Studio Lot, LLC",Fox Studio - Moe's Cafe BoH,102,,Cook 2
2026-03-08,2026-03-08 06:00:00,2026-03-08 16:00:00,Indian Wells Tennis Garden,Indian Wells Tennis Gardens | Player Dining,264,,Event Supervisor
2026-03-08,2026-03-08 06:00:00,2026-03-08 14:30:00,Martin Luther King Jr Hospital,Martin Luther King Jr. Hospital | BOH,102,,Cook 2
2026-03-08,2026-03-08 06:00:00,2026-03-08 12:00:00,SBLP Warner Center OPCO LLC - The Variel,The Variel of Woodland Hills,102,,Cook 2
2026-03-08,2026-03-08 06:00:00,2026-03-08 14:30:00,The Getty Center,The Getty Center - Catering,102,,Cook 2
2026-03-08,2026-03-08 06:00:00,2026-03-08 14:30:00,VEA Hotel - Newport Beach,VEA Hotel - Newport Beach | Cooks,102,,Cook 2
2026-03-08,2026-03-08 06:30:00,2026-03-08 15:00:00,Childrens Hospital Los Angeles,Childrens Hospital Los Angeles,105,,Dishwasher
2026-03-08,2026-03-08 07:00:00,2026-03-08 15:00:00,Indian Wells Tennis Garden,Indian Wells Tennis Gardens | Player Dining,101,Grab and Go,Cashier
2026-03-08,2026-03-08 07:00:00,2026-03-08 15:00:00,Indian Wells Tennis Garden,Indian Wells Tennis Gardens | Player Dining,101,Cashier ,Cashier
2026-03-08,2026-03-08 07:00:00,2026-03-08 15:30:00,Indian Wells Tennis Garden,Indian Wells Tennis Gardens | Player Dining,102,Kitchen Cooks # 1,Cook 2
2026-03-08,2026-03-08 07:00:00,2026-03-08 11:00:00,Indian Wells Tennis Garden,Indian Wells Tennis Gardens | Player Dining,102,,Cook 2
2026-03-08,2026-03-08 07:00:00,2026-03-08 15:00:00,Indian Wells Tennis Garden,Indian Wells Tennis Gardens | Player Dining,101,FSA Attendant,Cashier
2026-03-08,2026-03-08 07:00:00,2026-03-08 15:00:00,Malibu Beach Inn,Malibu Beach Inn - BOH,105,,Dishwasher
2026-03-08,2026-03-08 07:00:00,2026-03-08 14:30:00,Martin Luther King Jr Hospital,Martin Luther King Jr. Hospital | BOH,105,Ongoing Sat and Sun,Dishwasher
2026-03-08,2026-03-08 07:00:00,2026-03-08 15:30:00,Shady Canyon Golf Club,Shady Canyon Golf Club,102,,Cook 2
2026-03-08,2026-03-08 07:00:00,2026-03-08 15:30:00,The Getty Villa,The Getty Villa BOH,102,Must Work Multiple Days,Cook 2
2026-03-08,2026-03-08 07:00:00,2026-03-08 15:30:00,Union Station Homeless Services,Union Station Homeless Services - Adult Center,102,,Cook 2
2026-03-08,2026-03-08 07:00:00,2026-03-08 15:30:00,VH Property Corp. dba Trump National Golf Club Los Angeles,Trump National Golf Course Los Angeles | BOH,102,,Cook 2
2026-03-08,2026-03-08 07:00:00,2026-03-08 14:30:00,Wolfgang Puck Catering,Wolfgang Puck Catering - Hollywood & Highland,102,OSCAR's PREP,Cook 2
2026-03-08,2026-03-08 08:00:00,2026-03-08 16:30:00,1 Hotel Seattle,1 Hotel Seattle,105,,Dishwasher
2026-03-08,2026-03-08 08:00:00,2026-03-08 16:00:00,Hotel Bel Air,Hotel Bel Air - Main Kitchen,110,,Prep Cook 2
2026-03-08,2026-03-08 08:00:00,2026-03-08 16:00:00,Indian Wells Tennis Garden,Indian Wells Tennis Gardens | Player Dining,102,Prep,Cook 2
2026-03-08,2026-03-08 08:00:00,2026-03-08 15:00:00,Indian Wells Tennis Garden,Indian Wells Tennis Gardens | Player Dining,102,Plancha # 2,Cook 2
2026-03-08,2026-03-08 08:00:00,2026-03-08 15:00:00,Indian Wells Tennis Garden,Indian Wells Tennis Gardens | Player Dining,102,Burrito 1,Cook 2
2026-03-08,2026-03-08 08:00:00,2026-03-08 15:00:00,Indian Wells Tennis Garden,Indian Wells Tennis Gardens | Player Dining,102,Plancha # 1 ,Cook 2
2026-03-08,2026-03-08 08:00:00,2026-03-08 15:00:00,Indian Wells Tennis Garden,Indian Wells Tennis Gardens | Player Dining,102,Tortilla #2 ,Cook 2
2026-03-08,2026-03-08 08:00:00,2026-03-08 15:00:00,Indian Wells Tennis Garden,Indian Wells Tennis Gardens | Player Dining,102,Burrito 3,Cook 2
2026-03-08,2026-03-08 08:00:00,2026-03-08 15:00:00,Indian Wells Tennis Garden,Indian Wells Tennis Gardens | Player Dining,102,Garnish #1 ,Cook 2
2026-03-08,2026-03-08 08:00:00,2026-03-08 15:00:00,Indian Wells Tennis Garden,Indian Wells Tennis Gardens | Player Dining,102,Burrito 2,Cook 2
2026-03-08,2026-03-08 08:00:00,2026-03-08 16:30:00,Indian Wells Tennis Garden,Indian Wells Tennis Gardens | Player Dining,102,Kitchen Cooks # 15,Cook 2
2026-03-08,2026-03-08 08:00:00,2026-03-08 15:00:00,Indian Wells Tennis Garden,Indian Wells Tennis Gardens | Player Dining,102,Garnish # 2,Cook 2
2026-03-08,2026-03-08 08:00:00,2026-03-08 15:00:00,Indian Wells Tennis Garden,Indian Wells Tennis Gardens | Player Dining,102,Bowls #1,Cook 2
2026-03-08,2026-03-08 08:00:00,2026-03-08 16:30:00,Indian Wells Tennis Garden,Indian Wells Tennis Gardens | Player Dining,102,Kitchen Cooks #  2,Cook 2
2026-03-08,2026-03-08 08:00:00,2026-03-08 15:00:00,Indian Wells Tennis Garden,Indian Wells Tennis Gardens | Player Dining,102,Tortilla # 1 ,Cook 2
2026-03-08,2026-03-08 08:00:00,2026-03-08 14:00:00,West Angeles Church of God in Christ Inc,West Angeles Church of God,115,,Server 2
2026-03-08,2026-03-08 08:30:00,2026-03-08 17:00:00,Indian Wells Tennis Garden,Indian Wells Tennis Gardens | Player Dining,104,Dishwasher,General
2026-03-08,2026-03-08 09:00:00,2026-03-08 17:30:00,Indian Wells Tennis Garden,Indian Wells Tennis Gardens | Player Dining,102,Kitchen Cooks #  8,Cook 2
2026-03-08,2026-03-08 09:00:00,2026-03-08 16:00:00,Indian Wells Tennis Garden,Indian Wells Tennis Gardens | Player Dining,101,Cashier # 2,Cashier
2026-03-08,2026-03-08 09:00:00,2026-03-08 17:30:00,Indian Wells Tennis Garden,Indian Wells Tennis Gardens | Player Dining,102,Kitchen Cooks #  19,Cook 2
2026-03-08,2026-03-08 09:00:00,2026-03-08 17:30:00,Indian Wells Tennis Garden,Indian Wells Tennis Gardens | Player Dining,102,Kitchen Cooks #  9,Cook 2
2026-03-08,2026-03-08 09:00:00,2026-03-08 17:30:00,Indian Wells Tennis Garden,Indian Wells Tennis Gardens | Player Dining,102,Kitchen Cooks # 10,Cook 2
2026-03-08,2026-03-08 09:00:00,2026-03-08 16:00:00,Indian Wells Tennis Garden,Indian Wells Tennis Gardens | Player Dining,101,Cashier #1 ,Cashier
2026-03-08,2026-03-08 09:00:00,2026-03-08 16:00:00,Indian Wells Tennis Garden,Indian Wells Tennis Gardens | Player Dining,101,,Cashier
2026-03-08,2026-03-08 09:00:00,2026-03-08 17:30:00,Indian Wells Tennis Garden,Indian Wells Tennis Gardens | Player Dining,102,Kitchen Cooks # 11,Cook 2
2026-03-08,2026-03-08 09:00:00,2026-03-08 16:00:00,Indian Wells Tennis Garden,Indian Wells Tennis Gardens | Player Dining,101,Cashier # 1,Cashier
2026-03-08,2026-03-08 09:00:00,2026-03-08 16:00:00,Indian Wells Tennis Garden,Indian Wells Tennis Gardens | Player Dining,98,Bar AM- Beer serving only,Bartender 2
2026-03-08,2026-03-08 09:00:00,2026-03-08 16:00:00,Indian Wells Tennis Garden,Indian Wells Tennis Gardens | Player Dining,101,Cashier # 1,Cashier
2026-03-08,2026-03-08 09:00:00,2026-03-08 16:00:00,Indian Wells Tennis Garden,Indian Wells Tennis Gardens | Player Dining,101,Cashier # 2,Cashier
2026-03-08,2026-03-08 09:00:00,2026-03-08 16:00:00,Indian Wells Tennis Garden,Indian Wells Tennis Gardens | Player Dining,102,Nacho ,Cook 2
2026-03-08,2026-03-08 09:00:00,2026-03-08 17:30:00,Indian Wells Tennis Garden,Indian Wells Tennis Gardens | Player Dining,102,Kitchen Cooks #  16,Cook 2
2026-03-08,2026-03-08 10:00:00,2026-03-08 17:30:00,Ebell of Los Angeles,Ebell Of Los Angeles - Sunday - FOH,115,Busser,Server 2
2026-03-08,2026-03-08 10:00:00,2026-03-08 18:30:00,Griffin Club Los Angeles,Griffin Club Los Angeles,102,,Cook 2
2026-03-08,2026-03-08 10:00:00,2026-03-08 18:30:00,Griffin Club Los Angeles,Griffin Club Los Angeles,102,sushi,Cook 2
2026-03-08,2026-03-08 10:00:00,2026-03-08 20:30:00,Griffin Club Los Angeles,Griffin Club Los Angeles,102,,Cook 2
2026-03-08,2026-03-08 10:00:00,2026-03-08 18:00:00,Indian Wells Tennis Garden,Indian Wells Tennis Gardens | Player Dining,101,FSA Attendant ,Cashier
2026-03-08,2026-03-08 10:00:00,2026-03-08 16:00:00,Indian Wells Tennis Garden,Indian Wells Tennis Gardens | Player Dining,101,Cashier #3,Cashier
2026-03-08,2026-03-08 10:00:00,2026-03-08 18:00:00,Indian Wells Tennis Garden,Indian Wells Tennis Gardens | Player Dining,102,EXPO MID,Cook 2
2026-03-08,2026-03-08 10:00:00,2026-03-08 16:00:00,Indian Wells Tennis Garden,Indian Wells Tennis Gardens | Player Dining,101,Cashier #4 ,Cashier
2026-03-08,2026-03-08 10:00:00,2026-03-08 18:30:00,Indian Wells Tennis Garden,Indian Wells Tennis Gardens | Player Dining,102,Kitchen Cooks #  5,Cook 2
2026-03-08,2026-03-08 10:00:00,2026-03-08 16:00:00,Indian Wells Tennis Garden,Indian Wells Tennis Gardens | Player Dining,101,Cashier # 4 ,Cashier
2026-03-08,2026-03-08 10:00:00,2026-03-08 18:00:00,Indian Wells Tennis Garden,Indian Wells Tennis Gardens | Player Dining,102,Fry AM ,Cook 2
2026-03-08,2026-03-08 10:00:00,2026-03-08 18:00:00,Indian Wells Tennis Garden,Indian Wells Tennis Gardens | Player Dining,101,Cashier ,Cashier
2026-03-08,2026-03-08 10:00:00,2026-03-08 18:00:00,Indian Wells Tennis Garden,Indian Wells Tennis Gardens | Player Dining,102,EXPO MID,Cook 2
2026-03-08,2026-03-08 10:00:00,2026-03-08 16:00:00,Indian Wells Tennis Garden,Indian Wells Tennis Gardens | Player Dining,101,Cashier # 3,Cashier
2026-03-08,2026-03-08 10:00:00,2026-03-08 16:30:00,VH Property Corp. dba Trump National Golf Club Los Angeles,Trump National Golf Course Los Angeles | Vista Grill,102,,Cook 2
2026-03-08,2026-03-08 11:00:00,2026-03-08 19:30:00,Crescent Heights Ten Thousand,Crescent Heights Ten Thousand - Butler Department,115,Butler/Porter,Server 2
2026-03-08,2026-03-08 11:00:00,2026-03-08 17:00:00,Griffin Club Los Angeles,Griffin Club Los Angeles,102,,Cook 2
2026-03-08,2026-03-08 11:00:00,2026-03-08 19:30:00,Henry Mayo Newhall Hospital,Henry Mayo Newhall Hospital,102,,Cook 2
2026-03-08,2026-03-08 11:00:00,2026-03-08 20:30:00,Indian Wells Tennis Garden,Indian Wells Tennis Gardens | Player Dining,102,Kitchen Cooks #  12,Cook 2
2026-03-08,2026-03-08 11:00:00,2026-03-08 20:30:00,Indian Wells Tennis Garden,Indian Wells Tennis Gardens | Player Dining,102,Kitchen Cooks # 4,Cook 2
2026-03-08,2026-03-08 11:00:00,2026-03-08 17:00:00,Indian Wells Tennis Garden,Indian Wells Tennis Gardens | Player Dining,101,Cashier # 2,Cashier
2026-03-08,2026-03-08 11:00:00,2026-03-08 17:00:00,Indian Wells Tennis Garden,Indian Wells Tennis Gardens | Player Dining,102,Bowls #2,Cook 2
2026-03-08,2026-03-08 11:00:00,2026-03-08 20:30:00,Indian Wells Tennis Garden,Indian Wells Tennis Gardens | Player Dining,102,Kitchen Cooks #  14,Cook 2
2026-03-08,2026-03-08 11:00:00,2026-03-08 20:30:00,Indian Wells Tennis Garden,Indian Wells Tennis Gardens | Player Dining,102,Kitchen Cooks # 21,Cook 2
2026-03-08,2026-03-08 11:00:00,2026-03-08 20:30:00,Indian Wells Tennis Garden,Indian Wells Tennis Gardens | Player Dining,102,Kitchen Cooks # 7,Cook 2
2026-03-08,2026-03-08 11:00:00,2026-03-08 15:30:00,SBLP Warner Center OPCO LLC - The Variel,The Variel of Woodland Hills,102,Omelett Station,Cook 2
2026-03-08,2026-03-08 11:30:00,2026-03-08 20:00:00,People Assisting the Homeless,People Assisting the Homeless - YWCA,110,,Prep Cook 2
2026-03-08,2026-03-08 11:30:00,2026-03-08 16:00:00,Sand Hill Kitchen,Sand Hill Kitchen | Quad Conference Center,285,,Server 1
2026-03-08,2026-03-08 12:00:00,2026-03-08 20:30:00,Childrens Hospital Los Angeles,Childrens Hospital Los Angeles,104,Food Service Worker,General
2026-03-08,2026-03-08 12:00:00,2026-03-08 20:00:00,Indian Wells Tennis Garden,Indian Wells Tennis Gardens | Player Dining,101,Grab and Go,Cashier
2026-03-08,2026-03-08 12:00:00,2026-03-08 20:00:00,Indian Wells Tennis Garden,Indian Wells Tennis Gardens | Player Dining,101,Cashier ,Cashier
2026-03-08,2026-03-08 12:00:00,2026-03-08 20:30:00,PIH Health - Whittier Hospital,PIH Health - Whittier Hospital,110,,Prep Cook 2
2026-03-08,2026-03-08 12:00:00,2026-03-08 20:30:00,Walnut Village,Walnut Village,105,,Dishwasher
2026-03-08,2026-03-08 12:30:00,2026-03-08 20:30:00,Indian Wells Tennis Garden,Indian Wells Tennis Gardens | Player Dining,101,FSA Attendant,Cashier
2026-03-08,2026-03-08 13:00:00,2026-03-08 18:30:00,Ebell of Los Angeles,Ebell Of Los Angeles - Sunday - FOH,115,Busser,Server 2
2026-03-08,2026-03-08 13:00:00,2026-03-08 17:30:00,Ebell of Los Angeles,Ebell Of Los Angeles - Sunday - FOH,104,COAT CHECK,General
2026-03-08,2026-03-08 13:00:00,2026-03-08 21:30:00,Griffin Club Los Angeles,Griffin Club Los Angeles,105,,Dishwasher
2026-03-08,2026-03-08 13:00:00,2026-03-08 21:30:00,Shady Canyon Golf Club,Shady Canyon Golf Club,102,,Cook 2
2026-03-08,2026-03-08 13:00:00,2026-03-08 17:00:00,Woodbury University,Woody's Cafe,98,,Bartender 2
2026-03-08,2026-03-08 14:00:00,2026-03-08 22:00:00,Hotel Bel Air,Hotel Bel Air - Swan Cafe,102,,Cook 2
2026-03-08,2026-03-08 14:00:00,2026-03-08 22:30:00,Indian Wells Tennis Garden,Indian Wells Tennis Gardens | Player Dining,104,Dishwasher,General
2026-03-08,2026-03-08 14:00:00,2026-03-08 21:00:00,Indian Wells Tennis Garden,Indian Wells Tennis Gardens | Player Dining,102,Tortilla #1 ,Cook 2
2026-03-08,2026-03-08 14:00:00,2026-03-08 21:00:00,Indian Wells Tennis Garden,Indian Wells Tennis Gardens | Player Dining,102,Burrito 3,Cook 2
2026-03-08,2026-03-08 14:00:00,2026-03-08 21:00:00,Indian Wells Tennis Garden,Indian Wells Tennis Gardens | Player Dining,102,Garnish #1 ,Cook 2
2026-03-08,2026-03-08 14:00:00,2026-03-08 21:00:00,Indian Wells Tennis Garden,Indian Wells Tennis Gardens | Player Dining,102,Garnish # 2 ,Cook 2
2026-03-08,2026-03-08 14:00:00,2026-03-08 21:00:00,Indian Wells Tennis Garden,Indian Wells Tennis Gardens | Player Dining,102,Plancha # 2,Cook 2
2026-03-08,2026-03-08 14:00:00,2026-03-08 21:00:00,Indian Wells Tennis Garden,Indian Wells Tennis Gardens | Player Dining,102,Burrito 1,Cook 2
2026-03-08,2026-03-08 14:00:00,2026-03-08 21:00:00,Indian Wells Tennis Garden,Indian Wells Tennis Gardens | Player Dining,102,Tortilla # 2,Cook 2
2026-03-08,2026-03-08 14:00:00,2026-03-08 21:00:00,Indian Wells Tennis Garden,Indian Wells Tennis Gardens | Player Dining,102,Bowls #1 ,Cook 2
2026-03-08,2026-03-08 14:00:00,2026-03-08 21:00:00,Indian Wells Tennis Garden,Indian Wells Tennis Gardens | Player Dining,102,Plancha #1 ,Cook 2
2026-03-08,2026-03-08 14:00:00,2026-03-08 21:00:00,Indian Wells Tennis Garden,Indian Wells Tennis Gardens | Player Dining,102,Burrito 2,Cook 2
2026-03-08,2026-03-08 14:00:00,2026-03-08 22:30:00,Martin Luther King Jr Hospital,Martin Luther King Jr. Hospital | BOH,102,,Cook 2
2026-03-08,2026-03-08 14:00:00,2026-03-08 22:30:00,SBLP Warner Center OPCO LLC - The Variel,The Variel of Woodland Hills,105,,Dishwasher
2026-03-08,2026-03-08 14:30:00,2026-03-08 22:30:00,Viceroy Santa Monica Hotel,Viceroy Santa Monica Hotel,264,,Event Supervisor
2026-03-08,2026-03-08 15:00:00,2026-03-08 23:30:00,Commerce Casino,Commerce Casino - Employee Dining Room,102,,Cook 2
2026-03-08,2026-03-08 15:00:00,2026-03-08 22:30:00,Griffin Club Los Angeles,Griffin Club Los Angeles,105,,Dishwasher
2026-03-08,2026-03-08 15:00:00,2026-03-08 22:00:00,Indian Wells Tennis Garden,Indian Wells Tennis Gardens | Player Dining,101,Cashier #3 ,Cashier
2026-03-08,2026-03-08 15:00:00,2026-03-08 22:00:00,Indian Wells Tennis Garden,Indian Wells Tennis Gardens | Player Dining,98,Bar PM- Beer pouring/ serving only ,Bartender 2
2026-03-08,2026-03-08 15:00:00,2026-03-08 22:00:00,Indian Wells Tennis Garden,Indian Wells Tennis Gardens | Player Dining,101,Cashier #3 ,Cashier
2026-03-08,2026-03-08 15:00:00,2026-03-08 22:00:00,Indian Wells Tennis Garden,Indian Wells Tennis Gardens | Player Dining,102,Nacho ,Cook 2
2026-03-08,2026-03-08 15:00:00,2026-03-08 22:00:00,Indian Wells Tennis Garden,Indian Wells Tennis Gardens | Player Dining,101,Cashier # 1 ,Cashier
2026-03-08,2026-03-08 15:00:00,2026-03-08 22:00:00,Indian Wells Tennis Garden,Indian Wells Tennis Gardens | Player Dining,101,Cashier # 1,Cashier
2026-03-08,2026-03-08 15:00:00,2026-03-08 22:00:00,Indian Wells Tennis Garden,Indian Wells Tennis Gardens | Player Dining,101,Cashier # 1,Cashier
2026-03-08,2026-03-08 15:00:00,2026-03-08 22:00:00,Indian Wells Tennis Garden,Indian Wells Tennis Gardens | Player Dining,101,Cashier #4 ,Cashier
2026-03-08,2026-03-08 15:00:00,2026-03-08 22:00:00,Indian Wells Tennis Garden,Indian Wells Tennis Gardens | Player Dining,101,Cashier #2,Cashier
2026-03-08,2026-03-08 15:00:00,2026-03-08 22:00:00,Indian Wells Tennis Garden,Indian Wells Tennis Gardens | Player Dining,101,Cashier #2,Cashier
2026-03-08,2026-03-08 15:00:00,2026-03-08 22:00:00,Indian Wells Tennis Garden,Indian Wells Tennis Gardens | Player Dining,101,Cashier # 4,Cashier
2026-03-08,2026-03-08 15:30:00,2026-03-08 20:30:00,Garibaldina Society ,Garibaldina Society,264,,Event Supervisor
2026-03-08,2026-03-08 15:30:00,2026-03-08 22:30:00,Indian Wells Tennis Garden,Indian Wells Tennis Gardens | Player Dining,101,,Cashier
2026-03-08,2026-03-08 15:30:00,2026-03-08 22:30:00,Malibu Beach Inn,Malibu Beach Inn - BOH,105,,Dishwasher
2026-03-08,2026-03-08 15:30:00,2026-03-09 00:00:00,VH Property Corp. dba Trump National Golf Club Los Angeles,Trump National Golf Course Los Angeles | BOH,102,,Cook 2
2026-03-08,2026-03-08 15:45:00,2026-03-08 20:30:00,Garibaldina Society ,Garibaldina Society,105,,Dishwasher
2026-03-08,2026-03-08 15:45:00,2026-03-08 20:30:00,Garibaldina Society ,Garibaldina Society,115,,Server 2
2026-03-08,2026-03-08 16:00:00,2026-03-08 23:00:00,Canyon Palm Springs Hotel dba Thompson Palm Springs,Thompson Palm Springs |  FOH,99,,Busser
2026-03-08,2026-03-08 16:00:00,2026-03-08 22:00:00,Griffin Club Los Angeles,Griffin Club Los Angeles,105,,Dishwasher
2026-03-08,2026-03-08 16:30:00,2026-03-08 23:00:00,Crescent Heights Ten Thousand,Crescent Heights Ten Thousand - Bartending,98,,Bartender 2
2026-03-08,2026-03-08 17:00:00,2026-03-08 22:30:00,Ebell of Los Angeles,Ebell of Los Angeles - Back of House,102,,Cook 2
2026-03-08,2026-03-08 17:30:00,2026-03-08 22:30:00,Ebell of Los Angeles,Ebell Of Los Angeles - Sunday - FOH,115,Busser,Server 2
2026-03-08,2026-03-08 17:30:00,2026-03-08 22:30:00,Ebell of Los Angeles,Ebell Of Los Angeles - Sunday - FOH,115,Busser,Server 2
2026-03-08,2026-03-08 18:00:00,2026-03-09 00:00:00,Ebell of Los Angeles,Ebell of Los Angeles - Back of House,105,,Dishwasher
2026-03-08,2026-03-08 22:00:00,2026-03-09 06:30:00,Commerce Casino,Commerce Casino - Employee Dining Room,102,Overnight Shift,Cook 2
2026-03-09,2026-03-09 05:00:00,2026-03-09 11:00:00,Google Spruce Goose Offices,Google Spruce Goose - Catering Operations,102,,Cook 2
2026-03-09,2026-03-09 05:00:00,2026-03-09 13:30:00,Google Spruce Goose Offices,Google Spruce Goose - Catering Operations,102,,Cook 2
2026-03-09,2026-03-09 05:00:00,2026-03-09 13:30:00,PIH Health - Good Samaritan Hospital,PIH Health - Good Samaritan Hospital,290,,Cook 3
2026-03-09,2026-03-09 05:00:00,2026-03-09 13:30:00,PIH Health - Whittier Hospital,PIH Health - Whittier Hospital,102,,Cook 2
2026-03-09,2026-03-09 05:00:00,2026-03-09 13:30:00,PIH Health - Whittier Hospital,PIH Health - Whittier Hospital,110,,Prep Cook 2
2026-03-09,2026-03-09 05:30:00,2026-03-09 11:00:00,Empowered 4 Life Foundation,@ Empowered 4 Life Foundation,110,,Prep Cook 2
2026-03-09,2026-03-09 05:30:00,2026-03-09 14:00:00,Henry Mayo Newhall Hospital,Henry Mayo Newhall Hospital,102,,Cook 2
2026-03-09,2026-03-09 05:30:00,2026-03-09 14:00:00,Teledyne,Teledyne,102,,Cook 2
2026-03-09,2026-03-09 06:00:00,2026-03-09 14:30:00,Amgen Thousand Oaks,Amgen Thousand Oaks - Terrace Cafe,102,,Cook 2
2026-03-09,2026-03-09 06:00:00,2026-03-09 13:30:00,Beverly Hills Unified School District,BHUSD - Beverly Hills High School,110,,Prep Cook 2
2026-03-09,2026-03-09 06:00:00,2026-03-09 14:30:00,Beverly Hills Unified School District,BHUSD - Beverly Hills High School,104,receiver,General
2026-03-09,2026-03-09 06:00:00,2026-03-09 13:30:00,Beverly Hills Unified School District,BHUSD - Beverly Hills High School,102,,Cook 2
2026-03-09,2026-03-09 06:00:00,2026-03-09 14:30:00,California Endowment ,California Endowment,102,,Cook 2
2026-03-09,2026-03-09 06:00:00,2026-03-09 14:30:00,Capital Group - Irvine,Capital Group - Irvine | FOH,101,,Cashier
2026-03-09,2026-03-09 06:00:00,2026-03-09 14:30:00,City National Bank,City National Bank - Blue Ladder Cafe,102,,Cook 2
2026-03-09,2026-03-09 06:00:00,2026-03-09 12:00:00,Crescent Heights Ten Thousand,Crescent Heights Ten Thousand - Buffet,115,,Server 2
2026-03-09,2026-03-09 06:00:00,2026-03-09 14:30:00,Edwards Lifesciences,Edwards Lifesciences FOH Bldg. C,101,,Cashier
2026-03-09,2026-03-09 06:00:00,2026-03-09 14:30:00,Edwards Lifesciences,Edwards Lifesciences FOH Bldg. C,101,,Cashier
2026-03-09,2026-03-09 06:00:00,2026-03-09 14:30:00,Edwards Lifesciences,Edwards Lifesciences FOH Bldg. C,97,,Barista 2
2026-03-09,2026-03-09 06:00:00,2026-03-09 15:00:00,"Fox Studio Lot, LLC",Fox Studio - News Cafe BoH,102,,Cook 2
2026-03-09,2026-03-09 06:00:00,2026-03-09 14:30:00,"Fox Studio Lot, LLC",Fox Studio - Commissary,102,,Cook 2
2026-03-09,2026-03-09 06:00:00,2026-03-09 16:00:00,Indian Wells Tennis Garden,Indian Wells Tennis Gardens | Player Dining,264,,Event Supervisor
2026-03-09,2026-03-09 06:00:00,2026-03-09 14:30:00,Martin Luther King Jr Hospital,Martin Luther King Jr. Hospital | BOH,102,,Cook 2
2026-03-09,2026-03-09 06:00:00,2026-03-09 14:30:00,Park Place Plaza,Park Place Plaza,110,,Prep Cook 2
2026-03-09,2026-03-09 06:00:00,2026-03-09 12:00:00,SBLP Warner Center OPCO LLC - The Variel,The Variel of Woodland Hills,102,,Cook 2
2026-03-09,2026-03-09 06:00:00,2026-03-09 14:30:00,The Getty Center,The Getty Center - Catering,102,,Cook 2
2026-03-09,2026-03-09 06:00:00,2026-03-09 14:30:00,USC Verdugo Hills Hospital,USC Verdugo Hills Hospital,102,,Cook 2
2026-03-09,2026-03-09 06:00:00,2026-03-09 14:30:00,VEA Hotel - Newport Beach,VEA Hotel - Newport Beach | Cooks,102,,Cook 2
2026-03-09,2026-03-09 06:30:00,2026-03-09 14:30:00,Amgen Thousand Oaks,Amgen Thousand Oaks - Bistro Cafe,102,,Cook 2
2026-03-09,2026-03-09 06:30:00,2026-03-09 15:00:00,Park Place Plaza,Park Place Plaza,115,with Barista Duties,Server 2
2026-03-09,2026-03-09 07:00:00,2026-03-09 15:30:00,Beverly Hills Hotel,Beverly Hills Hotel - Main Kitchen,102,,Cook 2
2026-03-09,2026-03-09 07:00:00,2026-03-09 14:00:00,Beverly Hills Unified School District,BHUSD - Horace Mann Elementary School,104,,General
2026-03-09,2026-03-09 07:00:00,2026-03-09 14:00:00,Beverly Hills Unified School District,BHUSD- El Rodeo Elementary,104,,General
2026-03-09,2026-03-09 07:00:00,2026-03-09 14:00:00,Beverly Hills Unified School District,BHUSD - Beverly Hills High School,105,,Dishwasher
2026-03-09,2026-03-09 07:00:00,2026-03-09 13:00:00,Cedars Sinai Medical Center,Cedars Sinai Medical Center - Catering Dept.,115,,Server 2
2026-03-09,2026-03-09 07:00:00,2026-03-09 15:30:00,Crescent Heights Ten Thousand,Crescent Heights Ten Thousand - Butler Department,115,Butler/Porter,Server 2
2026-03-09,2026-03-09 07:00:00,2026-03-09 15:00:00,Indian Wells Tennis Garden,Indian Wells Tennis Gardens | Player Dining,101,Cashier,Cashier
2026-03-09,2026-03-09 07:00:00,2026-03-09 15:00:00,Indian Wells Tennis Garden,Indian Wells Tennis Gardens | Player Dining,101,Grab and go ,Cashier
2026-03-09,2026-03-09 07:00:00,2026-03-09 15:00:00,Indian Wells Tennis Garden,Indian Wells Tennis Gardens | Player Dining,101,FSA Attendant,Cashier
2026-03-09,2026-03-09 07:00:00,2026-03-09 15:30:00,Indian Wells Tennis Garden,Indian Wells Tennis Gardens | Player Dining,102,Kitchen Cooks # 1,Cook 2
2026-03-09,2026-03-09 07:00:00,2026-03-09 15:30:00,Martin Luther King Jr Hospital,Martin Luther King Jr. Hospital | BOH,102,,Cook 2
2026-03-09,2026-03-09 07:00:00,2026-03-09 15:30:00,NBC Universal,NBC Universal Studios | The Market Place,102,Sushi,Cook 2
2026-03-09,2026-03-09 07:00:00,2026-03-09 15:30:00,"Platinum Equity, LLC",Platinum Equity LLC,102,,Cook 2
2026-03-09,2026-03-09 07:00:00,2026-03-09 15:30:00,Sand Hill Kitchen,Sand Hill Kitchen | Quad Conference Center,105,,Dishwasher
2026-03-09,2026-03-09 07:00:00,2026-03-09 15:30:00,The Getty Villa,The Getty Villa BOH,102,Must Work Multiple Days,Cook 2
2026-03-09,2026-03-09 07:00:00,2026-03-09 15:30:00,Union Station Homeless Services,Union Station Homeless Services - Adult Center,102,,Cook 2
2026-03-09,2026-03-09 07:00:00,2026-03-09 14:30:00,Wolfgang Puck Catering,Wolfgang Puck Catering - Hollywood & Highland,102,OSCAR's PREP,Cook 2
2026-03-09,2026-03-09 07:00:00,2026-03-09 14:30:00,Wolfgang Puck Catering,Wolfgang Puck Catering - Hollywood & Highland,102,OSCAR's PREP,Cook 2
2026-03-09,2026-03-09 07:30:00,2026-03-09 15:30:00,Amgen Thousand Oaks,Amgen Thousand Oaks - Bistro Cafe,105,,Dishwasher
2026-03-09,2026-03-09 08:00:00,2026-03-09 13:30:00,Beverly Hills Unified School District,BHUSD - Beverly Vista Middle School,104,,General
2026-03-09,2026-03-09 08:00:00,2026-03-09 15:00:00,Indian Wells Tennis Garden,Indian Wells Tennis Gardens | Player Dining,102,Garnish #1 ,Cook 2
2026-03-09,2026-03-09 08:00:00,2026-03-09 15:00:00,Indian Wells Tennis Garden,Indian Wells Tennis Gardens | Player Dining,102,Garnish # 2,Cook 2
2026-03-09,2026-03-09 08:00:00,2026-03-09 15:00:00,Indian Wells Tennis Garden,Indian Wells Tennis Gardens | Player Dining,102,Burrito 1,Cook 2
2026-03-09,2026-03-09 08:00:00,2026-03-09 15:00:00,Indian Wells Tennis Garden,Indian Wells Tennis Gardens | Player Dining,102,Bowls #1,Cook 2
2026-03-09,2026-03-09 08:00:00,2026-03-09 15:00:00,Indian Wells Tennis Garden,Indian Wells Tennis Gardens | Player Dining,102,Tortilla # 1 ,Cook 2
2026-03-09,2026-03-09 08:00:00,2026-03-09 16:30:00,Indian Wells Tennis Garden,Indian Wells Tennis Gardens | Player Dining,102,Kitchen Cooks # 2,Cook 2
2026-03-09,2026-03-09 08:00:00,2026-03-09 15:00:00,Indian Wells Tennis Garden,Indian Wells Tennis Gardens | Player Dining,102,Plancha # 2,Cook 2
2026-03-09,2026-03-09 08:00:00,2026-03-09 15:00:00,Indian Wells Tennis Garden,Indian Wells Tennis Gardens | Player Dining,102,Burrito 3,Cook 2
2026-03-09,2026-03-09 08:00:00,2026-03-09 16:30:00,Indian Wells Tennis Garden,Indian Wells Tennis Gardens | Player Dining,102,Kitchen Cooks #  17,Cook 2
2026-03-09,2026-03-09 08:00:00,2026-03-09 16:00:00,Indian Wells Tennis Garden,Indian Wells Tennis Gardens | Player Dining,102,Prep,Cook 2
2026-03-09,2026-03-09 08:00:00,2026-03-09 15:00:00,Indian Wells Tennis Garden,Indian Wells Tennis Gardens | Player Dining,102,Plancha # 1 ,Cook 2
2026-03-09,2026-03-09 08:00:00,2026-03-09 16:30:00,Indian Wells Tennis Garden,Indian Wells Tennis Gardens | Player Dining,102,Kitchen Cooks # 9,Cook 2
2026-03-09,2026-03-09 08:00:00,2026-03-09 15:00:00,Indian Wells Tennis Garden,Indian Wells Tennis Gardens | Player Dining,102,Tortilla #2 ,Cook 2
2026-03-09,2026-03-09 08:00:00,2026-03-09 15:00:00,Indian Wells Tennis Garden,Indian Wells Tennis Gardens | Player Dining,102,Burrito 2,Cook 2
2026-03-09,2026-03-09 08:00:00,2026-03-09 13:00:00,New West Charter School,New West Charter School - W. PICO Location,115,,Server 2
2026-03-09,2026-03-09 08:00:00,2026-03-09 16:00:00,SBLP Warner Center OPCO LLC - The Variel,The Variel of Woodland Hills,105,,Dishwasher
2026-03-09,2026-03-09 08:00:00,2026-03-09 16:00:00,The Thermal Club,@ The Thermal Club,102,,Cook 2
2026-03-09,2026-03-09 08:00:00,2026-03-09 16:00:00,The Thermal Club,@ The Thermal Club,102,,Cook 2
2026-03-09,2026-03-09 08:00:00,2026-03-09 16:00:00,The Thermal Club,@ The Thermal Club,105,,Dishwasher
2026-03-09,2026-03-09 08:00:00,2026-03-09 16:00:00,The Thermal Club,@ The Thermal Club,104,Dishwasher,General
2026-03-09,2026-03-09 08:00:00,2026-03-09 16:30:00,The Wonderful Company,The Wonderful Company,97,,Barista 2
2026-03-09,2026-03-09 08:30:00,2026-03-09 16:30:00,"Platinum Equity, LLC",Platinum Equity LLC,102,,Cook 2
2026-03-09,2026-03-09 09:00:00,2026-03-09 16:00:00,Indian Wells Tennis Garden,Indian Wells Tennis Gardens | Player Dining,101,Cashier # 2,Cashier
2026-03-09,2026-03-09 09:00:00,2026-03-09 16:00:00,Indian Wells Tennis Garden,Indian Wells Tennis Gardens | Player Dining,101,Cashier # 1,Cashier
2026-03-09,2026-03-09 09:00:00,2026-03-09 16:00:00,Indian Wells Tennis Garden,Indian Wells Tennis Gardens | Player Dining,102,Nacho ,Cook 2
2026-03-09,2026-03-09 09:00:00,2026-03-09 17:30:00,Indian Wells Tennis Garden,Indian Wells Tennis Gardens | Player Dining,102,Kitchen Cooks # 21,Cook 2
2026-03-09,2026-03-09 09:00:00,2026-03-09 17:30:00,Indian Wells Tennis Garden,Indian Wells Tennis Gardens | Player Dining,102,Kitchen Cooks # 10,Cook 2
2026-03-09,2026-03-09 09:00:00,2026-03-09 16:00:00,Indian Wells Tennis Garden,Indian Wells Tennis Gardens | Player Dining,101,Cashier # 2,Cashier
2026-03-09,2026-03-09 09:00:00,2026-03-09 17:30:00,Indian Wells Tennis Garden,Indian Wells Tennis Gardens | Player Dining,102,,Cook 2
2026-03-09,2026-03-09 09:00:00,2026-03-09 17:30:00,Indian Wells Tennis Garden,Indian Wells Tennis Gardens | Player Dining,102,Kitchen Cooks # 8,Cook 2
2026-03-09,2026-03-09 09:00:00,2026-03-09 16:00:00,Indian Wells Tennis Garden,Indian Wells Tennis Gardens | Player Dining,101,,Cashier
2026-03-09,2026-03-09 09:00:00,2026-03-09 16:00:00,Indian Wells Tennis Garden,Indian Wells Tennis Gardens | Player Dining,101,Cashier #1 ,Cashier
2026-03-09,2026-03-09 09:00:00,2026-03-09 16:00:00,Indian Wells Tennis Garden,Indian Wells Tennis Gardens | Player Dining,98,Bar AM,Bartender 2
2026-03-09,2026-03-09 09:00:00,2026-03-09 17:30:00,Indian Wells Tennis Garden,Indian Wells Tennis Gardens | Player Dining,102,Kitchen Cooks # 13,Cook 2
2026-03-09,2026-03-09 09:00:00,2026-03-09 16:00:00,Indian Wells Tennis Garden,Indian Wells Tennis Gardens | Player Dining,101,Cashier # 1,Cashier
2026-03-09,2026-03-09 09:00:00,2026-03-09 17:30:00,Indian Wells Tennis Garden,Indian Wells Tennis Gardens | Player Dining,102,Kitchen Cooks # 9,Cook 2
2026-03-09,2026-03-09 09:00:00,2026-03-09 17:30:00,"Platinum Equity, LLC",Platinum Equity LLC,105,,Dishwasher
2026-03-09,2026-03-09 09:00:00,2026-03-09 17:30:00,"Platinum Equity, LLC",Platinum Equity LLC,102,,Cook 2
2026-03-09,2026-03-09 09:30:00,2026-03-09 15:30:00,Google Spruce Goose Offices,Google Spruce Goose - Cafe,104,,General
2026-03-09,2026-03-09 09:30:00,2026-03-09 14:30:00,Universal Music Group,Universal Music Group,110,,Prep Cook 2
2026-03-09,2026-03-09 10:00:00,2026-03-09 18:30:00,Childrens Hospital Los Angeles,Childrens Hospital Los Angeles,105,,Dishwasher
2026-03-09,2026-03-09 10:00:00,2026-03-09 18:30:00,Four Seasons Hotel Westlake Village,Four Seasons Hotel Westlake Village ,102,pastry experience preferred,Cook 2
2026-03-09,2026-03-09 10:00:00,2026-03-09 18:30:00,Griffin Club Los Angeles,Griffin Club Los Angeles,102,Sushi Cook,Cook 2
2026-03-09,2026-03-09 10:00:00,2026-03-09 18:30:00,Griffin Club Los Angeles,Griffin Club Los Angeles,102,,Cook 2
2026-03-09,2026-03-09 10:00:00,2026-03-09 18:00:00,Indian Wells Tennis Garden,Indian Wells Tennis Gardens | Player Dining,101,FSA Attendant,Cashier
2026-03-09,2026-03-09 10:00:00,2026-03-09 18:00:00,Indian Wells Tennis Garden,Indian Wells Tennis Gardens | Player Dining,102,Fry AM ,Cook 2
2026-03-09,2026-03-09 10:00:00,2026-03-09 16:00:00,Indian Wells Tennis Garden,Indian Wells Tennis Gardens | Player Dining,101,Cashier #3 ,Cashier
2026-03-09,2026-03-09 10:00:00,2026-03-09 16:00:00,Indian Wells Tennis Garden,Indian Wells Tennis Gardens | Player Dining,101,Cashier #3,Cashier
2026-03-09,2026-03-09 10:00:00,2026-03-09 18:00:00,Indian Wells Tennis Garden,Indian Wells Tennis Gardens | Player Dining,102,EXPO MID,Cook 2
2026-03-09,2026-03-09 10:00:00,2026-03-09 18:00:00,Indian Wells Tennis Garden,Indian Wells Tennis Gardens | Player Dining,101,Cashier,Cashier
2026-03-09,2026-03-09 10:00:00,2026-03-09 18:30:00,Malibu Beach Inn,Malibu Beach Inn - BOH,105,,Dishwasher
2026-03-09,2026-03-09 10:00:00,2026-03-09 15:00:00,Universal Music Group,Universal Music Group,105,,Dishwasher
2026-03-09,2026-03-09 10:00:00,2026-03-09 18:30:00,USC Verdugo Hills Hospital,USC Verdugo Hills Hospital,102,,Cook 2
2026-03-09,2026-03-09 11:00:00,2026-03-09 20:30:00,Indian Wells Tennis Garden,Indian Wells Tennis Gardens | Player Dining,102,Kitchen Cooks #  15,Cook 2
2026-03-09,2026-03-09 11:00:00,2026-03-09 20:30:00,Indian Wells Tennis Garden,Indian Wells Tennis Gardens | Player Dining,102,Kitchen Cooks # 4,Cook 2
2026-03-09,2026-03-09 11:00:00,2026-03-09 20:30:00,Indian Wells Tennis Garden,Indian Wells Tennis Gardens | Player Dining,102,Kitchen Cooks #  16,Cook 2
2026-03-09,2026-03-09 11:00:00,2026-03-09 20:30:00,Indian Wells Tennis Garden,Indian Wells Tennis Gardens | Player Dining,102,Kitchen Cooks #  6,Cook 2
2026-03-09,2026-03-09 11:00:00,2026-03-09 20:30:00,Indian Wells Tennis Garden,Indian Wells Tennis Gardens | Player Dining,102,Kitchen Cooks # 20,Cook 2
2026-03-09,2026-03-09 11:30:00,2026-03-09 20:00:00,People Assisting the Homeless,People Assisting the Homeless - YWCA,110,,Prep Cook 2
2026-03-09,2026-03-09 12:00:00,2026-03-09 20:00:00,Academy Museum of Motion Pictures,Academy Museum of Motion Pictures - Fanny's Restaurant,105,,Dishwasher
2026-03-09,2026-03-09 12:00:00,2026-03-09 20:30:00,Childrens Hospital Los Angeles,Childrens Hospital Los Angeles,104,Food Service Worker,General
2026-03-09,2026-03-09 12:00:00,2026-03-09 22:30:00,Indian Wells Tennis Garden,Indian Wells Tennis Gardens | Player Dining,101,Cashier,Cashier
2026-03-09,2026-03-09 12:00:00,2026-03-09 20:00:00,Indian Wells Tennis Garden,Indian Wells Tennis Gardens | Player Dining,101,Cashier ,Cashier
2026-03-09,2026-03-09 12:00:00,2026-03-09 20:00:00,Indian Wells Tennis Garden,Indian Wells Tennis Gardens | Player Dining,101,FSA Attendant,Cashier
2026-03-09,2026-03-09 12:00:00,2026-03-09 20:00:00,Indian Wells Tennis Garden,Indian Wells Tennis Gardens | Player Dining,101,Grab and Go ,Cashier
2026-03-09,2026-03-09 12:00:00,2026-03-09 20:00:00,People Assisting the Homeless,People Assisting the Homeless - YWCA,110,,Prep Cook 2
2026-03-09,2026-03-09 12:00:00,2026-03-09 20:30:00,PIH Health - Whittier Hospital,PIH Health - Whittier Hospital,110,,Prep Cook 2
2026-03-09,2026-03-09 12:00:00,2026-03-09 20:30:00,Walnut Village,Walnut Village,105,,Dishwasher
2026-03-09,2026-03-09 12:30:00,2026-03-09 21:30:00,Griffin Club Los Angeles,Griffin Club Los Angeles,105,,Dishwasher
2026-03-09,2026-03-09 13:00:00,2026-03-09 21:00:00,Renaissance LA Airport Hotel,Renaissance LA Airport Hotel (Kitchen),104,Dishwasher,General
2026-03-09,2026-03-09 14:00:00,2026-03-09 21:00:00,Indian Wells Tennis Garden,Indian Wells Tennis Gardens | Player Dining,102,Plancha #1 ,Cook 2
2026-03-09,2026-03-09 14:00:00,2026-03-09 21:00:00,Indian Wells Tennis Garden,Indian Wells Tennis Gardens | Player Dining,102,Bowls #1,Cook 2
2026-03-09,2026-03-09 14:00:00,2026-03-09 21:00:00,Indian Wells Tennis Garden,Indian Wells Tennis Gardens | Player Dining,102,Burrito 2,Cook 2
2026-03-09,2026-03-09 14:00:00,2026-03-09 21:00:00,Indian Wells Tennis Garden,Indian Wells Tennis Gardens | Player Dining,102,Tortilla #1 ,Cook 2
2026-03-09,2026-03-09 14:00:00,2026-03-09 21:00:00,Indian Wells Tennis Garden,Indian Wells Tennis Gardens | Player Dining,102,Burrito 3,Cook 2
2026-03-09,2026-03-09 14:00:00,2026-03-09 21:00:00,Indian Wells Tennis Garden,Indian Wells Tennis Gardens | Player Dining,102,Garnish #1 ,Cook 2
2026-03-09,2026-03-09 14:00:00,2026-03-09 21:00:00,Indian Wells Tennis Garden,Indian Wells Tennis Gardens | Player Dining,102,Garnish # 2 ,Cook 2
2026-03-09,2026-03-09 14:00:00,2026-03-09 21:00:00,Indian Wells Tennis Garden,Indian Wells Tennis Gardens | Player Dining,102,Plancha # 2,Cook 2
2026-03-09,2026-03-09 14:00:00,2026-03-09 21:00:00,Indian Wells Tennis Garden,Indian Wells Tennis Gardens | Player Dining,102,Burrito 1,Cook 2
2026-03-09,2026-03-09 14:00:00,2026-03-09 21:00:00,Indian Wells Tennis Garden,Indian Wells Tennis Gardens | Player Dining,102,Tortilla # 2,Cook 2
2026-03-09,2026-03-09 14:00:00,2026-03-09 22:30:00,Martin Luther King Jr Hospital,Martin Luther King Jr. Hospital | BOH,102,,Cook 2
2026-03-09,2026-03-09 14:00:00,2026-03-09 20:30:00,SBLP Warner Center OPCO LLC - The Variel,The Variel of Woodland Hills,102,,Cook 2
2026-03-09,2026-03-09 14:00:00,2026-03-09 22:30:00,SBLP Warner Center OPCO LLC - The Variel,The Variel of Woodland Hills,105,,Dishwasher
2026-03-09,2026-03-09 14:30:00,2026-03-09 22:30:00,Viceroy Santa Monica Hotel,Viceroy Santa Monica Hotel,264,,Event Supervisor
2026-03-09,2026-03-09 15:00:00,2026-03-09 22:00:00,Indian Wells Tennis Garden,Indian Wells Tennis Gardens | Player Dining,98,Bar PM,Bartender 2
2026-03-09,2026-03-09 15:00:00,2026-03-09 22:00:00,Indian Wells Tennis Garden,Indian Wells Tennis Gardens | Player Dining,101,Cashier #1,Cashier
2026-03-09,2026-03-09 15:00:00,2026-03-09 22:00:00,Indian Wells Tennis Garden,Indian Wells Tennis Gardens | Player Dining,101,Cashier #3 ,Cashier
2026-03-09,2026-03-09 15:00:00,2026-03-09 22:00:00,Indian Wells Tennis Garden,Indian Wells Tennis Gardens | Player Dining,101,Cashier # 3,Cashier
2026-03-09,2026-03-09 15:00:00,2026-03-09 22:00:00,Indian Wells Tennis Garden,Indian Wells Tennis Gardens | Player Dining,102,Nacho ,Cook 2
2026-03-09,2026-03-09 15:00:00,2026-03-09 22:00:00,Indian Wells Tennis Garden,Indian Wells Tennis Gardens | Player Dining,101,Cashier # 1,Cashier
2026-03-09,2026-03-09 15:00:00,2026-03-09 22:00:00,Indian Wells Tennis Garden,Indian Wells Tennis Gardens | Player Dining,101,Cashier # 1 ,Cashier
2026-03-09,2026-03-09 15:00:00,2026-03-09 22:00:00,Indian Wells Tennis Garden,Indian Wells Tennis Gardens | Player Dining,101,Cashier #2,Cashier
2026-03-09,2026-03-09 15:00:00,2026-03-09 22:00:00,Indian Wells Tennis Garden,Indian Wells Tennis Gardens | Player Dining,101,Cashier #2,Cashier
2026-03-09,2026-03-09 15:30:00,2026-03-09 22:30:00,Indian Wells Tennis Garden,Indian Wells Tennis Gardens | Player Dining,101,,Cashier
2026-03-09,2026-03-09 16:00:00,2026-03-09 23:00:00,Canyon Palm Springs Hotel dba Thompson Palm Springs,Thompson Palm Springs |  FOH,99,,Busser
2026-03-09,2026-03-09 16:00:00,2026-03-09 22:00:00,Griffin Club Los Angeles,Griffin Club Los Angeles,105,,Dishwasher
2026-03-09,2026-03-09 16:00:00,2026-03-09 22:00:00,"Manhattan Beach Hotel TRS LLC., dba Westdrift Manhattan Beach",Manhattan Beach Hotel | Banquet,98,,Bartender 2
2026-03-09,2026-03-09 16:00:00,2026-03-09 22:00:00,"Manhattan Beach Hotel TRS LLC., dba Westdrift Manhattan Beach",Manhattan Beach Hotel | Banquet,115,,Server 2
2026-03-09,2026-03-09 17:00:00,2026-03-10 01:30:00,Pepperdine University,Pepperdine University - HAWC Cafe & Store,102,,Cook 2
2026-03-09,2026-03-09 17:30:00,2026-03-09 23:00:00,Wolfgang Puck Catering,Wolfgang Puck Catering - L.A. Live,105,,Dishwasher
2026-03-09,2026-03-09 22:00:00,2026-03-10 06:30:00,Commerce Casino,Commerce Casino - Employee Dining Room,102,Overnight Shift,Cook 2
2026-03-10,2026-03-10 05:00:00,2026-03-10 11:00:00,Google Spruce Goose Offices,Google Spruce Goose - Catering Operations,102,,Cook 2
2026-03-10,2026-03-10 05:00:00,2026-03-10 13:30:00,PIH Health - Good Samaritan Hospital,PIH Health - Good Samaritan Hospital,290,,Cook 3
2026-03-10,2026-03-10 05:00:00,2026-03-10 13:30:00,PIH Health - Whittier Hospital,PIH Health - Whittier Hospital,102,,Cook 2
2026-03-10,2026-03-10 05:00:00,2026-03-10 13:30:00,PIH Health - Whittier Hospital,PIH Health - Whittier Hospital,110,,Prep Cook 2
2026-03-10,2026-03-10 05:30:00,2026-03-10 11:00:00,Empowered 4 Life Foundation,@ Empowered 4 Life Foundation,110,,Prep Cook 2
2026-03-10,2026-03-10 05:30:00,2026-03-10 14:30:00,"Fox Studio Lot, LLC",Fox Studio - Moe's Cafe BoH,102,,Cook 2
2026-03-10,2026-03-10 05:30:00,2026-03-10 14:00:00,Olive Grove Cafe,Kirkland and Ellis,102,,Cook 2
2026-03-10,2026-03-10 05:30:00,2026-03-10 14:00:00,Teledyne,Teledyne,102,,Cook 2
2026-03-10,2026-03-10 06:00:00,2026-03-10 14:30:00,Amgen Thousand Oaks,Amgen Thousand Oaks - Terrace Cafe,102,,Cook 2
2026-03-10,2026-03-10 06:00:00,2026-03-10 13:30:00,Beverly Hills Unified School District,BHUSD - Beverly Hills High School,102,,Cook 2
2026-03-10,2026-03-10 06:00:00,2026-03-10 12:00:00,Beverly Hills Unified School District,BHUSD - Beverly Hills High School,104,,General
2026-03-10,2026-03-10 06:00:00,2026-03-10 13:30:00,Beverly Hills Unified School District,BHUSD - Beverly Hills High School,110,,Prep Cook 2
2026-03-10,2026-03-10 06:00:00,2026-03-10 14:00:00,Beverly Hills Unified School District,BHUSD - Beverly Hills High School,104,,General
2026-03-10,2026-03-10 06:00:00,2026-03-10 14:30:00,California Endowment ,California Endowment,102,,Cook 2
2026-03-10,2026-03-10 06:00:00,2026-03-10 14:30:00,Capital Group - Irvine,Capital Group - Irvine | FOH,101,,Cashier
2026-03-10,2026-03-10 06:00:00,2026-03-10 12:00:00,Crescent Heights Ten Thousand,Crescent Heights Ten Thousand - Buffet,115,,Server 2
2026-03-10,2026-03-10 06:00:00,2026-03-10 14:30:00,Edwards Lifesciences,Edwards Lifesciences FOH Bldg. C,101,,Cashier
2026-03-10,2026-03-10 06:00:00,2026-03-10 14:30:00,Edwards Lifesciences,Edwards Lifesciences FOH Bldg. C,101,,Cashier
2026-03-10,2026-03-10 06:00:00,2026-03-10 14:30:00,Edwards Lifesciences,Edwards Lifesciences FOH Bldg. C,97,,Barista 2
2026-03-10,2026-03-10 06:00:00,2026-03-10 14:30:00,"Fox Studio Lot, LLC",Fox Studio - Commissary,102,,Cook 2
2026-03-10,2026-03-10 06:00:00,2026-03-10 15:00:00,"Fox Studio Lot, LLC",Fox Studio - News Cafe BoH,102,,Cook 2
2026-03-10,2026-03-10 06:00:00,2026-03-10 16:00:00,Indian Wells Tennis Garden,Indian Wells Tennis Gardens | Player Dining,264,,Event Supervisor
2026-03-10,2026-03-10 06:00:00,2026-03-10 14:30:00,Martin Luther King Jr Hospital,Martin Luther King Jr. Hospital | BOH,102,,Cook 2
2026-03-10,2026-03-10 06:00:00,2026-03-10 14:30:00,NFL LA Huddle Cafe,NFL LA Huddle Cafe,102,,Cook 2
2026-03-10,2026-03-10 06:00:00,2026-03-10 14:30:00,Park Place Plaza,Park Place Plaza,110,,Prep Cook 2
2026-03-10,2026-03-10 06:00:00,2026-03-10 14:30:00,USC Verdugo Hills Hospital,USC Verdugo Hills Hospital,102,,Cook 2
2026-03-10,2026-03-10 06:00:00,2026-03-10 14:30:00,VEA Hotel - Newport Beach,VEA Hotel - Newport Beach | Cooks,102,,Cook 2
2026-03-10,2026-03-10 06:30:00,2026-03-10 14:30:00,Amgen Thousand Oaks,Amgen Thousand Oaks - Bistro Cafe,102,,Cook 2
2026-03-10,2026-03-10 06:30:00,2026-03-10 14:30:00,Guckenheimer Cafe at Red Bull,Guckenheimer Cafe at Red Bull - Back of House,110,,Prep Cook 2
2026-03-10,2026-03-10 06:30:00,2026-03-10 15:00:00,Park Place Plaza,Park Place Plaza,115,with Barista Duties,Server 2
2026-03-10,2026-03-10 06:30:00,2026-03-10 15:00:00,SBLP Warner Center OPCO LLC - The Variel,The Variel of Woodland Hills,105,,Dishwasher
2026-03-10,2026-03-10 07:00:00,2026-03-10 15:30:00,Beverly Hills Hotel,Beverly Hills Hotel - Main Kitchen,102,,Cook 2
2026-03-10,2026-03-10 07:00:00,2026-03-10 13:30:00,Beverly Hills Unified School District,BHUSD- El Rodeo Elementary,104,,General
2026-03-10,2026-03-10 07:00:00,2026-03-10 13:30:00,Beverly Hills Unified School District,BHUSD - Horace Mann Elementary School,104,,General
2026-03-10,2026-03-10 07:00:00,2026-03-10 14:00:00,Beverly Hills Unified School District,BHUSD - Beverly Hills High School,105,,Dishwasher
2026-03-10,2026-03-10 07:00:00,2026-03-10 15:30:00,Crescent Heights Ten Thousand,Crescent Heights Ten Thousand - Butler Department,115,Butler/Porter,Server 2
2026-03-10,2026-03-10 07:00:00,2026-03-10 16:30:00,Google Spruce Goose Offices,Google Spruce Goose - Catering Operations,317,Miguel Sanchez ,Captain
2026-03-10,2026-03-10 07:00:00,2026-03-10 15:30:00,Google Spruce Goose Offices,Google Spruce Goose - Catering Operations,115,Catering Attendant ,Server 2
2026-03-10,2026-03-10 07:00:00,2026-03-10 15:30:00,Google Spruce Goose Offices,Google Spruce Goose - Catering Operations,115,Alex Welsh ,Server 2
2026-03-10,2026-03-10 07:00:00,2026-03-10 15:00:00,Indian Wells Tennis Garden,Indian Wells Tennis Gardens | Player Dining,101,FSA Attendant,Cashier
2026-03-10,2026-03-10 07:00:00,2026-03-10 15:30:00,Indian Wells Tennis Garden,Indian Wells Tennis Gardens | Player Dining,102,Kitchen Cooks # 2,Cook 2
2026-03-10,2026-03-10 07:00:00,2026-03-10 15:00:00,Indian Wells Tennis Garden,Indian Wells Tennis Gardens | Player Dining,101,Grab and Go ,Cashier
2026-03-10,2026-03-10 07:00:00,2026-03-10 15:00:00,Jewish Family Service of Los Angeles,Jewish Family Service of Los Angeles,102,,Cook 2
2026-03-10,2026-03-10 07:00:00,2026-03-10 15:30:00,Martin Luther King Jr Hospital,Martin Luther King Jr. Hospital | BOH,102,,Cook 2
2026-03-10,2026-03-10 07:00:00,2026-03-10 15:30:00,NBC Universal,NBC Universal Studios | The Market Place,102,,Cook 2
2026-03-10,2026-03-10 07:00:00,2026-03-10 15:30:00,NFL LA Huddle Cafe,NFL LA Huddle Cafe,105,,Dishwasher
2026-03-10,2026-03-10 07:00:00,2026-03-10 15:30:00,"Platinum Equity, LLC",Platinum Equity LLC,102,,Cook 2
2026-03-10,2026-03-10 07:00:00,2026-03-10 15:00:00,Skadden Law Firm,Skadden Law Firm,105,Spanish speaker preferred. ,Dishwasher
2026-03-10,2026-03-10 07:00:00,2026-03-10 15:30:00,The Getty Center,The Getty Center - Cafe,102,,Cook 2
2026-03-10,2026-03-10 07:00:00,2026-03-10 15:30:00,The Meadowglade LLC,The Meadowglade,102,On going/ read description,Cook 2
2026-03-10,2026-03-10 07:00:00,2026-03-10 15:30:00,Union Station Homeless Services,Union Station Homeless Services - Adult Center,102,,Cook 2
2026-03-10,2026-03-10 07:00:00,2026-03-10 15:30:00,Warner Brothers,Warner Brothers,105,,Dishwasher
2026-03-10,2026-03-10 07:00:00,2026-03-10 15:00:00,Warner Brothers,Warner Brothers,97,,Barista 2
2026-03-10,2026-03-10 07:30:00,2026-03-10 15:30:00,Amgen Thousand Oaks,Amgen Thousand Oaks - Bistro Cafe,105,,Dishwasher
2026-03-10,2026-03-10 07:30:00,2026-03-10 16:00:00,NFL LA Huddle Cafe,NFL LA Huddle Cafe,102,,Cook 2
2026-03-10,2026-03-10 08:00:00,2026-03-10 13:30:00,Beverly Hills Unified School District,BHUSD - Beverly Vista Middle School,104,General/Dish,General
2026-03-10,2026-03-10 08:00:00,2026-03-10 15:00:00,Indian Wells Tennis Garden,Indian Wells Tennis Gardens | Player Dining,102,Burrito 2 ,Cook 2
2026-03-10,2026-03-10 08:00:00,2026-03-10 15:00:00,Indian Wells Tennis Garden,Indian Wells Tennis Gardens | Player Dining,102,Tortilla # 1 ,Cook 2
2026-03-10,2026-03-10 08:00:00,2026-03-10 15:00:00,Indian Wells Tennis Garden,Indian Wells Tennis Gardens | Player Dining,102,Tortilla #2 ,Cook 2
2026-03-10,2026-03-10 08:00:00,2026-03-10 16:00:00,Indian Wells Tennis Garden,Indian Wells Tennis Gardens | Player Dining,102,Prep,Cook 2
2026-03-10,2026-03-10 08:00:00,2026-03-10 16:30:00,Indian Wells Tennis Garden,Indian Wells Tennis Gardens | Player Dining,102,Kitchen Cooks # 17,Cook 2
2026-03-10,2026-03-10 08:00:00,2026-03-10 16:30:00,Indian Wells Tennis Garden,Indian Wells Tennis Gardens | Player Dining,102,Kitchen Cooks # 4,Cook 2
2026-03-10,2026-03-10 08:00:00,2026-03-10 15:00:00,Indian Wells Tennis Garden,Indian Wells Tennis Gardens | Player Dining,102,Plancha # 1 ,Cook 2
2026-03-10,2026-03-10 08:00:00,2026-03-10 15:00:00,Indian Wells Tennis Garden,Indian Wells Tennis Gardens | Player Dining,102,Garnish #1 AM,Cook 2
2026-03-10,2026-03-10 08:00:00,2026-03-10 15:00:00,Indian Wells Tennis Garden,Indian Wells Tennis Gardens | Player Dining,102,Garnish # 2,Cook 2
2026-03-10,2026-03-10 08:00:00,2026-03-10 15:00:00,Indian Wells Tennis Garden,Indian Wells Tennis Gardens | Player Dining,102,Burrito 1,Cook 2
2026-03-10,2026-03-10 08:00:00,2026-03-10 15:00:00,Indian Wells Tennis Garden,Indian Wells Tennis Gardens | Player Dining,102,Plancha # 2,Cook 2
2026-03-10,2026-03-10 08:00:00,2026-03-10 15:00:00,Indian Wells Tennis Garden,Indian Wells Tennis Gardens | Player Dining,102,Bowls #1,Cook 2
2026-03-10,2026-03-10 08:00:00,2026-03-10 13:00:00,New West Charter School,New West Charter School - W. PICO Location,115,,Server 2
2026-03-10,2026-03-10 08:00:00,2026-03-10 16:00:00,The Thermal Club,@ The Thermal Club,105,,Dishwasher
2026-03-10,2026-03-10 08:00:00,2026-03-10 16:00:00,The Thermal Club,@ The Thermal Club,104,Dishwasher,General
2026-03-10,2026-03-10 08:00:00,2026-03-10 16:00:00,The Thermal Club,@ The Thermal Club,102,,Cook 2
2026-03-10,2026-03-10 08:00:00,2026-03-10 16:00:00,The Thermal Club,@ The Thermal Club,102,,Cook 2
2026-03-10,2026-03-10 08:00:00,2026-03-10 16:30:00,The Wonderful Company,The Wonderful Company,97,,Barista 2
2026-03-10,2026-03-10 08:30:00,2026-03-10 16:30:00,"Platinum Equity, LLC",Platinum Equity LLC,102,,Cook 2
2026-03-10,2026-03-10 09:00:00,2026-03-10 17:30:00,Indian Wells Tennis Garden,Indian Wells Tennis Gardens | Player Dining,102,Kitchen Cooks # 15,Cook 2
2026-03-10,2026-03-10 09:00:00,2026-03-10 17:30:00,Indian Wells Tennis Garden,Indian Wells Tennis Gardens | Player Dining,102,Kitchen Cooks # 21,Cook 2
2026-03-10,2026-03-10 09:00:00,2026-03-10 13:30:00,Indian Wells Tennis Garden,Indian Wells Tennis Gardens | Player Dining,102,Kitchen Cooks # 9,Cook 2
2026-03-10,2026-03-10 09:00:00,2026-03-10 16:00:00,Indian Wells Tennis Garden,Indian Wells Tennis Gardens | Player Dining,98,Bar AM,Bartender 2
2026-03-10,2026-03-10 09:00:00,2026-03-10 16:00:00,Indian Wells Tennis Garden,Indian Wells Tennis Gardens | Player Dining,101,,Cashier
2026-03-10,2026-03-10 09:00:00,2026-03-10 16:00:00,Indian Wells Tennis Garden,Indian Wells Tennis Gardens | Player Dining,102,Nacho AM,Cook 2
2026-03-10,2026-03-10 09:00:00,2026-03-10 16:00:00,Indian Wells Tennis Garden,Indian Wells Tennis Gardens | Player Dining,101,Cashier #1 ,Cashier
2026-03-10,2026-03-10 09:00:00,2026-03-10 16:00:00,Indian Wells Tennis Garden,Indian Wells Tennis Gardens | Player Dining,101,Cashier # 1,Cashier
2026-03-10,2026-03-10 09:00:00,2026-03-10 17:30:00,Indian Wells Tennis Garden,Indian Wells Tennis Gardens | Player Dining,102,Kitchen Cooks # 11,Cook 2
2026-03-10,2026-03-10 09:00:00,2026-03-10 16:00:00,Indian Wells Tennis Garden,Indian Wells Tennis Gardens | Player Dining,101,Cashier # 1,Cashier
2026-03-10,2026-03-10 09:00:00,2026-03-10 16:00:00,Indian Wells Tennis Garden,Indian Wells Tennis Gardens | Player Dining,101,Cashier # 2,Cashier
2026-03-10,2026-03-10 09:00:00,2026-03-10 16:00:00,Indian Wells Tennis Garden,Indian Wells Tennis Gardens | Player Dining,101,Cashier # 2,Cashier
2026-03-10,2026-03-10 09:00:00,2026-03-10 17:30:00,Indian Wells Tennis Garden,Indian Wells Tennis Gardens | Player Dining,102,Kitchen Cooks # 8,Cook 2
2026-03-10,2026-03-10 09:00:00,2026-03-10 15:30:00,Pepperdine University,Pepperdine University - Drescher,105,,Dishwasher
2026-03-10,2026-03-10 09:00:00,2026-03-10 17:30:00,"Platinum Equity, LLC",Platinum Equity LLC,105,,Dishwasher
2026-03-10,2026-03-10 09:30:00,2026-03-10 15:30:00,Google Spruce Goose Offices,Google Spruce Goose - Cafe,104,Dishwasher,General
2026-03-10,2026-03-10 09:30:00,2026-03-10 14:00:00,Olive Grove Cafe,Olive Grove Cafe,101,with Food Runner Duties,Cashier
2026-03-10,2026-03-10 09:30:00,2026-03-10 14:30:00,Universal Music Group,Universal Music Group,110,,Prep Cook 2
2026-03-10,2026-03-10 10:00:00,2026-03-10 18:30:00,Childrens Hospital Los Angeles,Childrens Hospital Los Angeles,105,,Dishwasher
2026-03-10,2026-03-10 10:00:00,2026-03-10 18:30:00,Four Seasons Hotel Westlake Village,Four Seasons Hotel Westlake Village ,102,pastry experience preferred,Cook 2
2026-03-10,2026-03-10 10:00:00,2026-03-10 14:30:00,Google Spruce Goose Offices,Google Spruce Goose - Cafe,104,Dishwasher,General
2026-03-10,2026-03-10 10:00:00,2026-03-10 18:30:00,Griffin Club Los Angeles,Griffin Club Los Angeles,102,Sushi Cook,Cook 2
2026-03-10,2026-03-10 10:00:00,2026-03-10 18:00:00,Indian Wells Tennis Garden,Indian Wells Tennis Gardens | Player Dining,101,FSA Attendant,Cashier
2026-03-10,2026-03-10 10:00:00,2026-03-10 18:00:00,Indian Wells Tennis Garden,Indian Wells Tennis Gardens | Player Dining,101,Cashier,Cashier
2026-03-10,2026-03-10 10:00:00,2026-03-10 16:00:00,Indian Wells Tennis Garden,Indian Wells Tennis Gardens | Player Dining,101,Cashier # 3,Cashier
2026-03-10,2026-03-10 10:00:00,2026-03-10 16:00:00,Indian Wells Tennis Garden,Indian Wells Tennis Gardens | Player Dining,101,Cashier #3,Cashier
2026-03-10,2026-03-10 10:00:00,2026-03-10 15:00:00,Universal Music Group,Universal Music Group,105,,Dishwasher
2026-03-10,2026-03-10 10:00:00,2026-03-10 18:30:00,USC Verdugo Hills Hospital,USC Verdugo Hills Hospital,102,,Cook 2
2026-03-10,2026-03-10 11:00:00,2026-03-10 16:00:00,Capital Group - Irvine,Capital Group - Irvine | BOH,105,,Dishwasher
2026-03-10,2026-03-10 11:00:00,2026-03-10 15:30:00,Guckenheimer Cafe at Red Bull,Guckenheimer Cafe at Red Bull - Back of House,105,,Dishwasher
2026-03-10,2026-03-10 11:00:00,2026-03-10 20:30:00,Indian Wells Tennis Garden,Indian Wells Tennis Gardens | Player Dining,102,Kitchen Cooks # 3,Cook 2
2026-03-10,2026-03-10 11:00:00,2026-03-10 20:30:00,Indian Wells Tennis Garden,Indian Wells Tennis Gardens | Player Dining,102,Kitchen Cooks #  18,Cook 2
2026-03-10,2026-03-10 11:00:00,2026-03-10 20:30:00,Indian Wells Tennis Garden,Indian Wells Tennis Gardens | Player Dining,102,Kitchen Cooks #  6,Cook 2
2026-03-10,2026-03-10 11:00:00,2026-03-10 20:30:00,Indian Wells Tennis Garden,Indian Wells Tennis Gardens | Player Dining,102,Kitchen Cooks #  14,Cook 2
2026-03-10,2026-03-10 11:00:00,2026-03-10 20:30:00,Indian Wells Tennis Garden,Indian Wells Tennis Gardens | Player Dining,102,Kitchen Cooks # 20,Cook 2
2026-03-10,2026-03-10 11:00:00,2026-03-10 19:30:00,PIH Health - Whittier Hospital,PIH Health - Whittier Hospital,102,,Cook 2
2026-03-10,2026-03-10 11:00:00,2026-03-10 19:30:00,University Village Thousand Oaks,University Village Thousand Oaks ,102,,Cook 2
2026-03-10,2026-03-10 11:30:00,2026-03-10 20:00:00,People Assisting the Homeless,People Assisting the Homeless - YWCA,110,,Prep Cook 2
2026-03-10,2026-03-10 12:00:00,2026-03-10 20:30:00,Childrens Hospital Los Angeles,Childrens Hospital Los Angeles,104,Food Service Worker,General
2026-03-10,2026-03-10 12:00:00,2026-03-10 20:30:00,Griffin Club Los Angeles,Griffin Club Los Angeles,102,,Cook 2
2026-03-10,2026-03-10 12:00:00,2026-03-10 22:30:00,Indian Wells Tennis Garden,Indian Wells Tennis Gardens | Player Dining,101,Cashier,Cashier
2026-03-10,2026-03-10 12:00:00,2026-03-10 20:00:00,Indian Wells Tennis Garden,Indian Wells Tennis Gardens | Player Dining,101,Cashier ,Cashier
2026-03-10,2026-03-10 12:00:00,2026-03-10 20:00:00,Indian Wells Tennis Garden,Indian Wells Tennis Gardens | Player Dining,101,FSA Attendant,Cashier
2026-03-10,2026-03-10 12:00:00,2026-03-10 20:30:00,Malibu Beach Inn,Malibu Beach Inn - BOH,105,,Dishwasher
2026-03-10,2026-03-10 12:00:00,2026-03-10 20:30:00,PIH Health - Whittier Hospital,PIH Health - Whittier Hospital,110,,Prep Cook 2
2026-03-10,2026-03-10 12:00:00,2026-03-10 20:30:00,SBLP Warner Center OPCO LLC - The Variel,The Variel of Woodland Hills,102,,Cook 2
2026-03-10,2026-03-10 12:00:00,2026-03-10 20:30:00,The Getty Villa,The Getty Villa BOH,102,Must Work Multiple Days,Cook 2
2026-03-10,2026-03-10 12:00:00,2026-03-10 20:30:00,Walnut Village,Walnut Village,105,,Dishwasher
2026-03-10,2026-03-10 12:30:00,2026-03-10 21:00:00,Athenaeum Club,Athenaeum Kitchen,102,,Cook 2
2026-03-10,2026-03-10 13:00:00,2026-03-10 20:00:00,Indian Wells Tennis Garden,Indian Wells Tennis Gardens | Player Dining,101,Grab and go,Cashier
2026-03-10,2026-03-10 14:00:00,2026-03-10 21:00:00,Indian Wells Tennis Garden,Indian Wells Tennis Gardens | Player Dining,102,Plancha # 2,Cook 2
2026-03-10,2026-03-10 14:00:00,2026-03-10 21:00:00,Indian Wells Tennis Garden,Indian Wells Tennis Gardens | Player Dining,102,Tortilla # 2,Cook 2
2026-03-10,2026-03-10 14:00:00,2026-03-10 21:00:00,Indian Wells Tennis Garden,Indian Wells Tennis Gardens | Player Dining,102,Plancha #1 ,Cook 2
2026-03-10,2026-03-10 14:00:00,2026-03-10 21:00:00,Indian Wells Tennis Garden,Indian Wells Tennis Gardens | Player Dining,102,Bowls #1,Cook 2
2026-03-10,2026-03-10 14:00:00,2026-03-10 21:00:00,Indian Wells Tennis Garden,Indian Wells Tennis Gardens | Player Dining,102,Burrito 1 ,Cook 2
2026-03-10,2026-03-10 14:00:00,2026-03-10 21:00:00,Indian Wells Tennis Garden,Indian Wells Tennis Gardens | Player Dining,102,Tortilla #1 ,Cook 2
2026-03-10,2026-03-10 14:00:00,2026-03-10 21:00:00,Indian Wells Tennis Garden,Indian Wells Tennis Gardens | Player Dining,102,Garnish #1 ,Cook 2
2026-03-10,2026-03-10 14:00:00,2026-03-10 21:00:00,Indian Wells Tennis Garden,Indian Wells Tennis Gardens | Player Dining,102,Burrito 2 ,Cook 2
2026-03-10,2026-03-10 14:00:00,2026-03-10 21:00:00,Indian Wells Tennis Garden,Indian Wells Tennis Gardens | Player Dining,101,Cashier # 3,Cashier
2026-03-10,2026-03-10 14:00:00,2026-03-10 21:00:00,Indian Wells Tennis Garden,Indian Wells Tennis Gardens | Player Dining,102,Garnish # 2 ,Cook 2
2026-03-10,2026-03-10 14:00:00,2026-03-10 22:30:00,Martin Luther King Jr Hospital,Martin Luther King Jr. Hospital | BOH,102,,Cook 2
2026-03-10,2026-03-10 14:00:00,2026-03-10 22:30:00,SBLP Warner Center OPCO LLC - The Variel,The Variel of Woodland Hills,105,,Dishwasher
2026-03-10,2026-03-10 14:30:00,2026-03-10 22:30:00,Viceroy Santa Monica Hotel,Viceroy Santa Monica Hotel,264,,Event Supervisor
2026-03-10,2026-03-10 15:00:00,2026-03-10 23:30:00,Crescent Heights Ten Thousand,Crescent Heights Ten Thousand - Butler Department,115,Butler/Porter,Server 2
2026-03-10,2026-03-10 15:00:00,2026-03-10 22:00:00,Indian Wells Tennis Garden,Indian Wells Tennis Gardens | Player Dining,101,Cashier # 1 ,Cashier
2026-03-10,2026-03-10 15:00:00,2026-03-10 22:00:00,Indian Wells Tennis Garden,Indian Wells Tennis Gardens | Player Dining,102,Nacho PM,Cook 2
2026-03-10,2026-03-10 15:00:00,2026-03-10 22:00:00,Indian Wells Tennis Garden,Indian Wells Tennis Gardens | Player Dining,101,Cashier # 1,Cashier
2026-03-10,2026-03-10 15:00:00,2026-03-10 22:00:00,Indian Wells Tennis Garden,Indian Wells Tennis Gardens | Player Dining,101,Cashier #2,Cashier
2026-03-10,2026-03-10 15:00:00,2026-03-10 22:00:00,Indian Wells Tennis Garden,Indian Wells Tennis Gardens | Player Dining,98,Bar PM- Beer serving only ,Bartender 2
2026-03-10,2026-03-10 15:00:00,2026-03-10 22:00:00,Indian Wells Tennis Garden,Indian Wells Tennis Gardens | Player Dining,101,Cashier #2,Cashier
2026-03-10,2026-03-10 15:00:00,2026-03-10 22:00:00,Indian Wells Tennis Garden,Indian Wells Tennis Gardens | Player Dining,101,Cashier #1,Cashier
2026-03-10,2026-03-10 15:00:00,2026-03-10 22:00:00,Indian Wells Tennis Garden,Indian Wells Tennis Gardens | Player Dining,101,Cashier #3 ,Cashier
2026-03-10,2026-03-10 15:30:00,2026-03-10 22:30:00,Indian Wells Tennis Garden,Indian Wells Tennis Gardens | Player Dining,101,,Cashier
2026-03-10,2026-03-10 15:30:00,2026-03-10 21:00:00,Wolfgang Puck Catering,Wolfgang Puck Catering - Sony Studios,102,,Cook 2
2026-03-10,2026-03-10 16:00:00,2026-03-10 23:00:00,Canyon Palm Springs Hotel dba Thompson Palm Springs,Thompson Palm Springs |  FOH,99,,Busser
2026-03-10,2026-03-10 17:00:00,2026-03-11 01:30:00,Pepperdine University,Pepperdine University - HAWC Cafe & Store,102,,Cook 2
2026-03-10,2026-03-10 17:00:00,2026-03-10 22:30:00,Sand Hill Kitchen,Sand Hill Kitchen | Quad Conference Center,285,,Server 1
2026-03-10,2026-03-10 17:00:00,2026-03-10 22:00:00,Sand Hill Kitchen,Sand Hill Kitchen | Quad Conference Center,105,,Dishwasher
2026-03-10,2026-03-10 19:00:00,2026-03-11 01:00:00,Academy Museum of Motion Pictures,Academy Museum of Motion Pictures - Catering Kitchen,105,,Dishwasher
2026-03-10,2026-03-10 22:00:00,2026-03-11 06:30:00,Commerce Casino,Commerce Casino - Employee Dining Room,102,Overnight Shift,Cook 2
2026-03-11,2026-03-11 05:00:00,2026-03-11 11:00:00,Google Spruce Goose Offices,Google Spruce Goose - Catering Operations,102,,Cook 2
2026-03-11,2026-03-11 05:00:00,2026-03-11 13:30:00,People Assisting the Homeless,People Assisting the Homeless - YWCA,110,,Prep Cook 2
2026-03-11,2026-03-11 05:00:00,2026-03-11 13:30:00,PIH Health - Good Samaritan Hospital,PIH Health - Good Samaritan Hospital,290,,Cook 3
2026-03-11,2026-03-11 05:00:00,2026-03-11 13:30:00,PIH Health - Whittier Hospital,PIH Health - Whittier Hospital,102,,Cook 2
2026-03-11,2026-03-11 05:00:00,2026-03-11 13:30:00,PIH Health - Whittier Hospital,PIH Health - Whittier Hospital,110,,Prep Cook 2
2026-03-11,2026-03-11 05:30:00,2026-03-11 11:00:00,Empowered 4 Life Foundation,@ Empowered 4 Life Foundation,110,,Prep Cook 2
2026-03-11,2026-03-11 05:30:00,2026-03-11 14:30:00,"Fox Studio Lot, LLC",Fox Studio - Moe's Cafe BoH,102,,Cook 2
2026-03-11,2026-03-11 05:30:00,2026-03-11 14:00:00,Olive Grove Cafe,Kirkland and Ellis,102,,Cook 2
2026-03-11,2026-03-11 05:30:00,2026-03-11 14:00:00,Teledyne,Teledyne,102,,Cook 2
2026-03-11,2026-03-11 06:00:00,2026-03-11 14:30:00,Amgen Thousand Oaks,Amgen Thousand Oaks - Terrace Cafe,102,,Cook 2
2026-03-11,2026-03-11 06:00:00,2026-03-11 14:00:00,Beverly Hills Unified School District,BHUSD - Beverly Hills High School,104,,General
2026-03-11,2026-03-11 06:00:00,2026-03-11 13:30:00,Beverly Hills Unified School District,BHUSD - Beverly Hills High School,102,,Cook 2
2026-03-11,2026-03-11 06:00:00,2026-03-11 12:00:00,Beverly Hills Unified School District,BHUSD - Beverly Hills High School,104,,General
2026-03-11,2026-03-11 06:00:00,2026-03-11 13:30:00,Beverly Hills Unified School District,BHUSD - Beverly Hills High School,110,,Prep Cook 2
2026-03-11,2026-03-11 06:00:00,2026-03-11 14:30:00,California Endowment ,California Endowment,102,,Cook 2
2026-03-11,2026-03-11 06:00:00,2026-03-11 14:30:00,Capital Group - Irvine,Capital Group - Irvine | FOH,101,,Cashier
2026-03-11,2026-03-11 06:00:00,2026-03-11 14:30:00,Capital Group - Irvine,Capital Group - Irvine | BOH,102,,Cook 2
2026-03-11,2026-03-11 06:00:00,2026-03-11 14:30:00,Capital Group - Irvine,Capital Group - Irvine | BOH,102,,Cook 2
2026-03-11,2026-03-11 06:00:00,2026-03-11 14:30:00,City National Bank,City National Bank - Blue Ladder Cafe,102,,Cook 2
2026-03-11,2026-03-11 06:00:00,2026-03-11 14:30:00,Disney Studios,Disney Studios | GC3 Cafe Glendale,102,,Cook 2
2026-03-11,2026-03-11 06:00:00,2026-03-11 14:30:00,Edwards Lifesciences,Edwards Lifesciences FOH Bldg. C,97,,Barista 2
2026-03-11,2026-03-11 06:00:00,2026-03-11 14:30:00,Edwards Lifesciences,Edwards Lifesciences FOH Bldg. C,101,,Cashier
2026-03-11,2026-03-11 06:00:00,2026-03-11 14:30:00,Edwards Lifesciences,Edwards Lifesciences FOH Bldg. C,101,,Cashier
2026-03-11,2026-03-11 06:00:00,2026-03-11 14:30:00,"Fox Studio Lot, LLC",Fox Studio - Commissary,102,,Cook 2
2026-03-11,2026-03-11 06:00:00,2026-03-11 15:00:00,"Fox Studio Lot, LLC",Fox Studio - News Cafe BoH,102,,Cook 2
2026-03-11,2026-03-11 06:00:00,2026-03-11 16:00:00,Indian Wells Tennis Garden,Indian Wells Tennis Gardens | Player Dining,264,,Event Supervisor
2026-03-11,2026-03-11 06:00:00,2026-03-11 14:30:00,Martin Luther King Jr Hospital,Martin Luther King Jr. Hospital | BOH,102,,Cook 2
2026-03-11,2026-03-11 06:00:00,2026-03-11 14:30:00,Park Place Plaza,Park Place Plaza,110,,Prep Cook 2
2026-03-11,2026-03-11 06:00:00,2026-03-11 14:30:00,USC Verdugo Hills Hospital,USC Verdugo Hills Hospital,102,,Cook 2
2026-03-11,2026-03-11 06:00:00,2026-03-11 14:30:00,VEA Hotel - Newport Beach,VEA Hotel - Newport Beach | Cooks,102,,Cook 2
2026-03-11,2026-03-11 06:30:00,2026-03-11 14:30:00,Amgen Thousand Oaks,Amgen Thousand Oaks - Bistro Cafe,102,,Cook 2
2026-03-11,2026-03-11 06:30:00,2026-03-11 15:00:00,Park Place Plaza,Park Place Plaza,115,with Barista Duties,Server 2
2026-03-11,2026-03-11 07:00:00,2026-03-11 15:30:00,Beverly Hills Hotel,Beverly Hills Hotel - Main Kitchen,102,,Cook 2
2026-03-11,2026-03-11 07:00:00,2026-03-11 14:00:00,Beverly Hills Unified School District,BHUSD - Horace Mann Elementary School,104,,General
2026-03-11,2026-03-11 07:00:00,2026-03-11 14:00:00,Beverly Hills Unified School District,BHUSD - Beverly Hills High School,105,,Dishwasher
2026-03-11,2026-03-11 07:00:00,2026-03-11 14:00:00,Beverly Hills Unified School District,BHUSD- El Rodeo Elementary,104,,General
2026-03-11,2026-03-11 07:00:00,2026-03-11 12:00:00,Disney Studios,Disney Studios | Rotunda Restaurant,99,,Busser
2026-03-11,2026-03-11 07:00:00,2026-03-11 15:30:00,Google Spruce Goose Offices,Google Spruce Goose - Catering Operations,115,Catering Attendant ,Server 2
2026-03-11,2026-03-11 07:00:00,2026-03-11 15:30:00,Google Spruce Goose Offices,Google Spruce Goose - Catering Operations,317,Miguel Sanchez ,Captain
2026-03-11,2026-03-11 07:00:00,2026-03-11 15:00:00,Indian Wells Tennis Garden,Indian Wells Tennis Gardens | Player Dining,101,,Cashier
2026-03-11,2026-03-11 07:00:00,2026-03-11 15:30:00,Indian Wells Tennis Garden,Indian Wells Tennis Gardens | Player Dining,102,Kitchen Cooks # 2,Cook 2
2026-03-11,2026-03-11 07:00:00,2026-03-11 15:00:00,Indian Wells Tennis Garden,Indian Wells Tennis Gardens | Player Dining,101,FSA Attendant,Cashier
2026-03-11,2026-03-11 07:00:00,2026-03-11 15:00:00,Indian Wells Tennis Garden,Indian Wells Tennis Gardens | Player Dining,101,Grab and go,Cashier
2026-03-11,2026-03-11 07:00:00,2026-03-11 15:00:00,Indian Wells Tennis Garden,Indian Wells Tennis Gardens | Player Dining,101,Cashier,Cashier
2026-03-11,2026-03-11 07:00:00,2026-03-11 15:30:00,Martin Luther King Jr Hospital,Martin Luther King Jr. Hospital | BOH,102,,Cook 2
2026-03-11,2026-03-11 07:00:00,2026-03-11 15:30:00,NBC Universal,NBC Universal Studios | The Market Place,102,Sushi,Cook 2
2026-03-11,2026-03-11 07:00:00,2026-03-11 14:30:00,Park Place Plaza,Park Place Plaza,115,,Server 2
2026-03-11,2026-03-11 07:00:00,2026-03-11 15:30:00,"Platinum Equity, LLC",Platinum Equity LLC,102,,Cook 2
2026-03-11,2026-03-11 07:00:00,2026-03-11 13:00:00,Sand Hill Kitchen,Sand Hill Kitchen | Quad Conference Center,105,,Dishwasher
2026-03-11,2026-03-11 07:00:00,2026-03-11 15:00:00,Skadden Law Firm,Skadden Law Firm,105,Spanish speaker preferred. ,Dishwasher
2026-03-11,2026-03-11 07:00:00,2026-03-11 15:30:00,The Meadowglade LLC,The Meadowglade,102,On going/ read description,Cook 2
2026-03-11,2026-03-11 07:00:00,2026-03-11 19:00:00,The Thermal Club,@ The Thermal Club,264,,Event Supervisor
2026-03-11,2026-03-11 07:00:00,2026-03-11 15:30:00,Union Station Homeless Services,Union Station Homeless Services - Adult Center,102,,Cook 2
2026-03-11,2026-03-11 07:30:00,2026-03-11 15:30:00,Amgen Thousand Oaks,Amgen Thousand Oaks - Bistro Cafe,105,,Dishwasher
2026-03-11,2026-03-11 07:30:00,2026-03-11 16:00:00,Warner Brothers,Warner Brothers,97,,Barista 2
2026-03-11,2026-03-11 08:00:00,2026-03-11 13:30:00,Beverly Hills Unified School District,BHUSD - Beverly Vista Middle School,104,,General
2026-03-11,2026-03-11 08:00:00,2026-03-11 16:30:00,Indian Wells Tennis Garden,Indian Wells Tennis Gardens | Player Dining,102,Kitchen Cooks #  9,Cook 2
2026-03-11,2026-03-11 08:00:00,2026-03-11 15:00:00,Indian Wells Tennis Garden,Indian Wells Tennis Gardens | Player Dining,102,Garnish # 2,Cook 2
2026-03-11,2026-03-11 08:00:00,2026-03-11 15:00:00,Indian Wells Tennis Garden,Indian Wells Tennis Gardens | Player Dining,102,Burrito 1,Cook 2
2026-03-11,2026-03-11 08:00:00,2026-03-11 15:00:00,Indian Wells Tennis Garden,Indian Wells Tennis Gardens | Player Dining,102,Tortilla # 1 ,Cook 2
2026-03-11,2026-03-11 08:00:00,2026-03-11 15:00:00,Indian Wells Tennis Garden,Indian Wells Tennis Gardens | Player Dining,102,Bowls #1,Cook 2
2026-03-11,2026-03-11 08:00:00,2026-03-11 15:00:00,Indian Wells Tennis Garden,Indian Wells Tennis Gardens | Player Dining,102,Plancha # 2,Cook 2
2026-03-11,2026-03-11 08:00:00,2026-03-11 15:00:00,Indian Wells Tennis Garden,Indian Wells Tennis Gardens | Player Dining,102,Burrito 3,Cook 2
2026-03-11,2026-03-11 08:00:00,2026-03-11 15:00:00,Indian Wells Tennis Garden,Indian Wells Tennis Gardens | Player Dining,102,Plancha # 1 ,Cook 2
2026-03-11,2026-03-11 08:00:00,2026-03-11 16:00:00,Indian Wells Tennis Garden,Indian Wells Tennis Gardens | Player Dining,102,Prep,Cook 2
2026-03-11,2026-03-11 08:00:00,2026-03-11 15:00:00,Indian Wells Tennis Garden,Indian Wells Tennis Gardens | Player Dining,102,Tortilla #2 ,Cook 2
2026-03-11,2026-03-11 08:00:00,2026-03-11 15:00:00,Indian Wells Tennis Garden,Indian Wells Tennis Gardens | Player Dining,102,Burrito 2,Cook 2
2026-03-11,2026-03-11 08:00:00,2026-03-11 16:30:00,Indian Wells Tennis Garden,Indian Wells Tennis Gardens | Player Dining,102,Kitchen Cooks # 14,Cook 2
2026-03-11,2026-03-11 08:00:00,2026-03-11 16:30:00,Indian Wells Tennis Garden,Indian Wells Tennis Gardens | Player Dining,102,Kitchen Cooks #4,Cook 2
2026-03-11,2026-03-11 08:00:00,2026-03-11 15:00:00,Indian Wells Tennis Garden,Indian Wells Tennis Gardens | Player Dining,102,Garnish #1 ,Cook 2
2026-03-11,2026-03-11 08:00:00,2026-03-11 18:00:00,The Thermal Club,@ The Thermal Club,102,,Cook 2
2026-03-11,2026-03-11 08:00:00,2026-03-11 18:00:00,The Thermal Club,@ The Thermal Club,102,,Cook 2
2026-03-11,2026-03-11 08:00:00,2026-03-11 18:00:00,The Thermal Club,@ The Thermal Club,105,,Dishwasher
2026-03-11,2026-03-11 08:00:00,2026-03-11 18:00:00,The Thermal Club,@ The Thermal Club,104,Dishwasher,General
2026-03-11,2026-03-11 08:00:00,2026-03-11 16:30:00,The Wonderful Company,The Wonderful Company,97,,Barista 2
2026-03-11,2026-03-11 08:30:00,2026-03-11 16:30:00,"Platinum Equity, LLC",Platinum Equity LLC,102,,Cook 2
2026-03-11,2026-03-11 09:00:00,2026-03-11 17:30:00,Chef Gunnar Planter,@Chef Gunnar Planter | Offsite,102,,Cook 2
2026-03-11,2026-03-11 09:00:00,2026-03-11 17:30:00,Indian Wells Tennis Garden,Indian Wells Tennis Gardens | Player Dining,102,Kitchen Cooks # 19,Cook 2
2026-03-11,2026-03-11 09:00:00,2026-03-11 16:00:00,Indian Wells Tennis Garden,Indian Wells Tennis Gardens | Player Dining,101,Cashier # 1,Cashier
2026-03-11,2026-03-11 09:00:00,2026-03-11 16:00:00,Indian Wells Tennis Garden,Indian Wells Tennis Gardens | Player Dining,102,Nacho ,Cook 2
2026-03-11,2026-03-11 09:00:00,2026-03-11 17:30:00,Indian Wells Tennis Garden,Indian Wells Tennis Gardens | Player Dining,102,Kitchen Cooks #  10,Cook 2
2026-03-11,2026-03-11 09:00:00,2026-03-11 16:00:00,Indian Wells Tennis Garden,Indian Wells Tennis Gardens | Player Dining,101,Cashier # 2,Cashier
2026-03-11,2026-03-11 09:00:00,2026-03-11 17:30:00,Indian Wells Tennis Garden,Indian Wells Tennis Gardens | Player Dining,102,Kitchen Cooks # 17,Cook 2
2026-03-11,2026-03-11 09:00:00,2026-03-11 17:30:00,Indian Wells Tennis Garden,Indian Wells Tennis Gardens | Player Dining,102,Kitchen Cooks #8,Cook 2
2026-03-11,2026-03-11 09:00:00,2026-03-11 17:30:00,Indian Wells Tennis Garden,Indian Wells Tennis Gardens | Player Dining,102,Kitchen Cooks # 13,Cook 2
2026-03-11,2026-03-11 09:00:00,2026-03-11 16:00:00,Indian Wells Tennis Garden,Indian Wells Tennis Gardens | Player Dining,101,Cashier #1 ,Cashier
2026-03-11,2026-03-11 09:00:00,2026-03-11 16:00:00,Indian Wells Tennis Garden,Indian Wells Tennis Gardens | Player Dining,98,Bar AM- Beer serving only ,Bartender 2
2026-03-11,2026-03-11 09:00:00,2026-03-11 16:00:00,Indian Wells Tennis Garden,Indian Wells Tennis Gardens | Player Dining,101,Cashier # 1,Cashier
2026-03-11,2026-03-11 09:00:00,2026-03-11 16:00:00,Indian Wells Tennis Garden,Indian Wells Tennis Gardens | Player Dining,101,,Cashier
2026-03-11,2026-03-11 09:00:00,2026-03-11 16:00:00,Indian Wells Tennis Garden,Indian Wells Tennis Gardens | Player Dining,101,Cashier #2 ,Cashier
2026-03-11,2026-03-11 09:00:00,2026-03-11 17:30:00,"Platinum Equity, LLC",Platinum Equity LLC,105,,Dishwasher
2026-03-11,2026-03-11 09:00:00,2026-03-11 17:30:00,"Platinum Equity, LLC",Platinum Equity LLC,102,,Cook 2
2026-03-11,2026-03-11 09:00:00,2026-03-11 17:30:00,VH Property Corp. dba Trump National Golf Club Los Angeles,Trump National Golf Course Los Angeles | BOH,102,,Cook 2
2026-03-11,2026-03-11 09:30:00,2026-03-11 15:30:00,Google Spruce Goose Offices,Google Spruce Goose - Cafe,104,Dishwasher,General
2026-03-11,2026-03-11 09:30:00,2026-03-11 14:00:00,Olive Grove Cafe,Olive Grove Cafe,101,with Food Runner Duties,Cashier
2026-03-11,2026-03-11 10:00:00,2026-03-11 18:30:00,Four Seasons Hotel Westlake Village,Four Seasons Hotel Westlake Village ,102,pastry experience preferred,Cook 2
2026-03-11,2026-03-11 10:00:00,2026-03-11 14:30:00,Google Spruce Goose Offices,Google Spruce Goose - Cafe,104,Dishwasher,General
2026-03-11,2026-03-11 10:00:00,2026-03-11 18:30:00,Griffin Club Los Angeles,Griffin Club Los Angeles,102,,Cook 2
2026-03-11,2026-03-11 10:00:00,2026-03-11 18:00:00,Indian Wells Tennis Garden,Indian Wells Tennis Gardens | Player Dining,101,Cashier,Cashier
2026-03-11,2026-03-11 10:00:00,2026-03-11 18:00:00,Indian Wells Tennis Garden,Indian Wells Tennis Gardens | Player Dining,102,Fry AM ,Cook 2
2026-03-11,2026-03-11 10:00:00,2026-03-11 16:00:00,Indian Wells Tennis Garden,Indian Wells Tennis Gardens | Player Dining,101,Cashier # 3 AM,Cashier
2026-03-11,2026-03-11 10:00:00,2026-03-11 16:00:00,Indian Wells Tennis Garden,Indian Wells Tennis Gardens | Player Dining,101,Cashier # 3,Cashier
2026-03-11,2026-03-11 10:00:00,2026-03-11 18:00:00,Indian Wells Tennis Garden,Indian Wells Tennis Gardens | Player Dining,102,EXPO MID,Cook 2
2026-03-11,2026-03-11 10:00:00,2026-03-11 18:00:00,Indian Wells Tennis Garden,Indian Wells Tennis Gardens | Player Dining,101,FSA Attendant,Cashier
2026-03-11,2026-03-11 10:00:00,2026-03-11 18:30:00,USC Verdugo Hills Hospital,USC Verdugo Hills Hospital,102,,Cook 2
2026-03-11,2026-03-11 10:30:00,2026-03-11 19:00:00,Griffin Club Los Angeles,Griffin Club Los Angeles,110,,Prep Cook 2
2026-03-11,2026-03-11 11:00:00,2026-03-11 19:00:00,Chef Gunnar Planter,@Chef Gunnar Planter | Offsite,102,,Cook 2
2026-03-11,2026-03-11 11:00:00,2026-03-11 15:30:00,Guckenheimer Cafe at Red Bull,Guckenheimer Cafe at Red Bull - Back of House,105,,Dishwasher
2026-03-11,2026-03-11 11:00:00,2026-03-11 20:30:00,Indian Wells Tennis Garden,Indian Wells Tennis Gardens | Player Dining,102,Kitchen Cooks # 15,Cook 2
2026-03-11,2026-03-11 11:00:00,2026-03-11 20:30:00,Indian Wells Tennis Garden,Indian Wells Tennis Gardens | Player Dining,102,Kitchen Cooks # 20,Cook 2
2026-03-11,2026-03-11 11:00:00,2026-03-11 20:30:00,Indian Wells Tennis Garden,Indian Wells Tennis Gardens | Player Dining,102,Kitchen Cooks # 5,Cook 2
2026-03-11,2026-03-11 11:00:00,2026-03-11 20:30:00,Indian Wells Tennis Garden,Indian Wells Tennis Gardens | Player Dining,102,Kitchen Cooks # 18,Cook 2
2026-03-11,2026-03-11 11:00:00,2026-03-11 20:30:00,Indian Wells Tennis Garden,Indian Wells Tennis Gardens | Player Dining,102,Kitchen Cooks #  6,Cook 2
2026-03-11,2026-03-11 11:00:00,2026-03-11 19:30:00,PIH Health - Whittier Hospital,PIH Health - Whittier Hospital,102,,Cook 2
2026-03-11,2026-03-11 11:00:00,2026-03-11 16:00:00,Sand Hill Kitchen,Sand Hill Kitchen | Quad Conference Center,105,,Dishwasher
2026-03-11,2026-03-11 11:00:00,2026-03-11 18:30:00,The Thermal Club,@ The Thermal Club,115,Busser Duties ,Server 2
2026-03-11,2026-03-11 11:00:00,2026-03-11 18:30:00,The Thermal Club,@ The Thermal Club,98,,Bartender 2
2026-03-11,2026-03-11 11:00:00,2026-03-11 18:30:00,The Thermal Club,@ The Thermal Club,115,,Server 2
2026-03-11,2026-03-11 11:00:00,2026-03-11 19:30:00,The Vered,The Vered,102,TB and LIVE Scan Required - Ongoing Shift - Do not publish,Cook 2
2026-03-11,2026-03-11 11:00:00,2026-03-11 17:00:00,VH Property Corp. dba Trump National Golf Club Los Angeles,Trump National Golf Course Los Angeles | BOH,105,,Dishwasher
2026-03-11,2026-03-11 11:30:00,2026-03-11 14:30:00,Olive Wood Pizza,@ Olive Wood Pizza - Off Site Event,115,,Server 2
2026-03-11,2026-03-11 12:00:00,2026-03-11 20:00:00,Academy Museum of Motion Pictures,Academy Museum of Motion Pictures - Fanny's Restaurant,105,,Dishwasher
2026-03-11,2026-03-11 12:00:00,2026-03-11 20:30:00,Childrens Hospital Los Angeles,Childrens Hospital Los Angeles,104,Food Service Worker,General
2026-03-11,2026-03-11 12:00:00,2026-03-11 20:00:00,Indian Wells Tennis Garden,Indian Wells Tennis Gardens | Player Dining,101,FSA Attendant,Cashier
2026-03-11,2026-03-11 12:00:00,2026-03-11 20:00:00,Indian Wells Tennis Garden,Indian Wells Tennis Gardens | Player Dining,101,Cashier,Cashier
2026-03-11,2026-03-11 12:00:00,2026-03-11 20:00:00,Indian Wells Tennis Garden,Indian Wells Tennis Gardens | Player Dining,101,Grab and go ,Cashier
2026-03-11,2026-03-11 12:00:00,2026-03-11 20:30:00,Malibu Beach Inn,Malibu Beach Inn - BOH,105,,Dishwasher
2026-03-11,2026-03-11 12:00:00,2026-03-11 20:30:00,PIH Health - Whittier Hospital,PIH Health - Whittier Hospital,110,,Prep Cook 2
2026-03-11,2026-03-11 12:00:00,2026-03-11 20:30:00,SBLP Warner Center OPCO LLC - The Variel,The Variel of Woodland Hills,102,,Cook 2
2026-03-11,2026-03-11 12:00:00,2026-03-11 16:00:00,VH Property Corp. dba Trump National Golf Club Los Angeles,Trump National Golf Course Los Angeles | BOH,105,,Dishwasher
2026-03-11,2026-03-11 12:30:00,2026-03-11 21:00:00,Athenaeum Club,Athenaeum Kitchen,102,,Cook 2
2026-03-11,2026-03-11 12:30:00,2026-03-11 21:00:00,Griffin Club Los Angeles,Griffin Club Los Angeles,102,,Cook 2
2026-03-11,2026-03-11 13:00:00,2026-03-11 21:30:00,Griffin Club Los Angeles,Griffin Club Los Angeles,105,,Dishwasher
2026-03-11,2026-03-11 13:00:00,2026-03-11 21:30:00,Griffin Club Los Angeles,Griffin Club Los Angeles,105,,Dishwasher
2026-03-11,2026-03-11 13:00:00,2026-03-11 21:30:00,Shady Canyon Golf Club,Shady Canyon Golf Club,102,,Cook 2
2026-03-11,2026-03-11 14:00:00,2026-03-11 21:00:00,Indian Wells Tennis Garden,Indian Wells Tennis Gardens | Player Dining,102,Tortilla #1 ,Cook 2
2026-03-11,2026-03-11 14:00:00,2026-03-11 21:00:00,Indian Wells Tennis Garden,Indian Wells Tennis Gardens | Player Dining,102,Burrito 3,Cook 2
2026-03-11,2026-03-11 14:00:00,2026-03-11 21:00:00,Indian Wells Tennis Garden,Indian Wells Tennis Gardens | Player Dining,102,Garnish #1 ,Cook 2
2026-03-11,2026-03-11 14:00:00,2026-03-11 21:00:00,Indian Wells Tennis Garden,Indian Wells Tennis Gardens | Player Dining,101,Cashier # 3,Cashier
2026-03-11,2026-03-11 14:00:00,2026-03-11 21:00:00,Indian Wells Tennis Garden,Indian Wells Tennis Gardens | Player Dining,102,Garnish # 2 ,Cook 2
2026-03-11,2026-03-11 14:00:00,2026-03-11 21:00:00,Indian Wells Tennis Garden,Indian Wells Tennis Gardens | Player Dining,102,Plancha # 2,Cook 2
2026-03-11,2026-03-11 14:00:00,2026-03-11 21:00:00,Indian Wells Tennis Garden,Indian Wells Tennis Gardens | Player Dining,102,Burrito 1,Cook 2
2026-03-11,2026-03-11 14:00:00,2026-03-11 21:00:00,Indian Wells Tennis Garden,Indian Wells Tennis Gardens | Player Dining,102,Tortilla # 2,Cook 2
2026-03-11,2026-03-11 14:00:00,2026-03-11 21:00:00,Indian Wells Tennis Garden,Indian Wells Tennis Gardens | Player Dining,101,Cashier # 3,Cashier
2026-03-11,2026-03-11 14:00:00,2026-03-11 21:00:00,Indian Wells Tennis Garden,Indian Wells Tennis Gardens | Player Dining,102,Plancha #1 ,Cook 2
2026-03-11,2026-03-11 14:00:00,2026-03-11 21:00:00,Indian Wells Tennis Garden,Indian Wells Tennis Gardens | Player Dining,102,Bowls #1,Cook 2
2026-03-11,2026-03-11 14:00:00,2026-03-11 21:00:00,Indian Wells Tennis Garden,Indian Wells Tennis Gardens | Player Dining,102,Burrito 2,Cook 2
2026-03-11,2026-03-11 14:00:00,2026-03-11 22:30:00,Martin Luther King Jr Hospital,Martin Luther King Jr. Hospital | BOH,102,,Cook 2
2026-03-11,2026-03-11 14:00:00,2026-03-11 22:30:00,SBLP Warner Center OPCO LLC - The Variel,The Variel of Woodland Hills,105,,Dishwasher
2026-03-11,2026-03-11 14:00:00,2026-03-11 20:30:00,SBLP Warner Center OPCO LLC - The Variel,The Variel of Woodland Hills,102,,Cook 2
2026-03-11,2026-03-11 14:30:00,2026-03-11 23:00:00,VH Property Corp. dba Trump National Golf Club Los Angeles,Trump National Golf Course Los Angeles | BOH,102,,Cook 2
2026-03-11,2026-03-11 14:30:00,2026-03-11 22:30:00,Viceroy Santa Monica Hotel,Viceroy Santa Monica Hotel,264,,Event Supervisor
2026-03-11,2026-03-11 15:00:00,2026-03-11 23:30:00,Crescent Heights Ten Thousand,Crescent Heights Ten Thousand - Butler Department,115,Butler/Porter,Server 2
2026-03-11,2026-03-11 15:00:00,2026-03-11 22:00:00,Indian Wells Tennis Garden,Indian Wells Tennis Gardens | Player Dining,98,Bar PM,Bartender 2
2026-03-11,2026-03-11 15:00:00,2026-03-11 22:00:00,Indian Wells Tennis Garden,Indian Wells Tennis Gardens | Player Dining,101,Cashier #1,Cashier
2026-03-11,2026-03-11 15:00:00,2026-03-11 22:00:00,Indian Wells Tennis Garden,Indian Wells Tennis Gardens | Player Dining,101,Cashier # 1 ,Cashier
2026-03-11,2026-03-11 15:00:00,2026-03-11 22:00:00,Indian Wells Tennis Garden,Indian Wells Tennis Gardens | Player Dining,101,Cashier #2 ,Cashier
2026-03-11,2026-03-11 15:00:00,2026-03-11 22:00:00,Indian Wells Tennis Garden,Indian Wells Tennis Gardens | Player Dining,102,Nacho ,Cook 2
2026-03-11,2026-03-11 15:00:00,2026-03-11 22:00:00,Indian Wells Tennis Garden,Indian Wells Tennis Gardens | Player Dining,101,Cashier # 1 ,Cashier
2026-03-11,2026-03-11 15:00:00,2026-03-11 22:00:00,Indian Wells Tennis Garden,Indian Wells Tennis Gardens | Player Dining,101,Cashier #2,Cashier
2026-03-11,2026-03-11 15:00:00,2026-03-11 21:30:00,Pepperdine University,Pepperdine University - Catering,115,Brock House Event (President's Home),Server 2
2026-03-11,2026-03-11 15:30:00,2026-03-11 22:30:00,Indian Wells Tennis Garden,Indian Wells Tennis Gardens | Player Dining,101,,Cashier
2026-03-11,2026-03-11 16:00:00,2026-03-11 23:00:00,Canyon Palm Springs Hotel dba Thompson Palm Springs,Thompson Palm Springs |  FOH,99,,Busser
2026-03-11,2026-03-11 16:00:00,2026-03-11 22:00:00,Chef Gunnar Planter,@Chef Gunnar Planter | Offsite,102,,Cook 2
2026-03-11,2026-03-11 16:00:00,2026-03-11 20:15:00,Villa Portofino,Villa Portofino,115,Assisting with regular dinner service,Server 2
2026-03-11,2026-03-11 16:30:00,2026-03-11 21:30:00,Indian Wells Tennis Garden,Indian Wells Tennis Gardens | Player Dining,101,,Cashier
2026-03-11,2026-03-11 17:00:00,2026-03-11 23:00:00,Canyon Palm Springs Hotel dba Thompson Palm Springs,Thompson Palm Springs |  FOH,99,,Busser
2026-03-11,2026-03-11 17:00:00,2026-03-12 01:30:00,Pepperdine University,Pepperdine University - HAWC Cafe & Store,102,,Cook 2
2026-03-11,2026-03-11 17:30:00,2026-03-11 22:30:00,Chef Gunnar Planter,@Chef Gunnar Planter | Offsite,104,Server/ Bartender duties ,General
2026-03-11,2026-03-11 22:00:00,2026-03-12 06:30:00,Commerce Casino,Commerce Casino - Employee Dining Room,102,Overnight Shift,Cook 2
2026-03-12,2026-03-12 05:00:00,2026-03-12 11:00:00,Google Spruce Goose Offices,Google Spruce Goose - Catering Operations,102,,Cook 2
2026-03-12,2026-03-12 05:00:00,2026-03-12 13:30:00,NBC Universal,NBC Universal Studios | The Market Place,102,,Cook 2
2026-03-12,2026-03-12 05:00:00,2026-03-12 13:30:00,PIH Health - Good Samaritan Hospital,PIH Health - Good Samaritan Hospital,290,,Cook 3
2026-03-12,2026-03-12 05:00:00,2026-03-12 13:30:00,PIH Health - Whittier Hospital,PIH Health - Whittier Hospital,102,,Cook 2
2026-03-12,2026-03-12 05:00:00,2026-03-12 13:30:00,PIH Health - Whittier Hospital,PIH Health - Whittier Hospital,110,,Prep Cook 2
2026-03-12,2026-03-12 05:30:00,2026-03-12 11:00:00,Empowered 4 Life Foundation,@ Empowered 4 Life Foundation,110,,Prep Cook 2
2026-03-12,2026-03-12 05:30:00,2026-03-12 14:30:00,"Fox Studio Lot, LLC",Fox Studio - Moe's Cafe BoH,102,,Cook 2
2026-03-12,2026-03-12 05:30:00,2026-03-12 14:00:00,Olive Grove Cafe,Kirkland and Ellis,102,,Cook 2
2026-03-12,2026-03-12 06:00:00,2026-03-12 14:30:00,Amgen Thousand Oaks,Amgen Thousand Oaks - Terrace Cafe,102,,Cook 2
2026-03-12,2026-03-12 06:00:00,2026-03-12 14:00:00,Beverly Hills Unified School District,BHUSD - Beverly Hills High School,104,,General
2026-03-12,2026-03-12 06:00:00,2026-03-12 13:30:00,Beverly Hills Unified School District,BHUSD - Beverly Hills High School,102,,Cook 2
2026-03-12,2026-03-12 06:00:00,2026-03-12 12:00:00,Beverly Hills Unified School District,BHUSD - Beverly Hills High School,104,,General
2026-03-12,2026-03-12 06:00:00,2026-03-12 13:30:00,Beverly Hills Unified School District,BHUSD - Beverly Hills High School,110,,Prep Cook 2
2026-03-12,2026-03-12 06:00:00,2026-03-12 14:30:00,California Endowment ,California Endowment,102,,Cook 2
2026-03-12,2026-03-12 06:00:00,2026-03-12 14:30:00,Capital Group - Irvine,Capital Group - Irvine | FOH,101,,Cashier
2026-03-12,2026-03-12 06:00:00,2026-03-12 14:30:00,Capital Group - Irvine,Capital Group - Irvine | BOH,102,,Cook 2
2026-03-12,2026-03-12 06:00:00,2026-03-12 14:30:00,Capital Group - Irvine,Capital Group - Irvine | BOH,102,,Cook 2
2026-03-12,2026-03-12 06:00:00,2026-03-12 14:00:00,Commerce Casino,Commerce Casino - Employee Dining Room,115,FOH EDR Attend,Server 2
2026-03-12,2026-03-12 06:00:00,2026-03-12 14:30:00,Disney Studios,Disney Studios | GC3 Cafe Glendale,102,,Cook 2
2026-03-12,2026-03-12 06:00:00,2026-03-12 14:30:00,Edwards Lifesciences,Edwards Lifesciences FOH Bldg. C,101,,Cashier
2026-03-12,2026-03-12 06:00:00,2026-03-12 14:30:00,Edwards Lifesciences,Edwards Lifesciences FOH Bldg. C,101,,Cashier
2026-03-12,2026-03-12 06:00:00,2026-03-12 14:30:00,"Fox Studio Lot, LLC",Fox Studio - Commissary,102,,Cook 2
2026-03-12,2026-03-12 06:00:00,2026-03-12 15:00:00,"Fox Studio Lot, LLC",Fox Studio - News Cafe BoH,102,,Cook 2
2026-03-12,2026-03-12 06:00:00,2026-03-12 16:00:00,Indian Wells Tennis Garden,Indian Wells Tennis Gardens | Player Dining,264,,Event Supervisor
2026-03-12,2026-03-12 06:00:00,2026-03-12 14:30:00,Martin Luther King Jr Hospital,Martin Luther King Jr. Hospital | BOH,102,,Cook 2
2026-03-12,2026-03-12 06:00:00,2026-03-12 14:30:00,Park Place Plaza,Park Place Plaza,110,,Prep Cook 2
2026-03-12,2026-03-12 06:00:00,2026-03-12 14:30:00,USC Verdugo Hills Hospital,USC Verdugo Hills Hospital,102,,Cook 2
2026-03-12,2026-03-12 06:00:00,2026-03-12 14:30:00,VEA Hotel - Newport Beach,VEA Hotel - Newport Beach | Cooks,102,,Cook 2
2026-03-12,2026-03-12 06:30:00,2026-03-12 14:30:00,Amgen Thousand Oaks,Amgen Thousand Oaks - Bistro Cafe,102,,Cook 2
2026-03-12,2026-03-12 06:30:00,2026-03-12 15:00:00,Park Place Plaza,Park Place Plaza,115,with Barista Duties,Server 2
2026-03-12,2026-03-12 06:30:00,2026-03-12 15:00:00,SBLP Warner Center OPCO LLC - The Variel,The Variel of Woodland Hills,105,,Dishwasher
2026-03-12,2026-03-12 07:00:00,2026-03-12 15:30:00,1 Hotel Seattle,1 Hotel Seattle,105,,Dishwasher
2026-03-12,2026-03-12 07:00:00,2026-03-12 15:30:00,Beverly Hills Hotel,Beverly Hills Hotel - Main Kitchen,102,,Cook 2
2026-03-12,2026-03-12 07:00:00,2026-03-12 14:00:00,Beverly Hills Unified School District,BHUSD - Horace Mann Elementary School,104,,General
2026-03-12,2026-03-12 07:00:00,2026-03-12 14:00:00,Beverly Hills Unified School District,BHUSD - Beverly Hills High School,105,,Dishwasher
2026-03-12,2026-03-12 07:00:00,2026-03-12 14:00:00,Beverly Hills Unified School District,BHUSD- El Rodeo Elementary,104,,General
2026-03-12,2026-03-12 07:00:00,2026-03-12 11:00:00,Disney Studios,Disney Studios | Rotunda Restaurant,99,,Busser
2026-03-12,2026-03-12 07:00:00,2026-03-12 14:30:00,Guckenheimer Cafe at Red Bull,Guckenheimer Cafe at Red Bull - Front of House,97,,Barista 2
2026-03-12,2026-03-12 07:00:00,2026-03-12 15:00:00,Indian Wells Tennis Garden,Indian Wells Tennis Gardens | Player Dining,101,FSA Attendant,Cashier
2026-03-12,2026-03-12 07:00:00,2026-03-12 15:00:00,Indian Wells Tennis Garden,Indian Wells Tennis Gardens | Player Dining,101,Cashier ,Cashier
2026-03-12,2026-03-12 07:00:00,2026-03-12 15:30:00,Indian Wells Tennis Garden,Indian Wells Tennis Gardens | Player Dining,102,Kitchen Cooks # 1,Cook 2
2026-03-12,2026-03-12 07:00:00,2026-03-12 15:00:00,Indian Wells Tennis Garden,Indian Wells Tennis Gardens | Player Dining,101,FSA Attendant,Cashier
2026-03-12,2026-03-12 07:00:00,2026-03-12 15:30:00,Indian Wells Tennis Garden,Indian Wells Tennis Gardens | Player Dining,102,Kitchen Cooks # 13,Cook 2
2026-03-12,2026-03-12 07:00:00,2026-03-12 15:00:00,Indian Wells Tennis Garden,Indian Wells Tennis Gardens | Player Dining,101,Cashier ,Cashier
2026-03-12,2026-03-12 07:00:00,2026-03-12 15:30:00,Martin Luther King Jr Hospital,Martin Luther King Jr. Hospital | BOH,102,,Cook 2
2026-03-12,2026-03-12 07:00:00,2026-03-12 15:30:00,"Platinum Equity, LLC",Platinum Equity LLC,102,,Cook 2
2026-03-12,2026-03-12 07:00:00,2026-03-12 12:00:00,Superior Event Services,@ Superior Event Services ,115,Serving w/ Bussing duties,Server 2
2026-03-12,2026-03-12 07:00:00,2026-03-12 12:00:00,Superior Event Services,@ Superior Event Services ,115,Serving w/ bussing duties,Server 2
2026-03-12,2026-03-12 07:00:00,2026-03-12 15:30:00,The Meadowglade LLC,The Meadowglade,102,On going/ read description,Cook 2
2026-03-12,2026-03-12 07:00:00,2026-03-12 15:30:00,Union Station Homeless Services,Union Station Homeless Services - Adult Center,102,,Cook 2
2026-03-12,2026-03-12 07:00:00,2026-03-12 15:30:00,Warner Brothers,Warner Brothers,97,,Barista 2
2026-03-12,2026-03-12 07:00:00,2026-03-12 15:30:00,Wolfgang Puck Catering,Wolfgang Puck Catering - Hollywood & Highland,102,OSCAR's PREP,Cook 2
2026-03-12,2026-03-12 07:30:00,2026-03-12 15:30:00,Amgen Thousand Oaks,Amgen Thousand Oaks - Bistro Cafe,105,,Dishwasher
2026-03-12,2026-03-12 07:30:00,2026-03-12 15:30:00,Edwards Lifesciences,Edwards Lifesciences FOH Bldg. C,97,,Barista 2
2026-03-12,2026-03-12 08:00:00,2026-03-12 13:30:00,Beverly Hills Unified School District,BHUSD - Beverly Vista Middle School,104,,General
2026-03-12,2026-03-12 08:00:00,2026-03-12 16:30:00,Crescent Heights Ten Thousand,Crescent Heights Ten Thousand - Butler Department,115,Butler/Porter,Server 2
2026-03-12,2026-03-12 08:00:00,2026-03-12 16:00:00,"Fox Studio Lot, LLC",Fox Studio - Moe's Cafe BoH,105,,Dishwasher
2026-03-12,2026-03-12 08:00:00,2026-03-12 16:00:00,"Fox Studio Lot, LLC",Fox Studio - Moe's Cafe BoH,105,,Dishwasher
2026-03-12,2026-03-12 08:00:00,2026-03-12 15:00:00,Indian Wells Tennis Garden,Indian Wells Tennis Gardens | Player Dining,102,Tortilla # 1 ,Cook 2
2026-03-12,2026-03-12 08:00:00,2026-03-12 15:00:00,Indian Wells Tennis Garden,Indian Wells Tennis Gardens | Player Dining,102,Plancha # 2,Cook 2
2026-03-12,2026-03-12 08:00:00,2026-03-12 15:00:00,Indian Wells Tennis Garden,Indian Wells Tennis Gardens | Player Dining,102,Bowls #1,Cook 2
2026-03-12,2026-03-12 08:00:00,2026-03-12 15:00:00,Indian Wells Tennis Garden,Indian Wells Tennis Gardens | Player Dining,102,Plancha # 1 ,Cook 2
2026-03-12,2026-03-12 08:00:00,2026-03-12 15:00:00,Indian Wells Tennis Garden,Indian Wells Tennis Gardens | Player Dining,102,Burrito 1,Cook 2
2026-03-12,2026-03-12 08:00:00,2026-03-12 15:00:00,Indian Wells Tennis Garden,Indian Wells Tennis Gardens | Player Dining,102,Tortilla #2 ,Cook 2
2026-03-12,2026-03-12 08:00:00,2026-03-12 16:00:00,Indian Wells Tennis Garden,Indian Wells Tennis Gardens | Player Dining,102,Prep,Cook 2
2026-03-12,2026-03-12 08:00:00,2026-03-12 16:30:00,Indian Wells Tennis Garden,Indian Wells Tennis Gardens | Player Dining,102,Kitchen Cooks # 4,Cook 2
2026-03-12,2026-03-12 08:00:00,2026-03-12 15:00:00,Indian Wells Tennis Garden,Indian Wells Tennis Gardens | Player Dining,102,Garnish #1 ,Cook 2
2026-03-12,2026-03-12 08:00:00,2026-03-12 15:00:00,Indian Wells Tennis Garden,Indian Wells Tennis Gardens | Player Dining,102,Burrito 2 ,Cook 2
2026-03-12,2026-03-12 08:00:00,2026-03-12 15:00:00,Indian Wells Tennis Garden,Indian Wells Tennis Gardens | Player Dining,102,Garnish # 2,Cook 2
2026-03-12,2026-03-12 08:00:00,2026-03-12 15:00:00,Malibu Beach Inn,Malibu Beach Inn - BOH,105,,Dishwasher
2026-03-12,2026-03-12 08:00:00,2026-03-12 14:00:00,The Thermal Club,@ The Thermal Club,285,Set Up ,Server 1
2026-03-12,2026-03-12 08:00:00,2026-03-12 18:00:00,The Thermal Club,@ The Thermal Club,102,,Cook 2
2026-03-12,2026-03-12 08:00:00,2026-03-12 16:00:00,The Thermal Club,@ The Thermal Club,105,,Dishwasher
2026-03-12,2026-03-12 08:00:00,2026-03-12 18:00:00,The Thermal Club,@ The Thermal Club,104,Dishwasher,General
2026-03-12,2026-03-12 08:00:00,2026-03-12 18:00:00,The Thermal Club,@ The Thermal Club,105,,Dishwasher
2026-03-12,2026-03-12 08:00:00,2026-03-12 18:00:00,The Thermal Club,@ The Thermal Club,104,Dishwasher,General
2026-03-12,2026-03-12 08:00:00,2026-03-12 14:00:00,The Thermal Club,@ The Thermal Club,285,Set Up ,Server 1
2026-03-12,2026-03-12 08:00:00,2026-03-12 16:00:00,The Thermal Club,@ The Thermal Club,102,,Cook 2
2026-03-12,2026-03-12 08:00:00,2026-03-12 18:00:00,The Thermal Club,@ The Thermal Club,102,,Cook 2
2026-03-12,2026-03-12 08:00:00,2026-03-12 16:30:00,The Wonderful Company,The Wonderful Company,97,,Barista 2
2026-03-12,2026-03-12 08:30:00,2026-03-12 16:30:00,"Platinum Equity, LLC",Platinum Equity LLC,102,,Cook 2
2026-03-12,2026-03-12 09:00:00,2026-03-12 16:00:00,Indian Wells Tennis Garden,Indian Wells Tennis Gardens | Player Dining,101,Cashier #2 ,Cashier
2026-03-12,2026-03-12 09:00:00,2026-03-12 16:00:00,Indian Wells Tennis Garden,Indian Wells Tennis Gardens | Player Dining,102,Nacho AM,Cook 2
2026-03-12,2026-03-12 09:00:00,2026-03-12 16:00:00,Indian Wells Tennis Garden,Indian Wells Tennis Gardens | Player Dining,101,Cashier # 2,Cashier
2026-03-12,2026-03-12 09:00:00,2026-03-12 17:30:00,Indian Wells Tennis Garden,Indian Wells Tennis Gardens | Player Dining,102,Kitchen Cooks # 16,Cook 2
2026-03-12,2026-03-12 09:00:00,2026-03-12 16:00:00,Indian Wells Tennis Garden,Indian Wells Tennis Gardens | Player Dining,101,Cashier # 1,Cashier
2026-03-12,2026-03-12 09:00:00,2026-03-12 17:30:00,Indian Wells Tennis Garden,Indian Wells Tennis Gardens | Player Dining,102,Kitchen Cooks # 12,Cook 2
2026-03-12,2026-03-12 09:00:00,2026-03-12 17:30:00,Indian Wells Tennis Garden,Indian Wells Tennis Gardens | Player Dining,102,Kitchen Cooks # 8,Cook 2
2026-03-12,2026-03-12 09:00:00,2026-03-12 17:30:00,Indian Wells Tennis Garden,Indian Wells Tennis Gardens | Player Dining,102,Kitchen Cooks # 19,Cook 2
2026-03-12,2026-03-12 09:00:00,2026-03-12 17:30:00,Indian Wells Tennis Garden,Indian Wells Tennis Gardens | Player Dining,102,Kitchen Cooks # 9,Cook 2
2026-03-12,2026-03-12 09:00:00,2026-03-12 16:00:00,Indian Wells Tennis Garden,Indian Wells Tennis Gardens | Player Dining,101,Cashier #1 ,Cashier
2026-03-12,2026-03-12 09:00:00,2026-03-12 16:00:00,Indian Wells Tennis Garden,Indian Wells Tennis Gardens | Player Dining,98,Bar AM,Bartender 2
2026-03-12,2026-03-12 09:00:00,2026-03-12 16:00:00,Indian Wells Tennis Garden,Indian Wells Tennis Gardens | Player Dining,101,Cashier # 1,Cashier
2026-03-12,2026-03-12 09:00:00,2026-03-12 16:00:00,Indian Wells Tennis Garden,Indian Wells Tennis Gardens | Player Dining,101,,Cashier
2026-03-12,2026-03-12 09:00:00,2026-03-12 17:30:00,Indian Wells Tennis Garden,Indian Wells Tennis Gardens | Player Dining,102,Kitchen Cooks # 10,Cook 2
2026-03-12,2026-03-12 09:00:00,2026-03-12 14:00:00,New West Charter School,New West Charter School - ARMACOST Location,115,,Server 2
2026-03-12,2026-03-12 09:00:00,2026-03-12 14:00:00,New West Charter School,New West Charter School - ARMACOST Location,115,,Server 2
2026-03-12,2026-03-12 09:00:00,2026-03-12 17:30:00,NFL LA Huddle Cafe,NFL LA Huddle Cafe,102,,Cook 2
2026-03-12,2026-03-12 09:00:00,2026-03-12 18:00:00,Park Place Plaza,Park Place Plaza,115,,Server 2
2026-03-12,2026-03-12 09:00:00,2026-03-12 15:30:00,Pepperdine University,Pepperdine University - Drescher,105,,Dishwasher
2026-03-12,2026-03-12 09:00:00,2026-03-12 17:30:00,"Platinum Equity, LLC",Platinum Equity LLC,105,,Dishwasher
2026-03-12,2026-03-12 09:00:00,2026-03-12 17:30:00,The Thermal Club,@ The Thermal Club,98,,Bartender 2
2026-03-12,2026-03-12 09:00:00,2026-03-12 17:30:00,The Thermal Club,@ The Thermal Club,104,Busser,General
2026-03-12,2026-03-12 09:00:00,2026-03-12 17:30:00,The Thermal Club,@ The Thermal Club,115,Busser Duties,Server 2
2026-03-12,2026-03-12 09:00:00,2026-03-12 17:30:00,The Thermal Club,@ The Thermal Club,105,Busser Duties ,Dishwasher
2026-03-12,2026-03-12 09:00:00,2026-03-12 17:30:00,The Thermal Club,@ The Thermal Club,98,,Bartender 2
2026-03-12,2026-03-12 09:00:00,2026-03-12 17:30:00,The Thermal Club,@ The Thermal Club,285,Busser Duties ,Server 1
2026-03-12,2026-03-12 09:00:00,2026-03-12 14:00:00,Wolfgang Puck Catering,Wolfgang Puck Catering - Sony Studios,102,,Cook 2
2026-03-12,2026-03-12 09:30:00,2026-03-12 15:30:00,Google Spruce Goose Offices,Google Spruce Goose - Cafe,104,Dishwasher,General
2026-03-12,2026-03-12 09:30:00,2026-03-12 14:00:00,Olive Grove Cafe,Olive Grove Cafe,101,with Food Runner Duties,Cashier
2026-03-12,2026-03-12 09:30:00,2026-03-12 14:30:00,Universal Music Group,Universal Music Group,110,,Prep Cook 2
2026-03-12,2026-03-12 10:00:00,2026-03-12 14:30:00,Google Spruce Goose Offices,Google Spruce Goose - Cafe,104,Dishwasher,General
2026-03-12,2026-03-12 10:00:00,2026-03-12 18:00:00,Indian Wells Tennis Garden,Indian Wells Tennis Gardens | Player Dining,101,FSA Attendant ,Cashier
2026-03-12,2026-03-12 10:00:00,2026-03-12 18:00:00,Indian Wells Tennis Garden,Indian Wells Tennis Gardens | Player Dining,101,Cashier,Cashier
2026-03-12,2026-03-12 10:00:00,2026-03-12 18:00:00,Indian Wells Tennis Garden,Indian Wells Tennis Gardens | Player Dining,101,FSA Attendant,Cashier
2026-03-12,2026-03-12 10:00:00,2026-03-12 18:00:00,Indian Wells Tennis Garden,Indian Wells Tennis Gardens | Player Dining,102,EXPO Mid,Cook 2
2026-03-12,2026-03-12 10:00:00,2026-03-12 18:00:00,Indian Wells Tennis Garden,Indian Wells Tennis Gardens | Player Dining,101,Cashier ,Cashier
2026-03-12,2026-03-12 10:00:00,2026-03-12 16:00:00,Indian Wells Tennis Garden,Indian Wells Tennis Gardens | Player Dining,101,Cashier #3,Cashier
2026-03-12,2026-03-12 10:00:00,2026-03-12 18:30:00,NFL LA Huddle Cafe,NFL LA Huddle Cafe,102,,Cook 2
2026-03-12,2026-03-12 10:00:00,2026-03-12 16:00:00,Park Place Plaza,Park Place Plaza,115,,Server 2
2026-03-12,2026-03-12 10:00:00,2026-03-12 18:00:00,The Thermal Club,@ The Thermal Club,102,,Cook 2
2026-03-12,2026-03-12 10:00:00,2026-03-12 15:00:00,Universal Music Group,Universal Music Group,105,,Dishwasher
2026-03-12,2026-03-12 10:00:00,2026-03-12 18:30:00,USC Verdugo Hills Hospital,USC Verdugo Hills Hospital,102,,Cook 2
2026-03-12,2026-03-12 11:00:00,2026-03-12 19:00:00,Chef Gunnar Planter,@Chef Gunnar Planter | Offsite,102,,Cook 2
2026-03-12,2026-03-12 11:00:00,2026-03-12 16:30:00,Google Spruce Goose Offices,Google Spruce Goose - Cafe,104,,General
2026-03-12,2026-03-12 11:00:00,2026-03-12 20:30:00,Indian Wells Tennis Garden,Indian Wells Tennis Gardens | Player Dining,102,Kitchen Cooks # 6,Cook 2
2026-03-12,2026-03-12 11:00:00,2026-03-12 20:00:00,Indian Wells Tennis Garden,Indian Wells Tennis Gardens | Player Dining,102,Kitchen Cooks # 18,Cook 2
2026-03-12,2026-03-12 11:00:00,2026-03-12 20:30:00,Indian Wells Tennis Garden,Indian Wells Tennis Gardens | Player Dining,102,Kitchen Cooks # 14,Cook 2
2026-03-12,2026-03-12 11:00:00,2026-03-12 20:30:00,Indian Wells Tennis Garden,Indian Wells Tennis Gardens | Player Dining,102,Kitchen Cooks # 5,Cook 2
2026-03-12,2026-03-12 11:00:00,2026-03-12 20:30:00,Indian Wells Tennis Garden,Indian Wells Tennis Gardens | Player Dining,102,Kitchen Cooks # 20,Cook 2
2026-03-12,2026-03-12 11:00:00,2026-03-12 19:30:00,PIH Health - Whittier Hospital,PIH Health - Whittier Hospital,102,,Cook 2
2026-03-12,2026-03-12 11:00:00,2026-03-12 18:30:00,The Thermal Club,@ The Thermal Club,115,,Server 2
2026-03-12,2026-03-12 11:00:00,2026-03-12 18:30:00,The Thermal Club,@ The Thermal Club,115,Busser Duties ,Server 2
2026-03-12,2026-03-12 11:00:00,2026-03-12 19:00:00,The Thermal Club,@ The Thermal Club,105,,Dishwasher
2026-03-12,2026-03-12 11:00:00,2026-03-12 18:30:00,The Thermal Club,@ The Thermal Club,98,,Bartender 2
2026-03-12,2026-03-12 11:00:00,2026-03-12 19:00:00,The Thermal Club,@ The Thermal Club,104,Dishwasher,General
2026-03-12,2026-03-12 11:00:00,2026-03-12 19:30:00,The Vered,The Vered,102,,Cook 2
2026-03-12,2026-03-12 11:00:00,2026-03-12 19:30:00,University Village Thousand Oaks,University Village Thousand Oaks ,102,,Cook 2
2026-03-12,2026-03-12 11:15:00,2026-03-12 18:00:00,The Thermal Club,@ The Thermal Club,102,,Cook 2
2026-03-12,2026-03-12 11:30:00,2026-03-12 16:00:00,Commerce Casino,Commerce Casino - Banquets | FOH,115,Report to Ballroom,Server 2
2026-03-12,2026-03-12 12:00:00,2026-03-12 20:00:00,Academy Museum of Motion Pictures,Academy Museum of Motion Pictures - Fanny's Restaurant,105,,Dishwasher
2026-03-12,2026-03-12 12:00:00,2026-03-12 20:30:00,Bel Air Bay Club ,Bel Air Bay Club - Upper Club,102,,Cook 2
2026-03-12,2026-03-12 12:00:00,2026-03-12 20:00:00,Indian Wells Tennis Garden,Indian Wells Tennis Gardens | Player Dining,101,FSA Attendant ,Cashier
2026-03-12,2026-03-12 12:00:00,2026-03-12 20:00:00,Indian Wells Tennis Garden,Indian Wells Tennis Gardens | Player Dining,101,FSA Attendant ,Cashier
2026-03-12,2026-03-12 12:00:00,2026-03-12 20:00:00,Indian Wells Tennis Garden,Indian Wells Tennis Gardens | Player Dining,101,Cashier,Cashier
2026-03-12,2026-03-12 12:00:00,2026-03-12 20:00:00,Indian Wells Tennis Garden,Indian Wells Tennis Gardens | Player Dining,101,FSA Attendant,Cashier
2026-03-12,2026-03-12 12:00:00,2026-03-12 18:00:00,NBC Universal,NBC Universal Studios | The Market Place,105,Utility Person \ Deep Cleaning |report to building 2312 commons.,Dishwasher
2026-03-12,2026-03-12 12:00:00,2026-03-12 20:30:00,PIH Health - Whittier Hospital,PIH Health - Whittier Hospital,110,,Prep Cook 2
2026-03-12,2026-03-12 12:30:00,2026-03-12 21:00:00,Athenaeum Club,Athenaeum Kitchen,102,,Cook 2
2026-03-12,2026-03-12 13:00:00,2026-03-12 21:30:00,Griffin Club Los Angeles,Griffin Club Los Angeles,105,,Dishwasher
2026-03-12,2026-03-12 13:00:00,2026-03-12 19:00:00,Park Place Plaza,Park Place Plaza,105,,Dishwasher
2026-03-12,2026-03-12 13:00:00,2026-03-12 21:30:00,Shady Canyon Golf Club,Shady Canyon Golf Club,102,,Cook 2
2026-03-12,2026-03-12 13:00:00,2026-03-12 21:00:00,The Thermal Club,@ The Thermal Club,105,,Dishwasher
2026-03-12,2026-03-12 13:00:00,2026-03-12 21:00:00,The Thermal Club,@ The Thermal Club,104,Dishwasher,General
2026-03-12,2026-03-12 13:30:00,2026-03-12 22:00:00,Griffin Club Los Angeles,Griffin Club Los Angeles,102,,Cook 2
2026-03-12,2026-03-12 14:00:00,2026-03-12 22:30:00,Griffin Club Los Angeles,Griffin Club Los Angeles,105,,Dishwasher
2026-03-12,2026-03-12 14:00:00,2026-03-12 21:00:00,Indian Wells Tennis Garden,Indian Wells Tennis Gardens | Player Dining,102,Garnish #1 ,Cook 2
2026-03-12,2026-03-12 14:00:00,2026-03-12 21:00:00,Indian Wells Tennis Garden,Indian Wells Tennis Gardens | Player Dining,101,Cashier # 3,Cashier
2026-03-12,2026-03-12 14:00:00,2026-03-12 21:00:00,Indian Wells Tennis Garden,Indian Wells Tennis Gardens | Player Dining,102,Garnish # 2 ,Cook 2
2026-03-12,2026-03-12 14:00:00,2026-03-12 21:00:00,Indian Wells Tennis Garden,Indian Wells Tennis Gardens | Player Dining,102,Burrito 1 ,Cook 2
2026-03-12,2026-03-12 14:00:00,2026-03-12 21:00:00,Indian Wells Tennis Garden,Indian Wells Tennis Gardens | Player Dining,102,Plancha # 2,Cook 2
2026-03-12,2026-03-12 14:00:00,2026-03-12 21:00:00,Indian Wells Tennis Garden,Indian Wells Tennis Gardens | Player Dining,102,Tortilla # 2,Cook 2
2026-03-12,2026-03-12 14:00:00,2026-03-12 21:00:00,Indian Wells Tennis Garden,Indian Wells Tennis Gardens | Player Dining,102,Burrito 2 ,Cook 2
2026-03-12,2026-03-12 14:00:00,2026-03-12 21:00:00,Indian Wells Tennis Garden,Indian Wells Tennis Gardens | Player Dining,102,Plancha #1 ,Cook 2
2026-03-12,2026-03-12 14:00:00,2026-03-12 21:00:00,Indian Wells Tennis Garden,Indian Wells Tennis Gardens | Player Dining,101,Cashier # 3,Cashier
2026-03-12,2026-03-12 14:00:00,2026-03-12 21:00:00,Indian Wells Tennis Garden,Indian Wells Tennis Gardens | Player Dining,102,Bowls #1,Cook 2
2026-03-12,2026-03-12 14:00:00,2026-03-12 21:00:00,Indian Wells Tennis Garden,Indian Wells Tennis Gardens | Player Dining,102,Tortilla #1 ,Cook 2
2026-03-12,2026-03-12 14:00:00,2026-03-12 22:30:00,Martin Luther King Jr Hospital,Martin Luther King Jr. Hospital | BOH,102,,Cook 2
2026-03-12,2026-03-12 14:00:00,2026-03-12 19:00:00,Park Place Plaza,Park Place Plaza,115,,Server 2
2026-03-12,2026-03-12 14:00:00,2026-03-12 22:30:00,SBLP Warner Center OPCO LLC - The Variel,The Variel of Woodland Hills,105,,Dishwasher
2026-03-12,2026-03-12 14:00:00,2026-03-12 22:30:00,SBLP Warner Center OPCO LLC - The Variel,The Variel of Woodland Hills,102,,Cook 2
2026-03-12,2026-03-12 14:30:00,2026-03-12 23:00:00,VH Property Corp. dba Trump National Golf Club Los Angeles,Trump National Golf Course Los Angeles | BOH,102,,Cook 2
2026-03-12,2026-03-12 14:30:00,2026-03-12 22:30:00,Viceroy Santa Monica Hotel,Viceroy Santa Monica Hotel,264,,Event Supervisor
2026-03-12,2026-03-12 15:00:00,2026-03-12 23:00:00,Crescent Heights Ten Thousand,Crescent Heights Ten Thousand - Bartending,98,,Bartender 2
2026-03-12,2026-03-12 15:00:00,2026-03-12 23:30:00,Crescent Heights Ten Thousand,Crescent Heights Ten Thousand - Butler Department,115,Butler/Porter,Server 2
2026-03-12,2026-03-12 15:00:00,2026-03-12 22:00:00,Indian Wells Tennis Garden,Indian Wells Tennis Gardens | Player Dining,98,Bar PM,Bartender 2
2026-03-12,2026-03-12 15:00:00,2026-03-12 22:00:00,Indian Wells Tennis Garden,Indian Wells Tennis Gardens | Player Dining,101,Cashier # 1 ,Cashier
2026-03-12,2026-03-12 15:00:00,2026-03-12 22:00:00,Indian Wells Tennis Garden,Indian Wells Tennis Gardens | Player Dining,101,Cashier # 1 ,Cashier
2026-03-12,2026-03-12 15:00:00,2026-03-12 22:00:00,Indian Wells Tennis Garden,Indian Wells Tennis Gardens | Player Dining,101,Cashier #1,Cashier
2026-03-12,2026-03-12 15:00:00,2026-03-12 22:00:00,Indian Wells Tennis Garden,Indian Wells Tennis Gardens | Player Dining,101,Cashier #2 ,Cashier
2026-03-12,2026-03-12 15:00:00,2026-03-12 22:00:00,Indian Wells Tennis Garden,Indian Wells Tennis Gardens | Player Dining,101,Cashier #2,Cashier
2026-03-12,2026-03-12 15:00:00,2026-03-12 22:00:00,Indian Wells Tennis Garden,Indian Wells Tennis Gardens | Player Dining,102,Nacho PM,Cook 2
2026-03-12,2026-03-12 15:30:00,2026-03-12 22:30:00,Indian Wells Tennis Garden,Indian Wells Tennis Gardens | Player Dining,101,,Cashier
2026-03-12,2026-03-12 15:45:00,2026-03-12 20:15:00,Villa Portofino,Villa Portofino,115,Assisting with regular dinner service,Server 2
2026-03-12,2026-03-12 16:00:00,2026-03-12 23:00:00,Canyon Palm Springs Hotel dba Thompson Palm Springs,Thompson Palm Springs |  FOH,99,,Busser
2026-03-12,2026-03-12 16:00:00,2026-03-12 22:00:00,Chef Gunnar Planter,@Chef Gunnar Planter | Offsite,102,,Cook 2
2026-03-12,2026-03-12 16:00:00,2026-03-12 22:30:00,Malibu Beach Inn,Malibu Beach Inn - BOH,105,,Dishwasher
2026-03-12,2026-03-12 16:00:00,2026-03-12 21:00:00,Wolfgang Puck Catering,Wolfgang Puck Catering - Temple | AIP,105,,Dishwasher
2026-03-12,2026-03-12 17:00:00,2026-03-13 01:30:00,Pepperdine University,Pepperdine University - HAWC Cafe & Store,102,,Cook 2
2026-03-12,2026-03-12 18:00:00,2026-03-12 23:00:00,Griffin Club Los Angeles,Griffin Club Los Angeles,105,,Dishwasher
2026-03-12,2026-03-12 19:00:00,2026-03-12 22:00:00,The Thermal Club,@ The Thermal Club,264,,Event Supervisor
2026-03-12,2026-03-12 20:00:00,2026-03-13 02:30:00,Wolfgang Puck Catering,Wolfgang Puck Catering - Temple | AIP,105,,Dishwasher
2026-03-12,2026-03-12 22:00:00,2026-03-13 06:30:00,Commerce Casino,Commerce Casino - Employee Dining Room,102,Overnight Shift,Cook 2
2026-03-13,2026-03-13 02:00:00,2026-03-13 10:00:00,Commerce Casino,Commerce Casino - High Limit Kitchen | FOH | MON - TH,101,with Limited runner duties | Overnight shift,Cashier
2026-03-13,2026-03-13 05:00:00,2026-03-13 11:00:00,Google Spruce Goose Offices,Google Spruce Goose - Catering Operations,102,,Cook 2
2026-03-13,2026-03-13 05:00:00,2026-03-13 13:30:00,People Assisting the Homeless,People Assisting the Homeless - YWCA,110,,Prep Cook 2
2026-03-13,2026-03-13 05:00:00,2026-03-13 13:30:00,PIH Health - Good Samaritan Hospital,PIH Health - Good Samaritan Hospital,290,,Cook 3
2026-03-13,2026-03-13 05:00:00,2026-03-13 13:30:00,PIH Health - Whittier Hospital,PIH Health - Whittier Hospital,102,,Cook 2
2026-03-13,2026-03-13 05:30:00,2026-03-13 11:00:00,Empowered 4 Life Foundation,@ Empowered 4 Life Foundation,110,,Prep Cook 2
2026-03-13,2026-03-13 05:30:00,2026-03-13 15:00:00,"Fox Studio Lot, LLC",Fox Studio - Moe's Cafe BoH,102,,Cook 2
2026-03-13,2026-03-13 05:30:00,2026-03-13 14:30:00,"Fox Studio Lot, LLC",Fox Studio - Moe's Cafe BoH,102,,Cook 2
2026-03-13,2026-03-13 05:30:00,2026-03-13 13:00:00,The Thermal Club,@ The Thermal Club,115,,Server 2
2026-03-13,2026-03-13 05:30:00,2026-03-13 13:00:00,The Thermal Club,@ The Thermal Club,115,Busser Duties,Server 2
2026-03-13,2026-03-13 05:30:00,2026-03-13 13:00:00,The Thermal Club,@ The Thermal Club,285,Busser Duties ,Server 1
2026-03-13,2026-03-13 06:00:00,2026-03-13 14:30:00,Amgen Thousand Oaks,Amgen Thousand Oaks - Terrace Cafe,102,,Cook 2
2026-03-13,2026-03-13 06:00:00,2026-03-13 14:00:00,Beverly Hills Unified School District,BHUSD - Beverly Hills High School,104,,General
2026-03-13,2026-03-13 06:00:00,2026-03-13 13:30:00,Beverly Hills Unified School District,BHUSD - Beverly Hills High School,102,,Cook 2
2026-03-13,2026-03-13 06:00:00,2026-03-13 13:30:00,Beverly Hills Unified School District,BHUSD - Beverly Hills High School,104,,General
2026-03-13,2026-03-13 06:00:00,2026-03-13 13:30:00,Beverly Hills Unified School District,BHUSD - Beverly Hills High School,110,,Prep Cook 2
2026-03-13,2026-03-13 06:00:00,2026-03-13 14:30:00,California Endowment ,California Endowment,102,,Cook 2
2026-03-13,2026-03-13 06:00:00,2026-03-13 14:00:00,Commerce Casino,Commerce Casino - High Limit Kitchen | FOH | MON - TH,101,with runner duties,Cashier
2026-03-13,2026-03-13 06:00:00,2026-03-13 14:00:00,Commerce Casino,Commerce Casino - Employee Dining Room,115,FOH EDR Attend,Server 2
2026-03-13,2026-03-13 06:00:00,2026-03-13 12:00:00,Crescent Heights Ten Thousand,Crescent Heights Ten Thousand - Buffet,115,,Server 2
2026-03-13,2026-03-13 06:00:00,2026-03-13 14:30:00,Edwards Lifesciences,Edwards Lifesciences FOH Bldg. C,101,,Cashier
2026-03-13,2026-03-13 06:00:00,2026-03-13 14:30:00,Edwards Lifesciences,Edwards Lifesciences FOH Bldg. C,101,,Cashier
2026-03-13,2026-03-13 06:00:00,2026-03-13 14:30:00,"Fox Studio Lot, LLC",Fox Studio - Commissary,102,,Cook 2
2026-03-13,2026-03-13 06:00:00,2026-03-13 15:00:00,"Fox Studio Lot, LLC",Fox Studio - News Cafe BoH,102,,Cook 2
2026-03-13,2026-03-13 06:00:00,2026-03-13 16:00:00,Indian Wells Tennis Garden,Indian Wells Tennis Gardens | Player Dining,264,,Event Supervisor
2026-03-13,2026-03-13 06:00:00,2026-03-13 14:30:00,Martin Luther King Jr Hospital,Martin Luther King Jr. Hospital | BOH,102,,Cook 2
2026-03-13,2026-03-13 06:00:00,2026-03-13 12:00:00,SBLP Warner Center OPCO LLC - The Variel,The Variel of Woodland Hills,102,,Cook 2
2026-03-13,2026-03-13 06:00:00,2026-03-13 14:30:00,The Thermal Club,@ The Thermal Club,115,,Server 2
2026-03-13,2026-03-13 06:00:00,2026-03-13 18:00:00,The Thermal Club,@ The Thermal Club,264,,Event Supervisor
2026-03-13,2026-03-13 06:00:00,2026-03-13 14:30:00,The Thermal Club,@ The Thermal Club,115,Runner Duties ,Server 2
2026-03-13,2026-03-13 06:00:00,2026-03-13 14:30:00,USC Verdugo Hills Hospital,USC Verdugo Hills Hospital,102,,Cook 2
2026-03-13,2026-03-13 06:00:00,2026-03-13 14:30:00,VEA Hotel - Newport Beach,VEA Hotel - Newport Beach | Cooks,102,,Cook 2
2026-03-13,2026-03-13 06:30:00,2026-03-13 14:30:00,Amgen Thousand Oaks,Amgen Thousand Oaks - Bistro Cafe,102,,Cook 2
2026-03-13,2026-03-13 06:30:00,2026-03-13 15:00:00,Park Place Plaza,Park Place Plaza,115,with Barista Duties,Server 2
2026-03-13,2026-03-13 06:30:00,2026-03-13 14:00:00,St. Anne's Maternity,St. Anne's Maternity,115,,Server 2
2026-03-13,2026-03-13 06:30:00,2026-03-13 18:00:00,The Thermal Club,@ The Thermal Club,104,Dishwasher,General
2026-03-13,2026-03-13 06:30:00,2026-03-13 18:00:00,The Thermal Club,@ The Thermal Club,105,,Dishwasher
2026-03-13,2026-03-13 06:30:00,2026-03-13 18:00:00,The Thermal Club,@ The Thermal Club,104,Dishwasher,General
2026-03-13,2026-03-13 06:30:00,2026-03-13 19:00:00,The Thermal Club,@ The Thermal Club,102,,Cook 2
2026-03-13,2026-03-13 06:30:00,2026-03-13 19:00:00,The Thermal Club,@ The Thermal Club,102,,Cook 2
2026-03-13,2026-03-13 07:00:00,2026-03-13 15:30:00,Beverly Hills Hotel,Beverly Hills Hotel - Main Kitchen,102,,Cook 2
2026-03-13,2026-03-13 07:00:00,2026-03-13 14:00:00,Beverly Hills Unified School District,BHUSD - Horace Mann Elementary School,104,,General
2026-03-13,2026-03-13 07:00:00,2026-03-13 14:00:00,Beverly Hills Unified School District,BHUSD - Beverly Hills High School,105,,Dishwasher
2026-03-13,2026-03-13 07:00:00,2026-03-13 13:30:00,Beverly Hills Unified School District,BHUSD - Horace Mann Elementary School,110,,Prep Cook 2
2026-03-13,2026-03-13 07:00:00,2026-03-13 14:00:00,Beverly Hills Unified School District,BHUSD- El Rodeo Elementary,104,,General
2026-03-13,2026-03-13 07:00:00,2026-03-13 15:00:00,Indian Wells Tennis Garden,Indian Wells Tennis Gardens | Player Dining,101,FSA Attendant,Cashier
2026-03-13,2026-03-13 07:00:00,2026-03-13 15:00:00,Indian Wells Tennis Garden,Indian Wells Tennis Gardens | Player Dining,101,Cashier,Cashier
2026-03-13,2026-03-13 07:00:00,2026-03-13 15:30:00,Indian Wells Tennis Garden,Indian Wells Tennis Gardens | Player Dining,102,Kitchen Cooks # 1,Cook 2
2026-03-13,2026-03-13 07:00:00,2026-03-13 15:30:00,Indian Wells Tennis Garden,Indian Wells Tennis Gardens | Player Dining,102,Kitchen Cooks # 13,Cook 2
2026-03-13,2026-03-13 07:00:00,2026-03-13 15:30:00,Martin Luther King Jr Hospital,Martin Luther King Jr. Hospital | BOH,102,,Cook 2
2026-03-13,2026-03-13 07:00:00,2026-03-13 15:30:00,NBC Universal,NBC Universal Studios | The Market Place,102,Sushi,Cook 2
2026-03-13,2026-03-13 07:00:00,2026-03-13 15:30:00,"Platinum Equity, LLC",Platinum Equity LLC,102,,Cook 2
2026-03-13,2026-03-13 07:00:00,2026-03-13 13:00:00,Terrace Kitchen,Terrace Kitchen,105,,Dishwasher
2026-03-13,2026-03-13 07:00:00,2026-03-13 15:00:00,The Thermal Club,@ The Thermal Club,115,Barista / Coffee Service,Server 2
2026-03-13,2026-03-13 07:00:00,2026-03-13 15:00:00,The Thermal Club,@ The Thermal Club,115,Buvette / Beverage Service,Server 2
2026-03-13,2026-03-13 07:00:00,2026-03-13 15:00:00,The Thermal Club,@ The Thermal Club,115,Buffet Service,Server 2
2026-03-13,2026-03-13 07:00:00,2026-03-13 15:30:00,Union Station Homeless Services,Union Station Homeless Services - Adult Center,102,,Cook 2
2026-03-13,2026-03-13 07:00:00,2026-03-13 15:30:00,Wolfgang Puck Catering,Wolfgang Puck Catering - Hollywood & Highland,102,OSCAR's PREP,Cook 2
2026-03-13,2026-03-13 07:30:00,2026-03-13 15:30:00,Amgen Thousand Oaks,Amgen Thousand Oaks - Bistro Cafe,105,,Dishwasher
2026-03-13,2026-03-13 07:30:00,2026-03-13 15:30:00,Edwards Lifesciences,Edwards Lifesciences FOH Bldg. C,97,,Barista 2
2026-03-13,2026-03-13 08:00:00,2026-03-13 13:30:00,Beverly Hills Unified School District,BHUSD - Beverly Vista Middle School,104,,General
2026-03-13,2026-03-13 08:00:00,2026-03-13 16:30:00,Crescent Heights Ten Thousand,Crescent Heights Ten Thousand - Butler Department,115,Butler/Porter,Server 2
2026-03-13,2026-03-13 08:00:00,2026-03-13 16:00:00,"Fox Studio Lot, LLC",Fox Studio - Moe's Cafe BoH,105,,Dishwasher
2026-03-13,2026-03-13 08:00:00,2026-03-13 16:00:00,"Fox Studio Lot, LLC",Fox Studio - Moe's Cafe BoH,105,,Dishwasher
2026-03-13,2026-03-13 08:00:00,2026-03-13 16:00:00,Indian Wells Tennis Garden,Indian Wells Tennis Gardens | Player Dining,102,Tortilla #1 ,Cook 2
2026-03-13,2026-03-13 08:00:00,2026-03-13 15:00:00,Indian Wells Tennis Garden,Indian Wells Tennis Gardens | Player Dining,102,Bowls #1,Cook 2
2026-03-13,2026-03-13 08:00:00,2026-03-13 15:00:00,Indian Wells Tennis Garden,Indian Wells Tennis Gardens | Player Dining,102,Burrito 2,Cook 2
2026-03-13,2026-03-13 08:00:00,2026-03-13 16:00:00,Indian Wells Tennis Garden,Indian Wells Tennis Gardens | Player Dining,102,Plancha #1 ,Cook 2
2026-03-13,2026-03-13 08:00:00,2026-03-13 16:00:00,Indian Wells Tennis Garden,Indian Wells Tennis Gardens | Player Dining,102,Prep,Cook 2
2026-03-13,2026-03-13 08:00:00,2026-03-13 16:00:00,Indian Wells Tennis Garden,Indian Wells Tennis Gardens | Player Dining,102,Garnish #1,Cook 2
2026-03-13,2026-03-13 08:00:00,2026-03-13 15:00:00,Indian Wells Tennis Garden,Indian Wells Tennis Gardens | Player Dining,102,Burrito 1,Cook 2
2026-03-13,2026-03-13 08:00:00,2026-03-13 15:00:00,Malibu Beach Inn,Malibu Beach Inn - BOH,105,,Dishwasher
2026-03-13,2026-03-13 08:00:00,2026-03-13 13:00:00,New West Charter School,New West Charter School - W. PICO Location,115,,Server 2
2026-03-13,2026-03-13 08:00:00,2026-03-13 16:00:00,The Thermal Club,@ The Thermal Club,102,,Cook 2
2026-03-13,2026-03-13 08:00:00,2026-03-13 15:00:00,The Thermal Club,@ The Thermal Club,115,Clearing and Lunch Service,Server 2
2026-03-13,2026-03-13 08:00:00,2026-03-13 16:00:00,The Thermal Club,@ The Thermal Club,105,,Dishwasher
2026-03-13,2026-03-13 08:00:00,2026-03-13 16:30:00,The Wonderful Company,The Wonderful Company,97,,Barista 2
2026-03-13,2026-03-13 08:30:00,2026-03-13 16:30:00,"Platinum Equity, LLC",Platinum Equity LLC,102,,Cook 2
2026-03-13,2026-03-13 09:00:00,2026-03-13 17:30:00,Bel Air Bay Club ,Bel Air Bay Club - Upper Club,102,,Cook 2
2026-03-13,2026-03-13 09:00:00,2026-03-13 16:00:00,Indian Wells Tennis Garden,Indian Wells Tennis Gardens | Player Dining,101,,Cashier
2026-03-13,2026-03-13 09:00:00,2026-03-13 17:30:00,Indian Wells Tennis Garden,Indian Wells Tennis Gardens | Player Dining,102,Kitchen Cooks # 7,Cook 2
2026-03-13,2026-03-13 09:00:00,2026-03-13 17:30:00,Indian Wells Tennis Garden,Indian Wells Tennis Gardens | Player Dining,102,Kitchen Cooks # 18,Cook 2
2026-03-13,2026-03-13 09:00:00,2026-03-13 16:00:00,Indian Wells Tennis Garden,Indian Wells Tennis Gardens | Player Dining,101,Cashier #2,Cashier
2026-03-13,2026-03-13 09:00:00,2026-03-13 17:00:00,Indian Wells Tennis Garden,Indian Wells Tennis Gardens | Player Dining,101,Cashier # 1,Cashier
2026-03-13,2026-03-13 09:00:00,2026-03-13 17:30:00,Indian Wells Tennis Garden,Indian Wells Tennis Gardens | Player Dining,102,Kitchen Cooks # 11,Cook 2
2026-03-13,2026-03-13 09:00:00,2026-03-13 17:30:00,Indian Wells Tennis Garden,Indian Wells Tennis Gardens | Player Dining,102,Kitchen Cooks # 19,Cook 2
2026-03-13,2026-03-13 09:00:00,2026-03-13 17:00:00,Indian Wells Tennis Garden,Indian Wells Tennis Gardens | Player Dining,101,Cashier #2 ,Cashier
2026-03-13,2026-03-13 09:00:00,2026-03-13 16:00:00,Indian Wells Tennis Garden,Indian Wells Tennis Gardens | Player Dining,101,Cashier # 1,Cashier
2026-03-13,2026-03-13 09:00:00,2026-03-13 16:00:00,Indian Wells Tennis Garden,Indian Wells Tennis Gardens | Player Dining,102, Nacho ,Cook 2
2026-03-13,2026-03-13 09:00:00,2026-03-13 17:30:00,Indian Wells Tennis Garden,Indian Wells Tennis Gardens | Player Dining,102,Kitchen Cooks # 3,Cook 2
2026-03-13,2026-03-13 09:00:00,2026-03-13 17:30:00,Indian Wells Tennis Garden,Indian Wells Tennis Gardens | Player Dining,102,Kitchen Cooks # 14,Cook 2
2026-03-13,2026-03-13 09:00:00,2026-03-13 16:00:00,Indian Wells Tennis Garden,Indian Wells Tennis Gardens | Player Dining,101,Cashier #1 ,Cashier
2026-03-13,2026-03-13 09:00:00,2026-03-13 17:30:00,"Platinum Equity, LLC",Platinum Equity LLC,105,,Dishwasher
2026-03-13,2026-03-13 09:00:00,2026-03-13 17:30:00,The Thermal Club,@ The Thermal Club,98,,Bartender 2
2026-03-13,2026-03-13 09:00:00,2026-03-13 17:30:00,The Thermal Club,@ The Thermal Club,115,Busser Duties ,Server 2
2026-03-13,2026-03-13 09:00:00,2026-03-13 17:30:00,The Thermal Club,@ The Thermal Club,98,Time may change,Bartender 2
2026-03-13,2026-03-13 09:00:00,2026-03-13 17:30:00,The Thermal Club,@ The Thermal Club,115,Busser Duties,Server 2
2026-03-13,2026-03-13 09:00:00,2026-03-13 17:30:00,The Thermal Club,@ The Thermal Club,285,Busser ,Server 1
2026-03-13,2026-03-13 09:00:00,2026-03-13 17:30:00,The Thermal Club,@ The Thermal Club,115,,Server 2
2026-03-13,2026-03-13 09:30:00,2026-03-13 15:30:00,Google Spruce Goose Offices,Google Spruce Goose - Cafe,104,Dishwasher,General
2026-03-13,2026-03-13 09:30:00,2026-03-13 14:00:00,Olive Grove Cafe,Olive Grove Cafe,101,with Food Runner Duties,Cashier
2026-03-13,2026-03-13 10:00:00,2026-03-13 18:30:00,Childrens Hospital Los Angeles,Childrens Hospital Los Angeles,105,,Dishwasher
2026-03-13,2026-03-13 10:00:00,2026-03-13 18:30:00,Edwards Lifesciences,Edwards Lifesciences FOH Bldg. C,101,,Cashier
2026-03-13,2026-03-13 10:00:00,2026-03-13 18:30:00,Griffin Club Los Angeles,Griffin Club Los Angeles,102,Sushi Cook,Cook 2
2026-03-13,2026-03-13 10:00:00,2026-03-13 18:30:00,Griffin Club Los Angeles,Griffin Club Los Angeles,102,,Cook 2
2026-03-13,2026-03-13 10:00:00,2026-03-13 18:00:00,Indian Wells Tennis Garden,Indian Wells Tennis Gardens | Player Dining,101,Cashier ,Cashier
2026-03-13,2026-03-13 10:00:00,2026-03-13 18:00:00,Indian Wells Tennis Garden,Indian Wells Tennis Gardens | Player Dining,101,FSA Attendant,Cashier
2026-03-13,2026-03-13 10:00:00,2026-03-13 16:00:00,Indian Wells Tennis Garden,Indian Wells Tennis Gardens | Player Dining,101,Cashier #3 ,Cashier
2026-03-13,2026-03-13 10:00:00,2026-03-13 18:00:00,Indian Wells Tennis Garden,Indian Wells Tennis Gardens | Player Dining,101,Cashier ,Cashier
2026-03-13,2026-03-13 10:00:00,2026-03-13 18:00:00,Indian Wells Tennis Garden,Indian Wells Tennis Gardens | Player Dining,101,FSA Attendant ,Cashier
2026-03-13,2026-03-13 10:00:00,2026-03-13 18:00:00,Indian Wells Tennis Garden,Indian Wells Tennis Gardens | Player Dining,101,Cashier # 3,Cashier
2026-03-13,2026-03-13 10:00:00,2026-03-13 18:00:00,Indian Wells Tennis Garden,Indian Wells Tennis Gardens | Player Dining,101,Cashier ,Cashier
2026-03-13,2026-03-13 10:00:00,2026-03-13 18:00:00,Indian Wells Tennis Garden,Indian Wells Tennis Gardens | Player Dining,101,FSA Attendant,Cashier
2026-03-13,2026-03-13 10:00:00,2026-03-13 18:00:00,The Thermal Club,@ The Thermal Club,102,,Cook 2
2026-03-13,2026-03-13 10:00:00,2026-03-13 18:30:00,USC Verdugo Hills Hospital,USC Verdugo Hills Hospital,102,,Cook 2
2026-03-13,2026-03-13 10:00:00,2026-03-13 16:30:00,VH Property Corp. dba Trump National Golf Club Los Angeles,Trump National Golf Course Los Angeles | Vista Grill,102,,Cook 2
2026-03-13,2026-03-13 11:00:00,2026-03-13 16:00:00,Academy Museum of Motion Pictures,Academy Museum of Motion Pictures - Fanny's Restaurant,105,,Dishwasher
2026-03-13,2026-03-13 11:00:00,2026-03-13 19:00:00,Chef Gunnar Planter,@Chef Gunnar Planter | Offsite,102,,Cook 2
2026-03-13,2026-03-13 11:00:00,2026-03-13 17:00:00,Indian Wells Tennis Garden,Indian Wells Tennis Gardens | Player Dining,102,Bowls # 2,Cook 2
2026-03-13,2026-03-13 11:00:00,2026-03-13 17:00:00,Indian Wells Tennis Garden,Indian Wells Tennis Gardens | Player Dining,101,Cashier # 2,Cashier
2026-03-13,2026-03-13 11:00:00,2026-03-13 19:30:00,PIH Health - Whittier Hospital,PIH Health - Whittier Hospital,102,,Cook 2
2026-03-13,2026-03-13 11:00:00,2026-03-13 18:00:00,The Thermal Club,@ The Thermal Club,98,Antinori,Bartender 2
2026-03-13,2026-03-13 11:00:00,2026-03-13 16:00:00,The Thermal Club,@ The Thermal Club,115,Coffee/Barista Service and Lunch Service,Server 2
2026-03-13,2026-03-13 11:00:00,2026-03-13 18:00:00,The Thermal Club,@ The Thermal Club,98,Champagne Service,Bartender 2
2026-03-13,2026-03-13 11:00:00,2026-03-13 18:30:00,The Thermal Club,@ The Thermal Club,115,,Server 2
2026-03-13,2026-03-13 11:00:00,2026-03-13 19:00:00,The Thermal Club,@ The Thermal Club,105,,Dishwasher
2026-03-13,2026-03-13 11:00:00,2026-03-13 19:30:00,The Vered,The Vered,102,,Cook 2
2026-03-13,2026-03-13 11:00:00,2026-03-13 19:30:00,University Village Thousand Oaks,University Village Thousand Oaks ,102,,Cook 2
2026-03-13,2026-03-13 11:00:00,2026-03-13 19:30:00,University Village Thousand Oaks,University Village Thousand Oaks ,102,,Cook 2
2026-03-13,2026-03-13 11:30:00,2026-03-13 18:30:00,The Thermal Club,@ The Thermal Club,115,Lunch Service and After Clearing Service,Server 2
2026-03-13,2026-03-13 11:30:00,2026-03-13 19:00:00,The Thermal Club,@ The Thermal Club,115,,Server 2
2026-03-13,2026-03-13 11:30:00,2026-03-13 19:00:00,The Thermal Club,@ The Thermal Club,115,Busser Duties,Server 2
2026-03-13,2026-03-13 11:30:00,2026-03-13 18:30:00,The Thermal Club,@ The Thermal Club,115,Lunch Service and Buffet Service,Server 2
2026-03-13,2026-03-13 11:30:00,2026-03-13 19:00:00,The Thermal Club,@ The Thermal Club,98,,Bartender 2
2026-03-13,2026-03-13 12:00:00,2026-03-13 17:00:00,Griffin Club Los Angeles,Griffin Club Los Angeles,102,,Cook 2
2026-03-13,2026-03-13 12:00:00,2026-03-13 18:00:00,NBC Universal,NBC Universal Studios | The Market Place,105,Utility Person \ Deep Cleaning |report to building 2312 commons.,Dishwasher
2026-03-13,2026-03-13 12:00:00,2026-03-13 20:30:00,Walnut Village,Walnut Village,105,,Dishwasher
2026-03-13,2026-03-13 12:30:00,2026-03-13 21:00:00,Athenaeum Club,Athenaeum Kitchen,102,,Cook 2
2026-03-13,2026-03-13 13:00:00,2026-03-13 21:30:00,Griffin Club Los Angeles,Griffin Club Los Angeles,105,,Dishwasher
2026-03-13,2026-03-13 13:00:00,2026-03-13 21:30:00,Shady Canyon Golf Club,Shady Canyon Golf Club,102,,Cook 2
2026-03-13,2026-03-13 13:00:00,2026-03-13 21:30:00,The Thermal Club,@ The Thermal Club,115,,Server 2
2026-03-13,2026-03-13 13:00:00,2026-03-13 21:30:00,The Thermal Club,@ The Thermal Club,115,Busser Duties ,Server 2
2026-03-13,2026-03-13 13:00:00,2026-03-13 21:00:00,The Thermal Club,@ The Thermal Club,105,,Dishwasher
2026-03-13,2026-03-13 13:00:00,2026-03-13 21:30:00,The Thermal Club,@ The Thermal Club,98,,Bartender 2
2026-03-13,2026-03-13 13:00:00,2026-03-13 21:00:00,The Thermal Club,@ The Thermal Club,104,Dishwasher,General
2026-03-13,2026-03-13 13:30:00,2026-03-13 22:00:00,Griffin Club Los Angeles,Griffin Club Los Angeles,102,,Cook 2
2026-03-13,2026-03-13 14:00:00,2026-03-13 22:00:00,Commerce Casino,Commerce Casino - High Limit Kitchen | FOH | MON - TH,101,with limited runner duties,Cashier
2026-03-13,2026-03-13 14:00:00,2026-03-13 22:00:00,Hotel Bel Air,Hotel Bel Air - Main Kitchen,102,,Cook 2
2026-03-13,2026-03-13 14:00:00,2026-03-13 22:30:00,Martin Luther King Jr Hospital,Martin Luther King Jr. Hospital | BOH,102,,Cook 2
2026-03-13,2026-03-13 14:00:00,2026-03-13 22:30:00,SBLP Warner Center OPCO LLC - The Variel,The Variel of Woodland Hills,102,,Cook 2
2026-03-13,2026-03-13 14:00:00,2026-03-13 22:30:00,SBLP Warner Center OPCO LLC - The Variel,The Variel of Woodland Hills,105,,Dishwasher
2026-03-13,2026-03-13 14:30:00,2026-03-13 23:00:00,Griffin Club Los Angeles,Griffin Club Los Angeles,105,,Dishwasher
2026-03-13,2026-03-13 14:30:00,2026-03-13 23:00:00,VH Property Corp. dba Trump National Golf Club Los Angeles,Trump National Golf Course Los Angeles | BOH,102,,Cook 2
2026-03-13,2026-03-13 15:00:00,2026-03-13 23:30:00,Commerce Casino,Commerce Casino - Employee Dining Room,102,,Cook 2
2026-03-13,2026-03-13 15:00:00,2026-03-13 23:30:00,Crescent Heights Ten Thousand,Crescent Heights Ten Thousand - Butler Department,115,Butler/Porter,Server 2
2026-03-13,2026-03-13 15:00:00,2026-03-13 23:30:00,Crescent Heights Ten Thousand,Crescent Heights Ten Thousand - Butler Department,115,Butler/Porter,Server 2
2026-03-13,2026-03-13 15:30:00,2026-03-13 22:30:00,Indian Wells Tennis Garden,Indian Wells Tennis Gardens | Player Dining,101,,Cashier
2026-03-13,2026-03-13 15:30:00,2026-03-13 22:30:00,Malibu Beach Inn,Malibu Beach Inn - BOH,105,,Dishwasher
2026-03-13,2026-03-13 15:45:00,2026-03-13 20:15:00,Villa Portofino,Villa Portofino,115,Assisting with regular dinner service,Server 2
2026-03-13,2026-03-13 16:00:00,2026-03-13 23:00:00,Canyon Palm Springs Hotel dba Thompson Palm Springs,Thompson Palm Springs |  FOH,99,,Busser
2026-03-13,2026-03-13 16:00:00,2026-03-13 22:00:00,Chef Gunnar Planter,@Chef Gunnar Planter | Offsite,102,,Cook 2
2026-03-13,2026-03-13 16:00:00,2026-03-13 23:00:00,Crescent Heights Ten Thousand,Crescent Heights Ten Thousand - Bartending,98,,Bartender 2
2026-03-13,2026-03-13 16:00:00,2026-03-13 22:00:00,"Manhattan Beach Hotel TRS LLC., dba Westdrift Manhattan Beach",Manhattan Beach Hotel | Banquet,96,,Barback
2026-03-13,2026-03-13 16:00:00,2026-03-13 22:00:00,"Manhattan Beach Hotel TRS LLC., dba Westdrift Manhattan Beach",Manhattan Beach Hotel | Banquet,98,,Bartender 2
2026-03-13,2026-03-13 16:00:00,2026-03-13 22:00:00,"Manhattan Beach Hotel TRS LLC., dba Westdrift Manhattan Beach",Manhattan Beach Hotel | Banquet,115,,Server 2
2026-03-13,2026-03-13 16:00:00,2026-03-13 22:30:00,Stone Eagle Operations,Stone Eagle Operations,115,,Server 2
2026-03-13,2026-03-13 16:30:00,2026-03-14 00:30:00,The Valley Hunt Club,The Valley Hunt Club,98,,Bartender 2
2026-03-13,2026-03-13 17:00:00,2026-03-14 01:30:00,Pepperdine University,Pepperdine University - HAWC Cafe & Store,102,,Cook 2
2026-03-13,2026-03-13 18:00:00,2026-03-13 23:00:00,Griffin Club Los Angeles,Griffin Club Los Angeles,105,,Dishwasher
2026-03-13,2026-03-13 18:30:00,2026-03-13 22:00:00,Chef Gunnar Planter,@Chef Gunnar Planter | Offsite,104,Server/ Bartender duties,General
2026-03-13,2026-03-13 19:00:00,2026-03-13 22:00:00,The Thermal Club,@ The Thermal Club,264,,Event Supervisor
2026-03-13,2026-03-13 22:00:00,2026-03-14 06:30:00,Commerce Casino,Commerce Casino - Employee Dining Room,102,Overnight Shift,Cook 2
2026-03-13,2026-03-13 22:00:00,2026-03-14 06:00:00,Commerce Casino,Commerce Casino - High Limit Kitchen | FOH | MON - TH,101,with Runner duties | overnight shift,Cashier
2026-03-13,2026-03-13 22:00:00,2026-03-14 06:00:00,Commerce Casino,Commerce Casino - Employee Dining Room,115,"Overnight shift, FOH EDR attend. ",Server 2
2026-03-14,2026-03-14 02:00:00,2026-03-14 10:00:00,Commerce Casino,Commerce Casino - High Limit Kitchen | FOH | MON - TH,101,with Limited runner duties | Overnight shift,Cashier
2026-03-14,2026-03-14 05:00:00,2026-03-14 13:30:00,People Assisting the Homeless,People Assisting the Homeless - YWCA,110,,Prep Cook 2
2026-03-14,2026-03-14 05:30:00,2026-03-14 14:30:00,"Fox Studio Lot, LLC",Fox Studio - Moe's Cafe BoH,102,,Cook 2
2026-03-14,2026-03-14 05:30:00,2026-03-14 14:30:00,"Fox Studio Lot, LLC",Fox Studio - Moe's Cafe BoH,102,,Cook 2
2026-03-14,2026-03-14 05:30:00,2026-03-14 14:30:00,"Fox Studio Lot, LLC",Fox Studio - Moe's Cafe BoH,102,,Cook 2
2026-03-14,2026-03-14 05:30:00,2026-03-14 13:00:00,The Thermal Club,@ The Thermal Club,115,,Server 2
2026-03-14,2026-03-14 05:30:00,2026-03-14 13:00:00,The Thermal Club,@ The Thermal Club,115,Busser Duties,Server 2
2026-03-14,2026-03-14 05:30:00,2026-03-14 13:00:00,The Thermal Club,@ The Thermal Club,285,Busser,Server 1
2026-03-14,2026-03-14 06:00:00,2026-03-14 14:00:00,Commerce Casino,Commerce Casino - High Limit Kitchen | FOH | MON - TH,101,with runner duties,Cashier
2026-03-14,2026-03-14 06:00:00,2026-03-14 16:00:00,Indian Wells Tennis Garden,Indian Wells Tennis Gardens | Player Dining,264,,Event Supervisor
2026-03-14,2026-03-14 06:00:00,2026-03-14 12:00:00,SBLP Warner Center OPCO LLC - The Variel,The Variel of Woodland Hills,102,,Cook 2
2026-03-14,2026-03-14 06:00:00,2026-03-14 14:30:00,The Thermal Club,@ The Thermal Club,115,Runner Duties ,Server 2
2026-03-14,2026-03-14 06:00:00,2026-03-14 18:00:00,The Thermal Club,@ The Thermal Club,264,,Event Supervisor
2026-03-14,2026-03-14 06:00:00,2026-03-14 14:30:00,The Thermal Club,@ The Thermal Club,115,,Server 2
2026-03-14,2026-03-14 06:30:00,2026-03-14 15:00:00,Childrens Hospital Los Angeles,Childrens Hospital Los Angeles,105,,Dishwasher
2026-03-14,2026-03-14 06:30:00,2026-03-14 15:00:00,SBLP Warner Center OPCO LLC - The Variel,The Variel of Woodland Hills,105,,Dishwasher
2026-03-14,2026-03-14 06:30:00,2026-03-14 18:00:00,The Thermal Club,@ The Thermal Club,104,Dishwasher,General
2026-03-14,2026-03-14 06:30:00,2026-03-14 19:00:00,The Thermal Club,@ The Thermal Club,102,,Cook 2
2026-03-14,2026-03-14 06:30:00,2026-03-14 19:00:00,The Thermal Club,@ The Thermal Club,102,,Cook 2
2026-03-14,2026-03-14 06:30:00,2026-03-14 15:00:00,The Thermal Club,@ The Thermal Club,285,Buffet Service ,Server 1
2026-03-14,2026-03-14 06:30:00,2026-03-14 18:00:00,The Thermal Club,@ The Thermal Club,104,Dishwasher,General
2026-03-14,2026-03-14 06:30:00,2026-03-14 15:00:00,The Thermal Club,@ The Thermal Club,285,,Server 1
2026-03-14,2026-03-14 06:30:00,2026-03-14 18:00:00,The Thermal Club,@ The Thermal Club,105,,Dishwasher
2026-03-14,2026-03-14 06:30:00,2026-03-14 15:00:00,The Thermal Club,@ The Thermal Club,115,Coffee/Barista Service ,Server 2
2026-03-14,2026-03-14 07:00:00,2026-03-14 15:00:00,Blue Devils Lessee LLC | Hyatt Centric Delfina Santa Monica,Hyatt Centric Delfina Santa Monica,105,,Dishwasher
2026-03-14,2026-03-14 07:00:00,2026-03-14 15:30:00,"Fox Studio Lot, LLC",Fox Studio - Moe's Cafe BoH,105,,Dishwasher
2026-03-14,2026-03-14 07:00:00,2026-03-14 15:00:00,Indian Wells Tennis Garden,Indian Wells Tennis Gardens | Player Dining,101,Cashier,Cashier
2026-03-14,2026-03-14 07:00:00,2026-03-14 15:00:00,Indian Wells Tennis Garden,Indian Wells Tennis Gardens | Player Dining,101,FSA Attendant,Cashier
2026-03-14,2026-03-14 07:00:00,2026-03-14 15:30:00,Indian Wells Tennis Garden,Indian Wells Tennis Gardens | Player Dining,102,Kitchen Cooks # 3,Cook 2
2026-03-14,2026-03-14 07:00:00,2026-03-14 15:00:00,Indian Wells Tennis Garden,Indian Wells Tennis Gardens | Player Dining,101,FSA Attendant,Cashier
2026-03-14,2026-03-14 07:00:00,2026-03-14 15:00:00,Malibu Beach Inn,Malibu Beach Inn - BOH,105,,Dishwasher
2026-03-14,2026-03-14 07:00:00,2026-03-14 14:30:00,Martin Luther King Jr Hospital,Martin Luther King Jr. Hospital | BOH,105,Ongoing Sat and Sun,Dishwasher
2026-03-14,2026-03-14 07:00:00,2026-03-14 15:30:00,Oak View Group at Pasadena Convention Center,Oak View Group at Pasadena Convention Center,102,,Cook 2
2026-03-14,2026-03-14 07:00:00,2026-03-14 15:30:00,The Getty Center,The Getty Center - Cafe,102,,Cook 2
2026-03-14,2026-03-14 07:00:00,2026-03-14 15:00:00,The Thermal Club,@ The Thermal Club,115,Buffet Service,Server 2
2026-03-14,2026-03-14 07:00:00,2026-03-14 15:00:00,The Thermal Club,@ The Thermal Club,115,Buvette / Beverage Service ,Server 2
2026-03-14,2026-03-14 07:00:00,2026-03-14 17:30:00,The Thermal Club,@ The Thermal Club,98,,Bartender 2
2026-03-14,2026-03-14 07:00:00,2026-03-14 15:00:00,The Thermal Club,@ The Thermal Club,115,Buvette / Beverage Service,Server 2
2026-03-14,2026-03-14 07:00:00,2026-03-14 15:30:00,Wolfgang Puck Catering,Wolfgang Puck Catering - Hollywood & Highland,102,,Cook 2
2026-03-14,2026-03-14 07:30:00,2026-03-14 16:00:00,Cedars Sinai Medical Center,Cedars Sinai - Plaza & Cafe,105,,Dishwasher
2026-03-14,2026-03-14 08:00:00,2026-03-14 16:30:00,Crescent Heights Ten Thousand,Crescent Heights Ten Thousand - Butler Department,115,Butler/Porter,Server 2
2026-03-14,2026-03-14 08:00:00,2026-03-14 16:00:00,Hotel Bel Air,Hotel Bel Air - Main Kitchen,110,,Prep Cook 2
2026-03-14,2026-03-14 08:00:00,2026-03-14 16:00:00,Indian Wells Tennis Garden,Indian Wells Tennis Gardens | Player Dining,102,Prep,Cook 2
2026-03-14,2026-03-14 08:00:00,2026-03-14 15:00:00,Indian Wells Tennis Garden,Indian Wells Tennis Gardens | Player Dining,102,Burrito 1,Cook 2
2026-03-14,2026-03-14 08:00:00,2026-03-14 16:00:00,Indian Wells Tennis Garden,Indian Wells Tennis Gardens | Player Dining,102,Plancha #1 ,Cook 2
2026-03-14,2026-03-14 08:00:00,2026-03-14 15:00:00,Indian Wells Tennis Garden,Indian Wells Tennis Gardens | Player Dining,102,Burrito 2,Cook 2
2026-03-14,2026-03-14 08:00:00,2026-03-14 16:00:00,Indian Wells Tennis Garden,Indian Wells Tennis Gardens | Player Dining,102,Garnish #1,Cook 2
2026-03-14,2026-03-14 08:00:00,2026-03-14 15:00:00,Indian Wells Tennis Garden,Indian Wells Tennis Gardens | Player Dining,102,Bowls #1,Cook 2
2026-03-14,2026-03-14 08:00:00,2026-03-14 16:00:00,Indian Wells Tennis Garden,Indian Wells Tennis Gardens | Player Dining,102,Tortilla #1 ,Cook 2
2026-03-14,2026-03-14 08:00:00,2026-03-14 16:00:00,The Thermal Club,@ The Thermal Club,102,,Cook 2
2026-03-14,2026-03-14 08:00:00,2026-03-14 15:00:00,The Thermal Club,@ The Thermal Club,115,Clearing and Lunch Service ,Server 2
2026-03-14,2026-03-14 08:00:00,2026-03-14 15:00:00,The Thermal Club,@ The Thermal Club,115,Clearing and Lunch Service,Server 2
2026-03-14,2026-03-14 08:00:00,2026-03-14 16:00:00,The Thermal Club,@ The Thermal Club,105,,Dishwasher
2026-03-14,2026-03-14 08:00:00,2026-03-14 15:00:00,The Thermal Club,@ The Thermal Club,115,Clearing and Lunch Service,Server 2
2026-03-14,2026-03-14 09:00:00,2026-03-14 17:30:00,Chef Gunnar Planter,@Chef Gunnar Planter | Offsite,102,,Cook 2
2026-03-14,2026-03-14 09:00:00,2026-03-14 17:30:00,Indian Wells Tennis Garden,Indian Wells Tennis Gardens | Player Dining,102,Kitchen Cooks # 14,Cook 2
2026-03-14,2026-03-14 09:00:00,2026-03-14 17:00:00,Indian Wells Tennis Garden,Indian Wells Tennis Gardens | Player Dining,101,Cashier # 1,Cashier
2026-03-14,2026-03-14 09:00:00,2026-03-14 17:30:00,Indian Wells Tennis Garden,Indian Wells Tennis Gardens | Player Dining,102,Kitchen Cooks # 7,Cook 2
2026-03-14,2026-03-14 09:00:00,2026-03-14 17:30:00,Indian Wells Tennis Garden,Indian Wells Tennis Gardens | Player Dining,102,Kitchen Cooks # 19,Cook 2
2026-03-14,2026-03-14 09:00:00,2026-03-14 17:00:00,Indian Wells Tennis Garden,Indian Wells Tennis Gardens | Player Dining,101,Cashier #2 ,Cashier
2026-03-14,2026-03-14 09:00:00,2026-03-14 17:30:00,Indian Wells Tennis Garden,Indian Wells Tennis Gardens | Player Dining,102,Kitchen Cooks #11,Cook 2
2026-03-14,2026-03-14 09:00:00,2026-03-14 16:00:00,Indian Wells Tennis Garden,Indian Wells Tennis Gardens | Player Dining,102, Nacho ,Cook 2
2026-03-14,2026-03-14 09:00:00,2026-03-14 17:30:00,Indian Wells Tennis Garden,Indian Wells Tennis Gardens | Player Dining,102,Kitchen Cooks # 13,Cook 2
2026-03-14,2026-03-14 09:00:00,2026-03-14 16:00:00,Indian Wells Tennis Garden,Indian Wells Tennis Gardens | Player Dining,101,Cashier # 1,Cashier
2026-03-14,2026-03-14 09:00:00,2026-03-14 16:00:00,Indian Wells Tennis Garden,Indian Wells Tennis Gardens | Player Dining,101,,Cashier
2026-03-14,2026-03-14 09:00:00,2026-03-14 16:00:00,Indian Wells Tennis Garden,Indian Wells Tennis Gardens | Player Dining,101,Cashier #1 ,Cashier
2026-03-14,2026-03-14 09:00:00,2026-03-14 17:30:00,Indian Wells Tennis Garden,Indian Wells Tennis Gardens | Player Dining,102,Kitchen Cooks # 4,Cook 2
2026-03-14,2026-03-14 09:00:00,2026-03-14 16:00:00,Oak View Group at Pasadena Convention Center,Oak View Group at Pasadena Convention Center,115,,Server 2
2026-03-14,2026-03-14 09:00:00,2026-03-14 15:30:00,The Getty Center,The Getty Center - Cafe,102,,Cook 2
2026-03-14,2026-03-14 09:00:00,2026-03-14 17:30:00,The Thermal Club,@ The Thermal Club,115,Busser Duties,Server 2
2026-03-14,2026-03-14 09:00:00,2026-03-14 17:30:00,The Thermal Club,@ The Thermal Club,98,,Bartender 2
2026-03-14,2026-03-14 09:00:00,2026-03-14 17:30:00,The Thermal Club,@ The Thermal Club,115,,Server 2
2026-03-14,2026-03-14 09:00:00,2026-03-14 17:30:00,The Thermal Club,@ The Thermal Club,104,Busser Duties,General
2026-03-14,2026-03-14 09:00:00,2026-03-14 17:30:00,The Thermal Club,@ The Thermal Club,115,Busser Duties ,Server 2
2026-03-14,2026-03-14 09:00:00,2026-03-14 17:30:00,The Thermal Club,@ The Thermal Club,98,Time may change,Bartender 2
2026-03-14,2026-03-14 10:00:00,2026-03-14 18:30:00,Griffin Club Los Angeles,Griffin Club Los Angeles,102,,Cook 2
2026-03-14,2026-03-14 10:00:00,2026-03-14 18:30:00,Griffin Club Los Angeles,Griffin Club Los Angeles,102,,Cook 2
2026-03-14,2026-03-14 10:00:00,2026-03-14 18:30:00,Griffin Club Los Angeles,Griffin Club Los Angeles,102,Sushi Cook,Cook 2
2026-03-14,2026-03-14 10:00:00,2026-03-14 18:00:00,Indian Wells Tennis Garden,Indian Wells Tennis Gardens | Player Dining,101,Cashier,Cashier
2026-03-14,2026-03-14 10:00:00,2026-03-14 16:00:00,Indian Wells Tennis Garden,Indian Wells Tennis Gardens | Player Dining,101,Cashier #2,Cashier
2026-03-14,2026-03-14 10:00:00,2026-03-14 18:00:00,Indian Wells Tennis Garden,Indian Wells Tennis Gardens | Player Dining,101,Cashier,Cashier
2026-03-14,2026-03-14 10:00:00,2026-03-14 18:00:00,Indian Wells Tennis Garden,Indian Wells Tennis Gardens | Player Dining,101,FSA Attendant,Cashier
2026-03-14,2026-03-14 10:00:00,2026-03-14 16:00:00,Indian Wells Tennis Garden,Indian Wells Tennis Gardens | Player Dining,101,Cashier #3 ,Cashier
2026-03-14,2026-03-14 10:00:00,2026-03-14 18:00:00,Indian Wells Tennis Garden,Indian Wells Tennis Gardens | Player Dining,101,Cashier # 3,Cashier
2026-03-14,2026-03-14 10:00:00,2026-03-14 18:00:00,Indian Wells Tennis Garden,Indian Wells Tennis Gardens | Player Dining,102,Cashier,Cook 2
2026-03-14,2026-03-14 10:00:00,2026-03-14 16:00:00,Indian Wells Tennis Garden,Indian Wells Tennis Gardens | Player Dining,98,Bar AM,Bartender 2
2026-03-14,2026-03-14 10:00:00,2026-03-14 18:00:00,Indian Wells Tennis Garden,Indian Wells Tennis Gardens | Player Dining,101,FSA Attendant,Cashier
2026-03-14,2026-03-14 10:00:00,2026-03-14 18:00:00,The Thermal Club,@ The Thermal Club,102,,Cook 2
2026-03-14,2026-03-14 10:00:00,2026-03-14 16:30:00,VH Property Corp. dba Trump National Golf Club Los Angeles,Trump National Golf Course Los Angeles | Vista Grill,102,,Cook 2
2026-03-14,2026-03-14 10:30:00,2026-03-14 19:00:00,Griffin Club Los Angeles,Griffin Club Los Angeles,98,Ongoing - Sat and Sun - temp to hire.,Bartender 2
2026-03-14,2026-03-14 11:00:00,2026-03-14 17:00:00,Indian Wells Tennis Garden,Indian Wells Tennis Gardens | Player Dining,101,Cashier # 2,Cashier
2026-03-14,2026-03-14 11:00:00,2026-03-14 17:00:00,Indian Wells Tennis Garden,Indian Wells Tennis Gardens | Player Dining,102,Bowls # 2,Cook 2
2026-03-14,2026-03-14 11:00:00,2026-03-14 16:00:00,Oak View Group at Pasadena Convention Center,Oak View Group at Pasadena Convention Center,115,,Server 2
2026-03-14,2026-03-14 11:00:00,2026-03-14 19:30:00,PIH Health - Whittier Hospital,PIH Health - Whittier Hospital,102,,Cook 2
2026-03-14,2026-03-14 11:00:00,2026-03-14 18:00:00,The Thermal Club,@ The Thermal Club,98,Antinori,Bartender 2
2026-03-14,2026-03-14 11:00:00,2026-03-14 16:00:00,The Thermal Club,@ The Thermal Club,115,Lunch Service and After Clearing Service,Server 2
2026-03-14,2026-03-14 11:00:00,2026-03-14 18:00:00,The Thermal Club,@ The Thermal Club,285,Lunch Service and After Clearing Service,Server 1
2026-03-14,2026-03-14 11:00:00,2026-03-14 18:00:00,The Thermal Club,@ The Thermal Club,98,Champagne Service,Bartender 2
2026-03-14,2026-03-14 11:00:00,2026-03-14 18:00:00,The Thermal Club,@ The Thermal Club,115,Lunch Service and After Clearing Service,Server 2
2026-03-14,2026-03-14 11:00:00,2026-03-14 16:00:00,The Thermal Club,@ The Thermal Club,115,Lunch Service and After Clearing Service,Server 2
2026-03-14,2026-03-14 11:00:00,2026-03-14 19:00:00,The Thermal Club,@ The Thermal Club,105,,Dishwasher
2026-03-14,2026-03-14 11:00:00,2026-03-14 19:30:00,The Vered,The Vered,102,,Cook 2
2026-03-14,2026-03-14 11:00:00,2026-03-14 19:30:00,University Village Thousand Oaks,University Village Thousand Oaks ,102,,Cook 2
2026-03-14,2026-03-14 11:00:00,2026-03-14 19:30:00,University Village Thousand Oaks,University Village Thousand Oaks ,102,,Cook 2
2026-03-14,2026-03-14 11:00:00,2026-03-14 19:30:00,VH Property Corp. dba Trump National Golf Club Los Angeles,Trump National Golf Course Los Angeles | BOH,102,,Cook 2
2026-03-14,2026-03-14 11:30:00,2026-03-14 19:00:00,The Thermal Club,@ The Thermal Club,115,,Server 2
2026-03-14,2026-03-14 11:30:00,2026-03-14 19:00:00,The Thermal Club,@ The Thermal Club,115,Busser Duties,Server 2
2026-03-14,2026-03-14 11:30:00,2026-03-14 18:30:00,The Thermal Club,@ The Thermal Club,115,Lunch Service and Buffet Service,Server 2
2026-03-14,2026-03-14 11:30:00,2026-03-14 19:00:00,The Thermal Club,@ The Thermal Club,98,,Bartender 2
2026-03-14,2026-03-14 11:30:00,2026-03-14 18:30:00,The Thermal Club,@ The Thermal Club,115,Coffee/Barista Service and Lunch Service,Server 2
2026-03-14,2026-03-14 11:30:00,2026-03-14 18:30:00,The Thermal Club,@ The Thermal Club,115,Lunch Service and After Clearing Service,Server 2
2026-03-14,2026-03-14 12:00:00,2026-03-14 20:30:00,Childrens Hospital Los Angeles,Childrens Hospital Los Angeles,104,Food Service Worker,General
2026-03-14,2026-03-14 12:00:00,2026-03-14 20:30:00,Ebell of Los Angeles,Ebell of Los Angeles - Saturday - FOH,115,WPA SERVER | WHITE SHIRT- BLACK TIE ,Server 2
2026-03-14,2026-03-14 12:00:00,2026-03-14 18:00:00,Indian Wells Tennis Garden,Indian Wells Tennis Gardens | Player Dining,101,Cashier,Cashier
2026-03-14,2026-03-14 12:00:00,2026-03-14 18:00:00,Malibu Beach Inn,Malibu Beach Inn - BOH,107,,Houseperson
2026-03-14,2026-03-14 12:00:00,2026-03-14 20:30:00,Sheraton Fairplex Hotel & Conference Center,Sheraton Fairplex Hotel & Conf. Center,102,,Cook 2
2026-03-14,2026-03-14 12:00:00,2026-03-14 20:30:00,USC Verdugo Hills Hospital,USC Verdugo Hills Hospital,105,,Dishwasher
2026-03-14,2026-03-14 12:00:00,2026-03-14 20:30:00,Walnut Village,Walnut Village,105,,Dishwasher
2026-03-14,2026-03-14 12:30:00,2026-03-14 21:00:00,Athenaeum Club,Athenaeum Kitchen,102,,Cook 2
2026-03-14,2026-03-14 12:30:00,2026-03-14 21:00:00,Bel Air Bay Club ,Bel Air Bay Club - Upper Club,102,,Cook 2
2026-03-14,2026-03-14 13:00:00,2026-03-14 21:30:00,Shady Canyon Golf Club,Shady Canyon Golf Club,102,,Cook 2
2026-03-14,2026-03-14 13:00:00,2026-03-14 21:30:00,The Thermal Club,@ The Thermal Club,115,,Server 2
2026-03-14,2026-03-14 13:00:00,2026-03-14 21:30:00,The Thermal Club,@ The Thermal Club,115,Busser Duties ,Server 2
2026-03-14,2026-03-14 13:00:00,2026-03-14 21:30:00,The Thermal Club,@ The Thermal Club,98,,Bartender 2
2026-03-14,2026-03-14 13:00:00,2026-03-14 21:00:00,The Thermal Club,@ The Thermal Club,105,,Dishwasher
2026-03-14,2026-03-14 13:30:00,2026-03-14 22:00:00,Griffin Club Los Angeles,Griffin Club Los Angeles,105,,Dishwasher
2026-03-14,2026-03-14 13:30:00,2026-03-14 22:00:00,Griffin Club Los Angeles,Griffin Club Los Angeles,102,,Cook 2
2026-03-14,2026-03-14 14:00:00,2026-03-14 22:00:00,Commerce Casino,Commerce Casino - High Limit Kitchen | FOH | MON - TH,101,with limited runner duties,Cashier
2026-03-14,2026-03-14 14:00:00,2026-03-14 22:30:00,Martin Luther King Jr Hospital,Martin Luther King Jr. Hospital | BOH,102,,Cook 2
2026-03-14,2026-03-14 14:00:00,2026-03-14 22:30:00,SBLP Warner Center OPCO LLC - The Variel,The Variel of Woodland Hills,105,,Dishwasher
2026-03-14,2026-03-14 14:00:00,2026-03-14 22:00:00,The Valley Hunt Club,The Valley Hunt Club,98,,Bartender 2
2026-03-14,2026-03-14 14:30:00,2026-03-14 23:00:00,Amanda Lanza / Pecorino Project LLC,@ Amanda Lanza | Pecorino Project LLC | OFFSITE Events,105,,Dishwasher
2026-03-14,2026-03-14 14:30:00,2026-03-14 23:00:00,Griffin Club Los Angeles,Griffin Club Los Angeles,105,,Dishwasher
2026-03-14,2026-03-14 14:30:00,2026-03-14 19:00:00,KMR Gourmet Catering,KMR Gourmet Catering - Offsite,115,,Server 2
2026-03-14,2026-03-14 14:30:00,2026-03-14 19:00:00,KMR Gourmet Catering,KMR Gourmet Catering - Offsite,280,,Bartender 3
2026-03-14,2026-03-14 14:30:00,2026-03-14 22:30:00,Viceroy Santa Monica Hotel,Viceroy Santa Monica Hotel,264,,Event Supervisor
2026-03-14,2026-03-14 14:45:00,2026-03-15 00:00:00,Amanda Lanza / Pecorino Project LLC,@ Amanda Lanza | Pecorino Project LLC | OFFSITE Events,264,,Event Supervisor
2026-03-14,2026-03-14 15:00:00,2026-03-14 22:30:00,Amanda Lanza / Pecorino Project LLC,@ Amanda Lanza | Pecorino Project LLC | OFFSITE Events,115,,Server 2
2026-03-14,2026-03-14 15:00:00,2026-03-14 23:30:00,Commerce Casino,Commerce Casino - Employee Dining Room,102,,Cook 2
2026-03-14,2026-03-14 15:00:00,2026-03-14 23:30:00,Crescent Heights Ten Thousand,Crescent Heights Ten Thousand - Butler Department,115,Butler/Porter,Server 2
2026-03-14,2026-03-14 15:00:00,2026-03-14 19:00:00,KMR Gourmet Catering,KMR Gourmet Catering - Offsite,287,,Server 3
2026-03-14,2026-03-14 15:20:00,2026-03-14 19:20:00,KMR Gourmet Catering,KMR Gourmet Catering - Offsite,115,,Server 2
2026-03-14,2026-03-14 15:30:00,2026-03-14 21:00:00,Ebell of Los Angeles,Ebell of Los Angeles - Saturday - FOH,115,Busser  | WHITE SHIRT- BLACK TIE ,Server 2
2026-03-14,2026-03-14 15:30:00,2026-03-14 22:30:00,Indian Wells Tennis Garden,Indian Wells Tennis Gardens | Player Dining,101,,Cashier
2026-03-14,2026-03-14 15:30:00,2026-03-14 23:00:00,Malibu Beach Inn,Malibu Beach Inn - BOH,105,,Dishwasher
2026-03-14,2026-03-14 15:30:00,2026-03-14 23:30:00,The Valley Hunt Club,The Valley Hunt Club,98,,Bartender 2
2026-03-14,2026-03-14 15:30:00,2026-03-15 00:00:00,VH Property Corp. dba Trump National Golf Club Los Angeles,Trump National Golf Course Los Angeles | BOH,102,,Cook 2
2026-03-14,2026-03-14 16:00:00,2026-03-15 00:00:00,Amanda Lanza / Pecorino Project LLC,@ Amanda Lanza | Pecorino Project LLC | OFFSITE Events,115,,Server 2
2026-03-14,2026-03-14 16:00:00,2026-03-14 23:00:00,Canyon Palm Springs Hotel dba Thompson Palm Springs,Thompson Palm Springs |  FOH,99,,Busser
2026-03-14,2026-03-14 16:00:00,2026-03-14 22:00:00,Chef Gunnar Planter,@Chef Gunnar Planter | Offsite,102,,Cook 2
2026-03-14,2026-03-14 16:00:00,2026-03-14 23:00:00,Crescent Heights Ten Thousand,Crescent Heights Ten Thousand - Bartending,98,,Bartender 2
2026-03-14,2026-03-14 16:00:00,2026-03-14 23:00:00,Garibaldina Society ,Garibaldina Society,99,Bathroom ATTend male Restroom,Busser
2026-03-14,2026-03-14 16:00:00,2026-03-15 00:00:00,Garibaldina Society ,Garibaldina Society,105,,Dishwasher
2026-03-14,2026-03-14 16:00:00,2026-03-14 23:00:00,Garibaldina Society ,Garibaldina Society,99,Bathroom ATTend Female Restroom,Busser
2026-03-14,2026-03-14 16:00:00,2026-03-15 00:00:00,Stone Eagle Operations,Stone Eagle Operations,115,,Server 2
2026-03-14,2026-03-14 16:00:00,2026-03-14 22:00:00,Villa Portofino,Villa Portofino,98,,Bartender 2
2026-03-14,2026-03-14 16:00:00,2026-03-14 21:30:00,Villa Portofino,Villa Portofino,115,Private Event Buffet Assistance,Server 2
2026-03-14,2026-03-14 16:00:00,2026-03-15 00:00:00,VP Op Co LLC | The Aster LA,The Aster Los Angeles,105,,Dishwasher
2026-03-14,2026-03-14 16:30:00,2026-03-14 21:30:00,Academy Museum of Motion Pictures,Academy Museum of Motion Pictures - Fanny's Restaurant,105,,Dishwasher
2026-03-14,2026-03-14 16:30:00,2026-03-14 20:30:00,Indian Wells Tennis Garden,Indian Wells Tennis Gardens | Player Dining,101,,Cashier
2026-03-14,2026-03-14 17:00:00,2026-03-14 22:00:00,Athenaeum Club,Athenaeum Housekeeping,104,Laundry/Restroom,General
2026-03-14,2026-03-14 17:00:00,2026-03-14 21:00:00,Colburn Music School,Colburn Music School,115,,Server 2
2026-03-14,2026-03-14 17:00:00,2026-03-14 22:00:00,Ebell of Los Angeles,Ebell of Los Angeles - Back of House,105,,Dishwasher
2026-03-14,2026-03-14 17:00:00,2026-03-14 22:00:00,Ebell of Los Angeles,Ebell of Los Angeles - Back of House,102,,Cook 2
2026-03-14,2026-03-14 17:00:00,2026-03-15 01:30:00,Pepperdine University,Pepperdine University - HAWC Cafe & Store,102,,Cook 2
2026-03-14,2026-03-14 17:30:00,2026-03-14 23:30:00,Ebell of Los Angeles,Ebell of Los Angeles - Back of House,102,,Cook 2
2026-03-14,2026-03-14 18:00:00,2026-03-14 23:00:00,Baylands Golf Links,Baylands Golf Links  | FOH,115,,Server 2
2026-03-14,2026-03-14 18:00:00,2026-03-14 23:00:00,Griffin Club Los Angeles,Griffin Club Los Angeles,105,,Dishwasher
2026-03-14,2026-03-14 18:30:00,2026-03-15 00:30:00,Ebell of Los Angeles,Ebell of Los Angeles - Back of House,105,,Dishwasher
2026-03-14,2026-03-14 19:00:00,2026-03-14 22:00:00,The Thermal Club,@ The Thermal Club,264,,Event Supervisor
2026-03-14,2026-03-14 22:00:00,2026-03-15 06:30:00,Commerce Casino,Commerce Casino - Employee Dining Room,102,Overnight Shift,Cook 2
2026-03-14,2026-03-14 22:00:00,2026-03-15 06:00:00,Commerce Casino,Commerce Casino - Employee Dining Room,115,"Overnight shift, FOH EDR attend. ",Server 2
2026-03-14,2026-03-14 22:00:00,2026-03-15 06:00:00,Commerce Casino,Commerce Casino - High Limit Kitchen | FOH | MON - TH,101,with Runner duties | overnight shift,Cashier
2026-03-15,2026-03-15 02:00:00,2026-03-15 10:00:00,Commerce Casino,Commerce Casino - High Limit Kitchen | FOH | MON - TH,101,with Limited runner duties | Overnight shift,Cashier
2026-03-15,2026-03-15 05:00:00,2026-03-15 13:30:00,People Assisting the Homeless,People Assisting the Homeless - YWCA,110,,Prep Cook 2
2026-03-15,2026-03-15 05:00:00,2026-03-15 13:30:00,PIH Health - Whittier Hospital,PIH Health - Whittier Hospital,110,,Prep Cook 2
2026-03-15,2026-03-15 05:30:00,2026-03-15 14:30:00,"Fox Studio Lot, LLC",Fox Studio - Moe's Cafe BoH,102,,Cook 2
2026-03-15,2026-03-15 05:30:00,2026-03-15 14:30:00,"Fox Studio Lot, LLC",Fox Studio - Moe's Cafe BoH,102,,Cook 2
2026-03-15,2026-03-15 05:30:00,2026-03-15 13:00:00,The Thermal Club,@ The Thermal Club,115,,Server 2
2026-03-15,2026-03-15 05:30:00,2026-03-15 13:00:00,The Thermal Club,@ The Thermal Club,115,Busser Duties,Server 2
2026-03-15,2026-03-15 06:00:00,2026-03-15 14:00:00,Commerce Casino,Commerce Casino - High Limit Kitchen | FOH | MON - TH,101,with runner duties,Cashier
2026-03-15,2026-03-15 06:00:00,2026-03-15 16:00:00,Indian Wells Tennis Garden,Indian Wells Tennis Gardens | Player Dining,264,,Event Supervisor
2026-03-15,2026-03-15 06:00:00,2026-03-15 12:00:00,SBLP Warner Center OPCO LLC - The Variel,The Variel of Woodland Hills,102,,Cook 2
2026-03-15,2026-03-15 06:00:00,2026-03-15 18:00:00,The Thermal Club,@ The Thermal Club,264,,Event Supervisor
2026-03-15,2026-03-15 06:00:00,2026-03-15 14:30:00,The Thermal Club,@ The Thermal Club,115,,Server 2
2026-03-15,2026-03-15 06:00:00,2026-03-15 14:30:00,The Thermal Club,@ The Thermal Club,115,Runner Duties ,Server 2
2026-03-15,2026-03-15 06:30:00,2026-03-15 15:00:00,Beverly Hills Hotel,Beverly Hills Hotel - Main Kitchen,102,,Cook 2
2026-03-15,2026-03-15 06:30:00,2026-03-15 15:00:00,Childrens Hospital Los Angeles,Childrens Hospital Los Angeles,105,,Dishwasher
2026-03-15,2026-03-15 06:30:00,2026-03-15 15:00:00,The Thermal Club,@ The Thermal Club,285,,Server 1
2026-03-15,2026-03-15 06:30:00,2026-03-15 15:00:00,The Thermal Club,@ The Thermal Club,115,Buvette / Beverage Service,Server 2
2026-03-15,2026-03-15 06:30:00,2026-03-15 16:00:00,The Thermal Club,@ The Thermal Club,102,,Cook 2
2026-03-15,2026-03-15 06:30:00,2026-03-15 16:00:00,The Thermal Club,@ The Thermal Club,115,Lunch Service and After Clearing Service,Server 2
2026-03-15,2026-03-15 06:30:00,2026-03-15 16:00:00,The Thermal Club,@ The Thermal Club,102,,Cook 2
2026-03-15,2026-03-15 06:30:00,2026-03-15 15:00:00,The Thermal Club,@ The Thermal Club,115,Coffee Service,Server 2
2026-03-15,2026-03-15 06:30:00,2026-03-15 16:00:00,The Thermal Club,@ The Thermal Club,104,Dishwasher,General
2026-03-15,2026-03-15 06:30:00,2026-03-15 16:00:00,The Thermal Club,@ The Thermal Club,105,,Dishwasher
2026-03-15,2026-03-15 06:30:00,2026-03-15 15:00:00,The Thermal Club,@ The Thermal Club,115,Barista / Coffee Service,Server 2
2026-03-15,2026-03-15 06:30:00,2026-03-15 16:00:00,The Thermal Club,@ The Thermal Club,104,Dishwasher,General
2026-03-15,2026-03-15 07:00:00,2026-03-15 15:00:00,Blue Devils Lessee LLC | Hyatt Centric Delfina Santa Monica,Hyatt Centric Delfina Santa Monica,105,,Dishwasher
2026-03-15,2026-03-15 07:00:00,2026-03-15 15:00:00,Indian Wells Tennis Garden,Indian Wells Tennis Gardens | Player Dining,101,Cashier,Cashier
2026-03-15,2026-03-15 07:00:00,2026-03-15 15:30:00,Indian Wells Tennis Garden,Indian Wells Tennis Gardens | Player Dining,102,Kitchen Cook # 3,Cook 2
2026-03-15,2026-03-15 07:00:00,2026-03-15 15:00:00,Indian Wells Tennis Garden,Indian Wells Tennis Gardens | Player Dining,101,Cashier ,Cashier
2026-03-15,2026-03-15 07:00:00,2026-03-15 15:00:00,Indian Wells Tennis Garden,Indian Wells Tennis Gardens | Player Dining,101,FSA Attendant,Cashier
2026-03-15,2026-03-15 07:00:00,2026-03-15 15:00:00,Malibu Beach Inn,Malibu Beach Inn - BOH,105,,Dishwasher
2026-03-15,2026-03-15 07:00:00,2026-03-15 14:30:00,Martin Luther King Jr Hospital,Martin Luther King Jr. Hospital | BOH,105,Ongoing Sat and Sun,Dishwasher
2026-03-15,2026-03-15 07:00:00,2026-03-15 15:30:00,The Getty Center,The Getty Center - Cafe,102,,Cook 2
2026-03-15,2026-03-15 07:00:00,2026-03-15 17:30:00,The Thermal Club,@ The Thermal Club,98,,Bartender 2
2026-03-15,2026-03-15 07:00:00,2026-03-15 15:00:00,The Thermal Club,@ The Thermal Club,115,Buffet Service,Server 2
2026-03-15,2026-03-15 07:00:00,2026-03-15 15:30:00,University Village Thousand Oaks,University Village Thousand Oaks ,102,,Cook 2
2026-03-15,2026-03-15 07:00:00,2026-03-15 15:30:00,University Village Thousand Oaks,University Village Thousand Oaks ,102,,Cook 2
2026-03-15,2026-03-15 07:00:00,2026-03-15 15:30:00,VH Property Corp. dba Trump National Golf Club Los Angeles,Trump National Golf Course Los Angeles | BOH,102,,Cook 2
2026-03-15,2026-03-15 07:30:00,2026-03-15 17:00:00,The Thermal Club,@ The Thermal Club,98,,Bartender 2
2026-03-15,2026-03-15 08:00:00,2026-03-15 16:00:00,Hotel Bel Air,Hotel Bel Air - Main Kitchen,110,,Prep Cook 2
2026-03-15,2026-03-15 08:00:00,2026-03-15 16:00:00,Hotel Bel Air,Hotel Bel Air - Main Kitchen,102,,Cook 2
2026-03-15,2026-03-15 08:00:00,2026-03-15 15:00:00,Indian Wells Tennis Garden,Indian Wells Tennis Gardens | Player Dining,102,Burrito 2,Cook 2
2026-03-15,2026-03-15 08:00:00,2026-03-15 16:00:00,Indian Wells Tennis Garden,Indian Wells Tennis Gardens | Player Dining,102,Garnish #1,Cook 2
2026-03-15,2026-03-15 08:00:00,2026-03-15 15:00:00,Indian Wells Tennis Garden,Indian Wells Tennis Gardens | Player Dining,102,Bowls #1,Cook 2
2026-03-15,2026-03-15 08:00:00,2026-03-15 16:00:00,Indian Wells Tennis Garden,Indian Wells Tennis Gardens | Player Dining,102,Tortilla #1 ,Cook 2
2026-03-15,2026-03-15 08:00:00,2026-03-15 16:00:00,Indian Wells Tennis Garden,Indian Wells Tennis Gardens | Player Dining,102,Prep,Cook 2
2026-03-15,2026-03-15 08:00:00,2026-03-15 15:00:00,Indian Wells Tennis Garden,Indian Wells Tennis Gardens | Player Dining,102,Burrito 1,Cook 2
2026-03-15,2026-03-15 08:00:00,2026-03-15 16:00:00,Indian Wells Tennis Garden,Indian Wells Tennis Gardens | Player Dining,102,Plancha #1 ,Cook 2
2026-03-15,2026-03-15 08:00:00,2026-03-15 16:30:00,PIH Health - Whittier Hospital,PIH Health - Whittier Hospital,110,,Prep Cook 2
2026-03-15,2026-03-15 08:00:00,2026-03-15 15:00:00,The Thermal Club,@ The Thermal Club,115,Clearing and lunch service ,Server 2
2026-03-15,2026-03-15 08:00:00,2026-03-15 16:00:00,The Thermal Club,@ The Thermal Club,102,,Cook 2
2026-03-15,2026-03-15 08:00:00,2026-03-15 15:00:00,The Thermal Club,@ The Thermal Club,115,Clearing and Lunch Service,Server 2
2026-03-15,2026-03-15 08:00:00,2026-03-15 16:00:00,The Thermal Club,@ The Thermal Club,105,,Dishwasher
2026-03-15,2026-03-15 08:00:00,2026-03-15 15:00:00,The Thermal Club,@ The Thermal Club,115,Clearing and Lunch Service,Server 2
2026-03-15,2026-03-15 08:00:00,2026-03-15 14:00:00,West Angeles Church of God in Christ Inc,West Angeles Church of God,115,,Server 2
2026-03-15,2026-03-15 09:00:00,2026-03-15 16:00:00,Indian Wells Tennis Garden,Indian Wells Tennis Gardens | Player Dining,102, Nacho ,Cook 2
2026-03-15,2026-03-15 09:00:00,2026-03-15 16:00:00,Indian Wells Tennis Garden,Indian Wells Tennis Gardens | Player Dining,101,Cashier #1 ,Cashier
2026-03-15,2026-03-15 09:00:00,2026-03-15 16:00:00,Indian Wells Tennis Garden,Indian Wells Tennis Gardens | Player Dining,101,Cashier # 1,Cashier
2026-03-15,2026-03-15 09:00:00,2026-03-15 17:30:00,Indian Wells Tennis Garden,Indian Wells Tennis Gardens | Player Dining,101,,Cashier
2026-03-15,2026-03-15 09:00:00,2026-03-15 16:00:00,Indian Wells Tennis Garden,Indian Wells Tennis Gardens | Player Dining,101,Cashier #2,Cashier
2026-03-15,2026-03-15 09:00:00,2026-03-15 17:30:00,Indian Wells Tennis Garden,Indian Wells Tennis Gardens | Player Dining,102,Kitchen Cooks # 13,Cook 2
2026-03-15,2026-03-15 09:00:00,2026-03-15 17:00:00,Indian Wells Tennis Garden,Indian Wells Tennis Gardens | Player Dining,101,Cashier # 1,Cashier
2026-03-15,2026-03-15 09:00:00,2026-03-15 17:30:00,Indian Wells Tennis Garden,Indian Wells Tennis Gardens | Player Dining,102,Kitchen Cooks # 7,Cook 2
2026-03-15,2026-03-15 09:00:00,2026-03-15 17:00:00,Indian Wells Tennis Garden,Indian Wells Tennis Gardens | Player Dining,101,Cashier #2 ,Cashier
2026-03-15,2026-03-15 09:00:00,2026-03-15 17:30:00,The Thermal Club,@ The Thermal Club,115,Busser Duties ,Server 2
2026-03-15,2026-03-15 09:00:00,2026-03-15 17:30:00,The Thermal Club,@ The Thermal Club,98,,Bartender 2
2026-03-15,2026-03-15 09:00:00,2026-03-15 17:30:00,The Thermal Club,@ The Thermal Club,104,Bussing Duties,General
2026-03-15,2026-03-15 09:00:00,2026-03-15 17:30:00,The Thermal Club,@ The Thermal Club,115,Busser Duties,Server 2
2026-03-15,2026-03-15 09:00:00,2026-03-15 17:00:00,The Thermal Club,@ The Thermal Club,98,,Bartender 2
2026-03-15,2026-03-15 09:00:00,2026-03-15 17:30:00,The Thermal Club,@ The Thermal Club,115,,Server 2
2026-03-15,2026-03-15 10:00:00,2026-03-15 15:00:00,Ebell of Los Angeles,Ebell Of Los Angeles - Sunday - FOH,115,WPA,Server 2
2026-03-15,2026-03-15 10:00:00,2026-03-15 20:30:00,Griffin Club Los Angeles,Griffin Club Los Angeles,102,,Cook 2
2026-03-15,2026-03-15 10:00:00,2026-03-15 18:30:00,Griffin Club Los Angeles,Griffin Club Los Angeles,102,Sushi Cook,Cook 2
2026-03-15,2026-03-15 10:00:00,2026-03-15 18:30:00,Griffin Club Los Angeles,Griffin Club Los Angeles,102,,Cook 2
2026-03-15,2026-03-15 10:00:00,2026-03-15 18:00:00,Indian Wells Tennis Garden,Indian Wells Tennis Gardens | Player Dining,101,FSA Attendant,Cashier
2026-03-15,2026-03-15 10:00:00,2026-03-15 16:00:00,Indian Wells Tennis Garden,Indian Wells Tennis Gardens | Player Dining,98,,Bartender 2
2026-03-15,2026-03-15 10:00:00,2026-03-15 16:00:00,Indian Wells Tennis Garden,Indian Wells Tennis Gardens | Player Dining,98,,Bartender 2
2026-03-15,2026-03-15 10:00:00,2026-03-15 18:00:00,Indian Wells Tennis Garden,Indian Wells Tennis Gardens | Player Dining,101,Cashier,Cashier
2026-03-15,2026-03-15 10:00:00,2026-03-15 18:00:00,Indian Wells Tennis Garden,Indian Wells Tennis Gardens | Player Dining,101,Cashier # 3,Cashier
2026-03-15,2026-03-15 10:00:00,2026-03-15 18:00:00,Indian Wells Tennis Garden,Indian Wells Tennis Gardens | Player Dining,101,FSA Attendant,Cashier
2026-03-15,2026-03-15 10:00:00,2026-03-15 18:00:00,Indian Wells Tennis Garden,Indian Wells Tennis Gardens | Player Dining,101,Cashier,Cashier
2026-03-15,2026-03-15 10:00:00,2026-03-15 18:00:00,Indian Wells Tennis Garden,Indian Wells Tennis Gardens | Player Dining,101,FSA Attendant,Cashier
2026-03-15,2026-03-15 10:00:00,2026-03-15 18:00:00,Indian Wells Tennis Garden,Indian Wells Tennis Gardens | Player Dining,101,Cashier,Cashier
2026-03-15,2026-03-15 10:00:00,2026-03-15 16:00:00,Indian Wells Tennis Garden,Indian Wells Tennis Gardens | Player Dining,101,Cashier #3 ,Cashier
2026-03-15,2026-03-15 10:00:00,2026-03-15 18:00:00,The Thermal Club,@ The Thermal Club,102,,Cook 2
2026-03-15,2026-03-15 10:00:00,2026-03-15 16:30:00,VH Property Corp. dba Trump National Golf Club Los Angeles,Trump National Golf Course Los Angeles | Vista Grill,102,,Cook 2
2026-03-15,2026-03-15 10:30:00,2026-03-15 20:30:00,Wolfgang Puck Catering,Wolfgang Puck Catering - Oscars FOH,115,BUTLER | ACTION STATIONS | ,Server 2
2026-03-15,2026-03-15 10:30:00,2026-03-15 20:30:00,Wolfgang Puck Catering,Wolfgang Puck Catering - Oscars FOH,115,BUTLER | ACTION STATIONS ,Server 2
2026-03-15,2026-03-15 11:00:00,2026-03-15 19:30:00,Bel Air Bay Club ,Bel Air Bay Club - Upper Club,102,,Cook 2
2026-03-15,2026-03-15 11:00:00,2026-03-15 17:00:00,Griffin Club Los Angeles,Griffin Club Los Angeles,102,,Cook 2
2026-03-15,2026-03-15 11:00:00,2026-03-15 16:00:00,Indian Wells Tennis Garden,Indian Wells Tennis Gardens | Player Dining,101,,Cashier
2026-03-15,2026-03-15 11:00:00,2026-03-15 17:00:00,Indian Wells Tennis Garden,Indian Wells Tennis Gardens | Player Dining,101,Cashier # 2,Cashier
2026-03-15,2026-03-15 11:00:00,2026-03-15 17:00:00,Indian Wells Tennis Garden,Indian Wells Tennis Gardens | Player Dining,102,Bowls # 2,Cook 2
2026-03-15,2026-03-15 11:00:00,2026-03-15 15:30:00,SBLP Warner Center OPCO LLC - The Variel,The Variel of Woodland Hills,102,Omelet Station - Must know how to make omelets and quickly. ,Cook 2
2026-03-15,2026-03-15 11:00:00,2026-03-15 18:00:00,The Thermal Club,@ The Thermal Club,115,Lunch Service and After Clearing Service,Server 2
2026-03-15,2026-03-15 11:00:00,2026-03-15 18:00:00,The Thermal Club,@ The Thermal Club,98,Antinori,Bartender 2
2026-03-15,2026-03-15 11:00:00,2026-03-15 19:00:00,The Thermal Club,@ The Thermal Club,105,,Dishwasher
2026-03-15,2026-03-15 11:00:00,2026-03-15 18:00:00,The Thermal Club,@ The Thermal Club,115,Lunch Service and After Buffet Service,Server 2
2026-03-15,2026-03-15 11:00:00,2026-03-15 18:00:00,The Thermal Club,@ The Thermal Club,115,Lunch Service and After Clearing Service,Server 2
2026-03-15,2026-03-15 11:00:00,2026-03-15 16:00:00,The Thermal Club,@ The Thermal Club,285,Lunch Service and After Clearing Service,Server 1
2026-03-15,2026-03-15 11:00:00,2026-03-15 18:00:00,The Thermal Club,@ The Thermal Club,115,Lunch Service and After Clearing Service,Server 2
2026-03-15,2026-03-15 11:00:00,2026-03-15 18:00:00,The Thermal Club,@ The Thermal Club,98,Champagne Service,Bartender 2
2026-03-15,2026-03-15 11:00:00,2026-03-15 19:30:00,The Vered,The Vered,102,,Cook 2
2026-03-15,2026-03-15 11:30:00,2026-03-15 19:00:00,The Thermal Club,@ The Thermal Club,115,Busser Duties,Server 2
2026-03-15,2026-03-15 11:30:00,2026-03-15 19:00:00,The Thermal Club,@ The Thermal Club,98,,Bartender 2
2026-03-15,2026-03-15 11:30:00,2026-03-15 19:00:00,The Thermal Club,@ The Thermal Club,115,,Server 2
2026-03-15,2026-03-15 12:00:00,2026-03-15 20:30:00,Childrens Hospital Los Angeles,Childrens Hospital Los Angeles,104,Food Service Worker,General
2026-03-15,2026-03-15 12:00:00,2026-03-15 18:00:00,Malibu Beach Inn,Malibu Beach Inn - BOH,107,,Houseperson
2026-03-15,2026-03-15 12:00:00,2026-03-15 20:30:00,PIH Health - Whittier Hospital,PIH Health - Whittier Hospital,110,,Prep Cook 2
2026-03-15,2026-03-15 12:00:00,2026-03-15 20:30:00,USC Verdugo Hills Hospital,USC Verdugo Hills Hospital,105,,Dishwasher
2026-03-15,2026-03-15 13:00:00,2026-03-15 21:30:00,Griffin Club Los Angeles,Griffin Club Los Angeles,105,,Dishwasher
2026-03-15,2026-03-15 13:00:00,2026-03-15 21:30:00,Griffin Club Los Angeles,Griffin Club Los Angeles,105,,Dishwasher
2026-03-15,2026-03-15 13:00:00,2026-03-15 21:30:00,Shady Canyon Golf Club,Shady Canyon Golf Club,102,,Cook 2
2026-03-15,2026-03-15 13:00:00,2026-03-15 21:30:00,The Thermal Club,@ The Thermal Club,98,,Bartender 2
2026-03-15,2026-03-15 13:00:00,2026-03-15 21:00:00,The Thermal Club,@ The Thermal Club,105,,Dishwasher
2026-03-15,2026-03-15 13:00:00,2026-03-15 21:30:00,The Thermal Club,@ The Thermal Club,115,,Server 2
2026-03-15,2026-03-15 13:00:00,2026-03-15 21:30:00,The Thermal Club,@ The Thermal Club,115,Busser Duties ,Server 2
2026-03-15,2026-03-15 13:30:00,2026-03-15 22:00:00,Griffin Club Los Angeles,Griffin Club Los Angeles,98,Ongoing - Sat and Sun - temp to hire.,Bartender 2
2026-03-15,2026-03-15 14:00:00,2026-03-15 22:00:00,Commerce Casino,Commerce Casino - High Limit Kitchen | FOH | MON - TH,101,with limited runner duties,Cashier
2026-03-15,2026-03-15 14:00:00,2026-03-15 22:00:00,Hotel Bel Air,Hotel Bel Air - Swan Cafe,102,,Cook 2
2026-03-15,2026-03-15 14:00:00,2026-03-15 22:30:00,Martin Luther King Jr Hospital,Martin Luther King Jr. Hospital | BOH,102,,Cook 2
2026-03-15,2026-03-15 14:00:00,2026-03-15 22:30:00,SBLP Warner Center OPCO LLC - The Variel,The Variel of Woodland Hills,105,,Dishwasher
2026-03-15,2026-03-15 14:30:00,2026-03-15 20:30:00,Ebell of Los Angeles,Ebell Of Los Angeles - Sunday - FOH,115,,Server 2
2026-03-15,2026-03-15 15:00:00,2026-03-15 23:00:00,Canyon Palm Springs Hotel dba Thompson Palm Springs,Thompson Palm Springs |  FOH,96,bartender basic ,Barback
2026-03-15,2026-03-15 15:00:00,2026-03-15 23:30:00,Commerce Casino,Commerce Casino - Employee Dining Room,102,,Cook 2
2026-03-15,2026-03-15 15:00:00,2026-03-15 20:00:00,Ebell of Los Angeles,Ebell Of Los Angeles - Sunday - FOH,115,WPA,Server 2
2026-03-15,2026-03-15 15:00:00,2026-03-15 22:30:00,Wolfgang Puck Catering,Wolfgang Puck Catering - Oscars FOH,115,BUTLER | ACTION STATIONS ,Server 2
2026-03-15,2026-03-15 15:00:00,2026-03-15 22:30:00,Wolfgang Puck Catering,Wolfgang Puck Catering - Oscars FOH,115,BUTLER | ACTION STATIONS | ,Server 2
2026-03-15,2026-03-15 15:30:00,2026-03-15 20:30:00,Academy Museum of Motion Pictures,Academy Museum of Motion Pictures - Fanny's Restaurant,105,,Dishwasher
2026-03-15,2026-03-15 15:30:00,2026-03-15 23:00:00,Malibu Beach Inn,Malibu Beach Inn - BOH,105,,Dishwasher
2026-03-15,2026-03-15 15:30:00,2026-03-16 00:00:00,VH Property Corp. dba Trump National Golf Club Los Angeles,Trump National Golf Course Los Angeles | BOH,102,,Cook 2
2026-03-15,2026-03-15 16:00:00,2026-03-15 23:00:00,Canyon Palm Springs Hotel dba Thompson Palm Springs,Thompson Palm Springs |  FOH,115,,Server 2
2026-03-15,2026-03-15 16:00:00,2026-03-15 23:00:00,Canyon Palm Springs Hotel dba Thompson Palm Springs,Thompson Palm Springs |  FOH,99,,Busser
2026-03-15,2026-03-15 16:00:00,2026-03-15 22:00:00,Griffin Club Los Angeles,Griffin Club Los Angeles,105,,Dishwasher
2026-03-15,2026-03-15 16:00:00,2026-03-15 21:00:00,Renaissance LA Airport Hotel,Renaissance LA Airport Hotel - Banquets,107,,Houseperson
2026-03-15,2026-03-15 17:00:00,2026-03-15 22:00:00,Athenaeum Club,Athenaeum Housekeeping,104,Laundry/Restroom,General
2026-03-15,2026-03-15 17:00:00,2026-03-15 21:00:00,Crescent Heights Ten Thousand,Crescent Heights Ten Thousand - Events,96,Barback,Barback
2026-03-15,2026-03-15 17:00:00,2026-03-16 01:30:00,Pepperdine University,Pepperdine University - HAWC Cafe & Store,102,,Cook 2
2026-03-15,2026-03-15 18:00:00,2026-03-16 00:00:00,Ebell of Los Angeles,Ebell of Los Angeles - Back of House,105,,Dishwasher
2026-03-15,2026-03-15 22:00:00,2026-03-16 06:00:00,Commerce Casino,Commerce Casino - High Limit Kitchen | FOH | MON - TH,101,with Runner duties | overnight shift,Cashier
2026-03-15,2026-03-15 22:00:00,2026-03-16 06:30:00,Commerce Casino,Commerce Casino - Employee Dining Room,102,Overnight Shift,Cook 2
2026-03-16,2026-03-16 02:00:00,2026-03-16 10:00:00,Commerce Casino,Commerce Casino - High Limit Kitchen | FOH | MON - TH,101,with Limited runner duties | Overnight shift,Cashier
2026-03-16,2026-03-16 05:00:00,2026-03-16 13:30:00,Edwards Lifesciences,Edwards Lifesciences FOH Bldg. C,97,,Barista 2
2026-03-16,2026-03-16 05:00:00,2026-03-16 13:30:00,Edwards Lifesciences,Edwards Lifesciences FOH Bldg. C,101,,Cashier
2026-03-16,2026-03-16 05:00:00,2026-03-16 13:30:00,Google Spruce Goose Offices,Google Spruce Goose - Catering Operations,102,,Cook 2
2026-03-16,2026-03-16 05:00:00,2026-03-16 13:30:00,PIH Health - Good Samaritan Hospital,PIH Health - Good Samaritan Hospital,290,,Cook 3
2026-03-16,2026-03-16 05:00:00,2026-03-16 13:30:00,PIH Health - Whittier Hospital,PIH Health - Whittier Hospital,102,,Cook 2
2026-03-16,2026-03-16 05:00:00,2026-03-16 13:30:00,PIH Health - Whittier Hospital,PIH Health - Whittier Hospital,110,,Prep Cook 2
2026-03-16,2026-03-16 05:30:00,2026-03-16 11:00:00,Empowered 4 Life Foundation,@ Empowered 4 Life Foundation,110,,Prep Cook 2
2026-03-16,2026-03-16 06:00:00,2026-03-16 13:30:00,Beverly Hills Unified School District,BHUSD - Beverly Hills High School,102,,Cook 2
2026-03-16,2026-03-16 06:00:00,2026-03-16 14:00:00,Beverly Hills Unified School District,BHUSD - Beverly Hills High School,105,,Dishwasher
2026-03-16,2026-03-16 06:00:00,2026-03-16 14:00:00,Beverly Hills Unified School District,BHUSD - Beverly Hills High School,110,,Prep Cook 2
2026-03-16,2026-03-16 06:00:00,2026-03-16 14:00:00,Beverly Hills Unified School District,BHUSD - Beverly Hills High School,104,,General
2026-03-16,2026-03-16 06:00:00,2026-03-16 13:30:00,Beverly Hills Unified School District,BHUSD - Beverly Hills High School,288,,Cook 1
2026-03-16,2026-03-16 06:00:00,2026-03-16 14:30:00,Capital Group - Irvine,Capital Group - Irvine | BOH,102,,Cook 2
2026-03-16,2026-03-16 06:00:00,2026-03-16 14:30:00,Capital Group - Irvine,Capital Group - Irvine | FOH,101,,Cashier
2026-03-16,2026-03-16 06:00:00,2026-03-16 14:00:00,Commerce Casino,Commerce Casino - High Limit Kitchen | FOH | MON - TH,101,with runner duties,Cashier
2026-03-16,2026-03-16 06:00:00,2026-03-16 12:00:00,Crescent Heights Ten Thousand,Crescent Heights Ten Thousand - Buffet,115,,Server 2
2026-03-16,2026-03-16 06:00:00,2026-03-16 14:30:00,Edwards Lifesciences,Edwards Lifesciences FOH Bldg. C,97,,Barista 2
2026-03-16,2026-03-16 06:00:00,2026-03-16 14:30:00,Edwards Lifesciences,Edwards Lifesciences FOH Bldg. C,101,,Cashier
2026-03-16,2026-03-16 06:00:00,2026-03-16 15:00:00,"Fox Studio Lot, LLC",Fox Studio - Moe's Cafe BoH,102,,Cook 2
2026-03-16,2026-03-16 06:00:00,2026-03-16 14:30:00,"Fox Studio Lot, LLC",Fox Studio - Commissary,102,,Cook 2
2026-03-16,2026-03-16 06:00:00,2026-03-16 15:00:00,"Fox Studio Lot, LLC",Fox Studio - News Cafe BoH,102,,Cook 2
2026-03-16,2026-03-16 06:00:00,2026-03-16 14:30:00,Martin Luther King Jr Hospital,Martin Luther King Jr. Hospital | BOH,102,,Cook 2
2026-03-16,2026-03-16 06:00:00,2026-03-16 14:30:00,Park Place Plaza,Park Place Plaza,110,,Prep Cook 2
2026-03-16,2026-03-16 06:00:00,2026-03-16 12:00:00,SBLP Warner Center OPCO LLC - The Variel,The Variel of Woodland Hills,102,,Cook 2
2026-03-16,2026-03-16 06:00:00,2026-03-16 14:30:00,The Wonderful Company,The Wonderful Company,97,,Barista 2
2026-03-16,2026-03-16 06:00:00,2026-03-16 14:30:00,USC Verdugo Hills Hospital,USC Verdugo Hills Hospital,102,,Cook 2
2026-03-16,2026-03-16 06:30:00,2026-03-16 14:30:00,Amgen Thousand Oaks,Amgen Thousand Oaks - Bistro Cafe,102,,Cook 2
2026-03-16,2026-03-16 06:30:00,2026-03-16 15:00:00,Park Place Plaza,Park Place Plaza,115,with Barista Duties,Server 2
2026-03-16,2026-03-16 07:00:00,2026-03-16 13:30:00,Beverly Hills Unified School District,BHUSD- El Rodeo Elementary,104,,General
2026-03-16,2026-03-16 07:00:00,2026-03-16 13:30:00,Beverly Hills Unified School District,BHUSD - Horace Mann Elementary School,104,,General
2026-03-16,2026-03-16 07:00:00,2026-03-16 15:30:00,Martin Luther King Jr Hospital,Martin Luther King Jr. Hospital | BOH,102,,Cook 2
2026-03-16,2026-03-16 07:00:00,2026-03-16 15:30:00,"Platinum Equity, LLC",Platinum Equity LLC,102,,Cook 2
2026-03-16,2026-03-16 07:00:00,2026-03-16 15:30:00,The Wonderful Company,The Wonderful Company,97,,Barista 2
2026-03-16,2026-03-16 07:00:00,2026-03-16 14:00:00,Union Station Homeless Services,Union Station Homeless Services - Adult Center,102,,Cook 2
2026-03-16,2026-03-16 07:00:00,2026-03-16 15:30:00,Union Station Homeless Services,Union Station Homeless Services - Adult Center,102,,Cook 2
2026-03-16,2026-03-16 07:30:00,2026-03-16 15:30:00,Amgen Thousand Oaks,Amgen Thousand Oaks - Bistro Cafe,105,,Dishwasher
2026-03-16,2026-03-16 07:30:00,2026-03-16 16:00:00,Mount Saint Mary's University,Mount Saint Mary's University - Doheny Campus,110,,Prep Cook 2
2026-03-16,2026-03-16 08:00:00,2026-03-16 13:30:00,Beverly Hills Unified School District,BHUSD - Beverly Vista Middle School,104,,General
2026-03-16,2026-03-16 08:00:00,2026-03-16 15:00:00,Disney Studios,Disney Studios | Rotunda Restaurant,99,,Busser
2026-03-16,2026-03-16 08:00:00,2026-03-16 16:00:00,"Fox Studio Lot, LLC",Fox Studio - News Cafe FoH,99,,Busser
2026-03-16,2026-03-16 08:00:00,2026-03-16 16:00:00,Hotel Bel Air,Hotel Bel Air - Main Kitchen,102,,Cook 2
2026-03-16,2026-03-16 08:00:00,2026-03-16 16:30:00,Indian Wells Tennis Garden,Indian Wells Tennis Gardens | Player Dining,102,Kitchen Cooks # 7,Cook 2
2026-03-16,2026-03-16 08:00:00,2026-03-16 15:00:00,Malibu Beach Inn,Malibu Beach Inn - BOH,105,,Dishwasher
2026-03-16,2026-03-16 08:00:00,2026-03-16 13:00:00,New West Charter School,New West Charter School - W. PICO Location,115,,Server 2
2026-03-16,2026-03-16 08:00:00,2026-03-16 16:00:00,SBLP Warner Center OPCO LLC - The Variel,The Variel of Woodland Hills,105,,Dishwasher
2026-03-16,2026-03-16 08:00:00,2026-03-16 16:30:00,The Wonderful Company,The Wonderful Company,97,,Barista 2
2026-03-16,2026-03-16 08:30:00,2026-03-16 17:00:00,"Platinum Equity, LLC",Platinum Equity LLC,102,,Cook 2
2026-03-16,2026-03-16 08:30:00,2026-03-16 14:30:00,Universal Music Group,Universal Music Group,110,,Prep Cook 2
2026-03-16,2026-03-16 09:00:00,2026-03-16 17:30:00,Malibu Beach Inn,Malibu Beach Inn - BOH,107,Housekeeping,Houseperson
2026-03-16,2026-03-16 09:00:00,2026-03-16 17:30:00,"Platinum Equity, LLC",Platinum Equity LLC,105,,Dishwasher
2026-03-16,2026-03-16 09:00:00,2026-03-16 15:00:00,The Vered,The Vered,102,TB and LIVE Scan Required - Ongoing Shift - Do not publish,Cook 2
2026-03-16,2026-03-16 09:30:00,2026-03-16 15:30:00,Google Spruce Goose Offices,Google Spruce Goose - Cafe,104,Dishwasher,General
2026-03-16,2026-03-16 10:00:00,2026-03-16 18:30:00,Childrens Hospital Los Angeles,Childrens Hospital Los Angeles,105,,Dishwasher
2026-03-16,2026-03-16 10:00:00,2026-03-16 18:30:00,Edwards Lifesciences,Edwards Lifesciences FOH Bldg. C,101,,Cashier
2026-03-16,2026-03-16 10:00:00,2026-03-16 16:00:00,"Fox Studio Lot, LLC",Fox Studio - Moe's Cafe BoH,105,,Dishwasher
2026-03-16,2026-03-16 10:00:00,2026-03-16 18:30:00,Griffin Club Los Angeles,Griffin Club Los Angeles,102,,Cook 2
2026-03-16,2026-03-16 10:00:00,2026-03-16 15:00:00,Universal Music Group,Universal Music Group,105,,Dishwasher
2026-03-16,2026-03-16 10:00:00,2026-03-16 18:30:00,USC Verdugo Hills Hospital,USC Verdugo Hills Hospital,102,,Cook 2
2026-03-16,2026-03-16 10:30:00,2026-03-16 19:00:00,"Platinum Equity, LLC",Platinum Equity LLC,102,,Cook 2
2026-03-16,2026-03-16 11:00:00,2026-03-16 15:00:00,KMR Gourmet Catering,KMR Gourmet Catering - Offsite,115,Catering server ,Server 2
2026-03-16,2026-03-16 11:30:00,2026-03-16 20:00:00,People Assisting the Homeless,People Assisting the Homeless - YWCA,110,,Prep Cook 2
2026-03-16,2026-03-16 12:00:00,2026-03-16 20:00:00,Academy Museum of Motion Pictures,Academy Museum of Motion Pictures - Fanny's Restaurant,105,,Dishwasher
2026-03-16,2026-03-16 12:00:00,2026-03-16 20:30:00,Childrens Hospital Los Angeles,Childrens Hospital Los Angeles,104,Food Service Worker,General
2026-03-16,2026-03-16 12:00:00,2026-03-16 20:30:00,PIH Health - Whittier Hospital,PIH Health - Whittier Hospital,110,,Prep Cook 2
2026-03-16,2026-03-16 12:00:00,2026-03-16 20:30:00,SBLP Warner Center OPCO LLC - The Variel,The Variel of Woodland Hills,102,Must know how to cook Omelets,Cook 2
2026-03-16,2026-03-16 12:00:00,2026-03-16 20:30:00,Walnut Village,Walnut Village,105,,Dishwasher
2026-03-16,2026-03-16 12:30:00,2026-03-16 21:30:00,Griffin Club Los Angeles,Griffin Club Los Angeles,105,,Dishwasher
2026-03-16,2026-03-16 14:00:00,2026-03-16 22:00:00,Commerce Casino,Commerce Casino - High Limit Kitchen | FOH | MON - TH,101,with limited runner duties,Cashier
2026-03-16,2026-03-16 14:00:00,2026-03-16 22:30:00,Martin Luther King Jr Hospital,Martin Luther King Jr. Hospital | BOH,102,,Cook 2
2026-03-16,2026-03-16 14:00:00,2026-03-16 22:30:00,SBLP Warner Center OPCO LLC - The Variel,The Variel of Woodland Hills,105,,Dishwasher
2026-03-16,2026-03-16 14:30:00,2026-03-16 22:00:00,Hotel Bel Air,Hotel Bel Air - Stewards,105,,Dishwasher
2026-03-16,2026-03-16 14:30:00,2026-03-16 22:30:00,Viceroy Santa Monica Hotel,Viceroy Santa Monica Hotel,264,,Event Supervisor
2026-03-16,2026-03-16 15:00:00,2026-03-16 23:30:00,Irvine Spectrum ,Irvine Spectrum - BOH,102,,Cook 2
2026-03-16,2026-03-16 15:30:00,2026-03-16 22:00:00,Malibu Beach Inn,Malibu Beach Inn - BOH,105,,Dishwasher
2026-03-16,2026-03-16 16:00:00,2026-03-16 23:00:00,Canyon Palm Springs Hotel dba Thompson Palm Springs,Thompson Palm Springs |  FOH,99,,Busser
2026-03-16,2026-03-16 17:00:00,2026-03-17 01:30:00,Pepperdine University,Pepperdine University - HAWC Cafe & Store,102,,Cook 2
2026-03-16,2026-03-16 18:00:00,2026-03-16 23:00:00,Wolfgang Puck Catering,Wolfgang Puck Catering - L.A. Live,105,,Dishwasher
2026-03-16,2026-03-16 22:00:00,2026-03-17 06:30:00,Commerce Casino,Commerce Casino - Employee Dining Room,102,Overnight Shift,Cook 2
2026-03-16,2026-03-16 22:00:00,2026-03-17 06:00:00,Commerce Casino,Commerce Casino - High Limit Kitchen | FOH | MON - TH,101,with Runner duties | overnight shift,Cashier
2026-03-17,2026-03-17 02:00:00,2026-03-17 10:00:00,Commerce Casino,Commerce Casino - High Limit Kitchen | FOH | MON - TH,101,with Limited runner duties | Overnight shift,Cashier
2026-03-17,2026-03-17 05:00:00,2026-03-17 13:30:00,Edwards Lifesciences,Edwards Lifesciences FOH Bldg. C,101,,Cashier
2026-03-17,2026-03-17 05:00:00,2026-03-17 13:30:00,Google Spruce Goose Offices,Google Spruce Goose - Catering Operations,102,,Cook 2
2026-03-17,2026-03-17 05:00:00,2026-03-17 13:30:00,PIH Health - Good Samaritan Hospital,PIH Health - Good Samaritan Hospital,290,,Cook 3
2026-03-17,2026-03-17 05:00:00,2026-03-17 13:30:00,PIH Health - Whittier Hospital,PIH Health - Whittier Hospital,102,,Cook 2
2026-03-17,2026-03-17 05:00:00,2026-03-17 13:30:00,PIH Health - Whittier Hospital,PIH Health - Whittier Hospital,110,,Prep Cook 2
2026-03-17,2026-03-17 05:30:00,2026-03-17 11:00:00,Empowered 4 Life Foundation,@ Empowered 4 Life Foundation,110,,Prep Cook 2
2026-03-17,2026-03-17 05:30:00,2026-03-17 14:30:00,"Fox Studio Lot, LLC",Fox Studio - Moe's Cafe BoH,102,,Cook 2
2026-03-17,2026-03-17 05:30:00,2026-03-17 14:00:00,Olive Grove Cafe,Kirkland and Ellis,102,,Cook 2
2026-03-17,2026-03-17 06:00:00,2026-03-17 13:30:00,Beverly Hills Unified School District,BHUSD - Beverly Hills High School,110,,Prep Cook 2
2026-03-17,2026-03-17 06:00:00,2026-03-17 14:00:00,Beverly Hills Unified School District,BHUSD - Beverly Hills High School,104,,General
2026-03-17,2026-03-17 06:00:00,2026-03-17 13:30:00,Beverly Hills Unified School District,BHUSD - Beverly Hills High School,102,,Cook 2
2026-03-17,2026-03-17 06:00:00,2026-03-17 12:00:00,Beverly Hills Unified School District,BHUSD - Beverly Hills High School,104,,General
2026-03-17,2026-03-17 06:00:00,2026-03-17 14:30:00,Capital Group - Irvine,Capital Group - Irvine | BOH,102,,Cook 2
2026-03-17,2026-03-17 06:00:00,2026-03-17 14:30:00,Capital Group - Irvine,Capital Group - Irvine | FOH,101,,Cashier
2026-03-17,2026-03-17 06:00:00,2026-03-17 14:00:00,Commerce Casino,Commerce Casino - High Limit Kitchen | FOH | MON - TH,101,with runner duties,Cashier
2026-03-17,2026-03-17 06:00:00,2026-03-17 14:30:00,Edwards Lifesciences,Edwards Lifesciences FOH Bldg. C,101,,Cashier
2026-03-17,2026-03-17 06:00:00,2026-03-17 14:30:00,Edwards Lifesciences,Edwards Lifesciences FOH Bldg. C,101,,Cashier
2026-03-17,2026-03-17 06:00:00,2026-03-17 14:30:00,Edwards Lifesciences,Edwards Lifesciences FOH Bldg. C,97,,Barista 2
2026-03-17,2026-03-17 06:00:00,2026-03-17 15:00:00,"Fox Studio Lot, LLC",Fox Studio - Moe's Cafe BoH,102,,Cook 2
2026-03-17,2026-03-17 06:00:00,2026-03-17 14:30:00,"Fox Studio Lot, LLC",Fox Studio - Commissary,102,,Cook 2
2026-03-17,2026-03-17 06:00:00,2026-03-17 15:00:00,"Fox Studio Lot, LLC",Fox Studio - News Cafe BoH,102,,Cook 2
2026-03-17,2026-03-17 06:00:00,2026-03-17 14:30:00,Martin Luther King Jr Hospital,Martin Luther King Jr. Hospital | BOH,102,,Cook 2
2026-03-17,2026-03-17 06:00:00,2026-03-17 14:30:00,Park Place Plaza,Park Place Plaza,110,,Prep Cook 2
2026-03-17,2026-03-17 06:00:00,2026-03-17 14:30:00,USC Verdugo Hills Hospital,USC Verdugo Hills Hospital,102,,Cook 2
2026-03-17,2026-03-17 06:30:00,2026-03-17 14:30:00,Amgen Thousand Oaks,Amgen Thousand Oaks - Bistro Cafe,102,,Cook 2
2026-03-17,2026-03-17 06:30:00,2026-03-17 15:00:00,Google Spruce Goose Offices,Google Spruce Goose - Cafe,112,,Runner
2026-03-17,2026-03-17 06:30:00,2026-03-17 15:00:00,Park Place Plaza,Park Place Plaza,115,with Barista Duties,Server 2
2026-03-17,2026-03-17 06:30:00,2026-03-17 15:00:00,SBLP Warner Center OPCO LLC - The Variel,The Variel of Woodland Hills,105,,Dishwasher
2026-03-17,2026-03-17 07:00:00,2026-03-17 13:00:00,Athenaeum Club,Athenaeum Kitchen,104,Inventory Receiving Coordinator,General
2026-03-17,2026-03-17 07:00:00,2026-03-17 13:30:00,Beverly Hills Unified School District,BHUSD - Horace Mann Elementary School,104,,General
2026-03-17,2026-03-17 07:00:00,2026-03-17 14:00:00,Beverly Hills Unified School District,BHUSD - Beverly Hills High School,105,,Dishwasher
2026-03-17,2026-03-17 07:00:00,2026-03-17 13:30:00,Beverly Hills Unified School District,BHUSD- El Rodeo Elementary,104,,General
2026-03-17,2026-03-17 07:00:00,2026-03-17 15:30:00,Martin Luther King Jr Hospital,Martin Luther King Jr. Hospital | BOH,102,,Cook 2
2026-03-17,2026-03-17 07:00:00,2026-03-17 15:30:00,"Platinum Equity, LLC",Platinum Equity LLC,102,,Cook 2
2026-03-17,2026-03-17 07:00:00,2026-03-17 15:00:00,Skadden Law Firm,Skadden Law Firm,105,,Dishwasher
2026-03-17,2026-03-17 07:00:00,2026-03-17 15:30:00,The Getty Center,The Getty Center - Cafe,102,,Cook 2
2026-03-17,2026-03-17 07:00:00,2026-03-17 15:30:00,The Meadowglade LLC,The Meadowglade,102,On going/ read description,Cook 2
2026-03-17,2026-03-17 07:00:00,2026-03-17 15:30:00,Union Station Homeless Services,Union Station Homeless Services - Adult Center,102,,Cook 2
2026-03-17,2026-03-17 07:00:00,2026-03-17 15:30:00,Wolfgang Puck Catering,Wolfgang Puck Catering - Hollywood & Highland,102,,Cook 2
2026-03-17,2026-03-17 07:30:00,2026-03-17 15:30:00,Amgen Thousand Oaks,Amgen Thousand Oaks - Bistro Cafe,105,,Dishwasher
2026-03-17,2026-03-17 08:00:00,2026-03-17 13:30:00,Beverly Hills Unified School District,BHUSD - Beverly Vista Middle School,104,,General
2026-03-17,2026-03-17 08:00:00,2026-03-17 14:00:00,"Fox Studio Lot, LLC",Fox Studio - Moe's Cafe FoH,99,We will be moving boxes & doing heavy lifting.,Busser
2026-03-17,2026-03-17 08:00:00,2026-03-17 15:00:00,Malibu Beach Inn,Malibu Beach Inn - BOH,105,,Dishwasher
2026-03-17,2026-03-17 08:00:00,2026-03-17 13:00:00,New West Charter School,New West Charter School - W. PICO Location,115,,Server 2
2026-03-17,2026-03-17 08:00:00,2026-03-17 16:30:00,The Wonderful Company,The Wonderful Company,97,,Barista 2
2026-03-17,2026-03-17 08:30:00,2026-03-17 17:00:00,"Platinum Equity, LLC",Platinum Equity LLC,102,,Cook 2
2026-03-17,2026-03-17 08:30:00,2026-03-17 14:30:00,Universal Music Group,Universal Music Group,110,,Prep Cook 2
2026-03-17,2026-03-17 09:00:00,2026-03-17 17:30:00,Malibu Beach Inn,Malibu Beach Inn - BOH,107,Housekeeping ,Houseperson
2026-03-17,2026-03-17 09:00:00,2026-03-17 17:30:00,"Platinum Equity, LLC",Platinum Equity LLC,105,,Dishwasher
2026-03-17,2026-03-17 09:00:00,2026-03-17 17:30:00,"Platinum Equity, LLC",Platinum Equity LLC,102,,Cook 2
2026-03-17,2026-03-17 09:00:00,2026-03-17 15:00:00,The Vered,The Vered,102,TB and LIVE Scan Required - Ongoing Shift - Do not publish,Cook 2
2026-03-17,2026-03-17 09:30:00,2026-03-17 15:30:00,Google Spruce Goose Offices,Google Spruce Goose - Cafe,104,Dishwasher,General
2026-03-17,2026-03-17 09:30:00,2026-03-17 14:00:00,Olive Grove Cafe,Olive Grove Cafe,101,with Food Runner Duties,Cashier
2026-03-17,2026-03-17 09:30:00,2026-03-17 15:00:00,Union Station Homeless Services,Union Station Homeless Services - Adult Center,102,,Cook 2
2026-03-17,2026-03-17 10:00:00,2026-03-17 18:30:00,Childrens Hospital Los Angeles,Childrens Hospital Los Angeles,105,,Dishwasher
2026-03-17,2026-03-17 10:00:00,2026-03-17 18:30:00,Edwards Lifesciences,Edwards Lifesciences FOH Bldg. C,101,,Cashier
2026-03-17,2026-03-17 10:00:00,2026-03-17 18:30:00,Griffin Club Los Angeles,Griffin Club Los Angeles,102,,Cook 2
2026-03-17,2026-03-17 11:00:00,2026-03-17 15:30:00,Guckenheimer Cafe at Red Bull,Guckenheimer Cafe at Red Bull - Back of House,105,,Dishwasher
2026-03-17,2026-03-17 11:00:00,2026-03-17 15:00:00,KMR Gourmet Catering,KMR Gourmet Catering - Offsite,115,Catering server ,Server 2
2026-03-17,2026-03-17 11:00:00,2026-03-17 16:00:00,Middleby Residential SoCal,Middleby Residential SoCal,105,,Dishwasher
2026-03-17,2026-03-17 11:00:00,2026-03-17 19:30:00,PIH Health - Whittier Hospital,PIH Health - Whittier Hospital,102,,Cook 2
2026-03-17,2026-03-17 11:00:00,2026-03-17 19:30:00,RAND Corporation,RAND Corporation,102,,Cook 2
2026-03-17,2026-03-17 11:00:00,2026-03-17 19:30:00,University Village Thousand Oaks,University Village Thousand Oaks ,102,,Cook 2
2026-03-17,2026-03-17 11:30:00,2026-03-17 20:00:00,People Assisting the Homeless,People Assisting the Homeless - YWCA,110,,Prep Cook 2
2026-03-17,2026-03-17 12:00:00,2026-03-17 20:30:00,Childrens Hospital Los Angeles,Childrens Hospital Los Angeles,104,Food Service Worker,General
2026-03-17,2026-03-17 12:00:00,2026-03-17 20:30:00,Griffin Club Los Angeles,Griffin Club Los Angeles,102,,Cook 2
2026-03-17,2026-03-17 12:00:00,2026-03-17 20:30:00,PIH Health - Whittier Hospital,PIH Health - Whittier Hospital,110,,Prep Cook 2
2026-03-17,2026-03-17 12:00:00,2026-03-17 20:30:00,USC Verdugo Hills Hospital,USC Verdugo Hills Hospital,102,,Cook 2
2026-03-17,2026-03-17 12:30:00,2026-03-17 21:00:00,Athenaeum Club,Athenaeum Kitchen,102,,Cook 2
2026-03-17,2026-03-17 14:00:00,2026-03-17 22:00:00,Commerce Casino,Commerce Casino - High Limit Kitchen | FOH | MON - TH,101,with limited runner duties,Cashier
2026-03-17,2026-03-17 14:00:00,2026-03-17 22:30:00,Martin Luther King Jr Hospital,Martin Luther King Jr. Hospital | BOH,102,,Cook 2
2026-03-17,2026-03-17 14:00:00,2026-03-17 22:30:00,SBLP Warner Center OPCO LLC - The Variel,The Variel of Woodland Hills,105,,Dishwasher
2026-03-17,2026-03-17 14:30:00,2026-03-17 22:00:00,Hotel Bel Air,Hotel Bel Air - Stewards,105,,Dishwasher
2026-03-17,2026-03-17 14:30:00,2026-03-17 22:30:00,Viceroy Santa Monica Hotel,Viceroy Santa Monica Hotel,264,,Event Supervisor
2026-03-17,2026-03-17 15:00:00,2026-03-17 23:30:00,Crescent Heights Ten Thousand,Crescent Heights Ten Thousand - Butler Department,115,Butler/Porter,Server 2
2026-03-17,2026-03-17 15:00:00,2026-03-17 23:30:00,Irvine Spectrum ,Irvine Spectrum - BOH,102,,Cook 2
2026-03-17,2026-03-17 15:30:00,2026-03-17 22:00:00,Malibu Beach Inn,Malibu Beach Inn - BOH,105,,Dishwasher
2026-03-17,2026-03-17 16:00:00,2026-03-17 23:00:00,Canyon Palm Springs Hotel dba Thompson Palm Springs,Thompson Palm Springs |  FOH,99,,Busser
2026-03-17,2026-03-17 16:00:00,2026-03-17 21:00:00,Rancho La Quinta Country Club,@ Rancho La Quinta Country Club,98,,Bartender 2
2026-03-17,2026-03-17 16:00:00,2026-03-17 21:00:00,Rancho La Quinta Country Club,@ Rancho La Quinta Country Club,115,,Server 2
2026-03-17,2026-03-17 16:00:00,2026-03-17 21:00:00,The Pacific Club,The Pacific Club | FOH,115,,Server 2
2026-03-17,2026-03-17 16:00:00,2026-03-17 21:00:00,The Pacific Club,The Pacific Club | FOH,98,,Bartender 2
2026-03-17,2026-03-17 17:00:00,2026-03-18 01:30:00,Pepperdine University,Pepperdine University - HAWC Cafe & Store,102,,Cook 2
2026-03-17,2026-03-17 17:00:00,2026-03-17 23:30:00,Wolfgang Puck Catering,Wolfgang Puck Catering - L.A. Live,105,,Dishwasher
2026-03-17,2026-03-17 22:00:00,2026-03-18 06:30:00,Commerce Casino,Commerce Casino - Employee Dining Room,102,Overnight Shift,Cook 2
2026-03-17,2026-03-17 22:00:00,2026-03-18 06:00:00,Commerce Casino,Commerce Casino - High Limit Kitchen | FOH | MON - TH,101,with Runner duties | overnight shift,Cashier
2026-03-18,2026-03-18 02:00:00,2026-03-18 10:00:00,Commerce Casino,Commerce Casino - High Limit Kitchen | FOH | MON - TH,101,with Limited runner duties | Overnight shift,Cashier
2026-03-18,2026-03-18 05:00:00,2026-03-18 13:30:00,Edwards Lifesciences,Edwards Lifesciences FOH Bldg. C,101,,Cashier
2026-03-18,2026-03-18 05:00:00,2026-03-18 13:30:00,Google Spruce Goose Offices,Google Spruce Goose - Catering Operations,102,,Cook 2
2026-03-18,2026-03-18 05:00:00,2026-03-18 13:30:00,People Assisting the Homeless,People Assisting the Homeless - YWCA,110,,Prep Cook 2
2026-03-18,2026-03-18 05:00:00,2026-03-18 13:30:00,PIH Health - Good Samaritan Hospital,PIH Health - Good Samaritan Hospital,290,,Cook 3
2026-03-18,2026-03-18 05:00:00,2026-03-18 13:30:00,PIH Health - Whittier Hospital,PIH Health - Whittier Hospital,102,,Cook 2
2026-03-18,2026-03-18 05:00:00,2026-03-18 13:30:00,PIH Health - Whittier Hospital,PIH Health - Whittier Hospital,110,,Prep Cook 2
2026-03-18,2026-03-18 05:30:00,2026-03-18 11:00:00,Empowered 4 Life Foundation,@ Empowered 4 Life Foundation,110,,Prep Cook 2
2026-03-18,2026-03-18 05:30:00,2026-03-18 15:00:00,"Fox Studio Lot, LLC",Fox Studio - Moe's Cafe BoH,102,,Cook 2
2026-03-18,2026-03-18 05:30:00,2026-03-18 14:30:00,"Fox Studio Lot, LLC",Fox Studio - Moe's Cafe BoH,102,,Cook 2
2026-03-18,2026-03-18 05:30:00,2026-03-18 14:00:00,Olive Grove Cafe,Kirkland and Ellis,102,,Cook 2
2026-03-18,2026-03-18 06:00:00,2026-03-18 13:30:00,Beverly Hills Unified School District,BHUSD - Beverly Hills High School,110,,Prep Cook 2
2026-03-18,2026-03-18 06:00:00,2026-03-18 14:00:00,Beverly Hills Unified School District,BHUSD - Beverly Hills High School,104,,General
2026-03-18,2026-03-18 06:00:00,2026-03-18 14:30:00,Capital Group - Irvine,Capital Group - Irvine | BOH,102,,Cook 2
2026-03-18,2026-03-18 06:00:00,2026-03-18 14:30:00,Capital Group - Irvine,Capital Group - Irvine | FOH,101,,Cashier
2026-03-18,2026-03-18 06:00:00,2026-03-18 14:00:00,Commerce Casino,Commerce Casino - High Limit Kitchen | FOH | MON - TH,101,with runner duties,Cashier
2026-03-18,2026-03-18 06:00:00,2026-03-18 14:30:00,Disney Studios,Disney Studios | GC3 Cafe Glendale,102,,Cook 2
2026-03-18,2026-03-18 06:00:00,2026-03-18 14:30:00,Edwards Lifesciences,Edwards Lifesciences FOH Bldg. C,101,,Cashier
2026-03-18,2026-03-18 06:00:00,2026-03-18 14:30:00,Edwards Lifesciences,Edwards Lifesciences FOH Bldg. C,97,,Barista 2
2026-03-18,2026-03-18 06:00:00,2026-03-18 14:30:00,Edwards Lifesciences,Edwards Lifesciences FOH Bldg. C,97,,Barista 2
2026-03-18,2026-03-18 06:00:00,2026-03-18 14:30:00,"Fox Studio Lot, LLC",Fox Studio - Commissary,102,,Cook 2
2026-03-18,2026-03-18 06:00:00,2026-03-18 15:00:00,"Fox Studio Lot, LLC",Fox Studio - News Cafe BoH,102,,Cook 2
2026-03-18,2026-03-18 06:00:00,2026-03-18 14:30:00,Martin Luther King Jr Hospital,Martin Luther King Jr. Hospital | BOH,102,,Cook 2
2026-03-18,2026-03-18 06:00:00,2026-03-18 14:30:00,Park Place Plaza,Park Place Plaza,110,,Prep Cook 2
2026-03-18,2026-03-18 06:00:00,2026-03-18 14:30:00,The Getty Center,The Getty Center - Cafe,102,,Cook 2
2026-03-18,2026-03-18 06:00:00,2026-03-18 14:30:00,USC Verdugo Hills Hospital,USC Verdugo Hills Hospital,102,,Cook 2
2026-03-18,2026-03-18 06:30:00,2026-03-18 14:30:00,Amgen Thousand Oaks,Amgen Thousand Oaks - Bistro Cafe,102,,Cook 2
2026-03-18,2026-03-18 06:30:00,2026-03-18 12:00:00,Beverly Hills Unified School District,BHUSD - Beverly Hills High School,104,,General
2026-03-18,2026-03-18 06:30:00,2026-03-18 15:00:00,Park Place Plaza,Park Place Plaza,115,with Barista Duties,Server 2
2026-03-18,2026-03-18 07:00:00,2026-03-18 13:00:00,Athenaeum Club,Athenaeum Kitchen,104,Inventory Receiving Coordinator,General
2026-03-18,2026-03-18 07:00:00,2026-03-18 15:30:00,Beverly Hills Hotel,Beverly Hills Hotel - Main Kitchen,102,See description - On going assignment ,Cook 2
2026-03-18,2026-03-18 07:00:00,2026-03-18 14:00:00,Beverly Hills Unified School District,BHUSD - Beverly Hills High School,105,,Dishwasher
2026-03-18,2026-03-18 07:00:00,2026-03-18 14:00:00,Beverly Hills Unified School District,BHUSD - Horace Mann Elementary School,104,,General
2026-03-18,2026-03-18 07:00:00,2026-03-18 14:00:00,Beverly Hills Unified School District,BHUSD- El Rodeo Elementary,104,,General
2026-03-18,2026-03-18 07:00:00,2026-03-18 15:00:00,"Fox Studio Lot, LLC",Fox Studio - Commissary,99,,Busser
2026-03-18,2026-03-18 07:00:00,2026-03-18 14:30:00,Guckenheimer Cafe at Red Bull,Guckenheimer Cafe at Red Bull - Front of House,97,,Barista 2
2026-03-18,2026-03-18 07:00:00,2026-03-18 15:30:00,Martin Luther King Jr Hospital,Martin Luther King Jr. Hospital | BOH,102,,Cook 2
2026-03-18,2026-03-18 07:00:00,2026-03-18 15:00:00,NBC Universal,NBC Universal Studios | The Market Place,102,VIP EVENT,Cook 2
2026-03-18,2026-03-18 07:00:00,2026-03-18 15:30:00,NBC Universal,NBC Universal Studios | The Market Place,102,,Cook 2
2026-03-18,2026-03-18 07:00:00,2026-03-18 15:00:00,Netflix,Netflix - NOV - WPC- Catering Service,110,,Prep Cook 2
2026-03-18,2026-03-18 07:00:00,2026-03-18 15:30:00,"Platinum Equity, LLC",Platinum Equity LLC,102,,Cook 2
2026-03-18,2026-03-18 07:00:00,2026-03-18 15:00:00,RAND Corporation,RAND Corporation,102,,Cook 2
2026-03-18,2026-03-18 07:00:00,2026-03-18 15:30:00,The Meadowglade LLC,The Meadowglade,102,On going/ read description,Cook 2
2026-03-18,2026-03-18 07:00:00,2026-03-18 15:30:00,Union Station Homeless Services,Union Station Homeless Services - Adult Center,102,,Cook 2
2026-03-18,2026-03-18 07:00:00,2026-03-18 14:30:00,Union Station Homeless Services,Union Station Homeless Services - Adult Center,102,,Cook 2
2026-03-18,2026-03-18 07:00:00,2026-03-18 15:30:00,Warner Brothers,Warner Brothers,102,BRING KITCHEN KNIVES AND WEAR PROPER/SAFE KITCHEN SHOES. ,Cook 2
2026-03-18,2026-03-18 07:00:00,2026-03-18 14:30:00,Wolfgang Puck Catering,Wolfgang Puck Catering - Hollywood & Highland,102,,Cook 2
2026-03-18,2026-03-18 07:30:00,2026-03-18 15:30:00,Amgen Thousand Oaks,Amgen Thousand Oaks - Bistro Cafe,105,,Dishwasher
2026-03-18,2026-03-18 08:00:00,2026-03-18 13:30:00,Beverly Hills Unified School District,BHUSD - Beverly Vista Middle School,104,,General
2026-03-18,2026-03-18 08:00:00,2026-03-18 15:00:00,Disney Studios,Disney Studios | Rotunda Restaurant,99,,Busser
2026-03-18,2026-03-18 08:00:00,2026-03-18 16:30:00,Edwards Lifesciences,Edwards Lifesciences FOH Bldg. C,101,,Cashier
2026-03-18,2026-03-18 08:00:00,2026-03-18 15:00:00,Malibu Beach Inn,Malibu Beach Inn - BOH,105,,Dishwasher
2026-03-18,2026-03-18 08:00:00,2026-03-18 16:30:00,The Wonderful Company,The Wonderful Company,97,,Barista 2
2026-03-18,2026-03-18 08:30:00,2026-03-18 17:00:00,"Platinum Equity, LLC",Platinum Equity LLC,102,,Cook 2
2026-03-18,2026-03-18 08:30:00,2026-03-18 14:30:00,Universal Music Group,Universal Music Group,110,,Prep Cook 2
2026-03-18,2026-03-18 09:00:00,2026-03-18 17:30:00,"Platinum Equity, LLC",Platinum Equity LLC,105,,Dishwasher
2026-03-18,2026-03-18 09:00:00,2026-03-18 17:30:00,"Platinum Equity, LLC",Platinum Equity LLC,102,,Cook 2
2026-03-18,2026-03-18 09:00:00,2026-03-18 14:30:00,Terra  American Bistro Inc dba Terra Catering and Terra Hospitality Group,@ Terra American Bistro | OFFSITE,115,,Server 2
2026-03-18,2026-03-18 09:00:00,2026-03-18 17:30:00,The Getty Center,The Getty Center - Catering,102,,Cook 2
2026-03-18,2026-03-18 09:00:00,2026-03-18 15:00:00,The Vered,The Vered,102,TB and LIVE Scan Required - Ongoing Shift - Do not publish,Cook 2
2026-03-18,2026-03-18 09:30:00,2026-03-18 14:00:00,Olive Grove Cafe,Olive Grove Cafe,101,with Food Runner Duties,Cashier
2026-03-18,2026-03-18 10:00:00,2026-03-18 15:00:00,"Fox Studio Lot, LLC",Fox Studio - Moe's Cafe FoH,99,We will be moving boxes & doing heavy lifting.,Busser
2026-03-18,2026-03-18 10:00:00,2026-03-18 18:30:00,Griffin Club Los Angeles,Griffin Club Los Angeles,102,,Cook 2
2026-03-18,2026-03-18 10:00:00,2026-03-18 11:00:00,Henry Mayo Newhall Hospital,Henry Mayo Newhall Hospital | Specialty Testing,299,,Specialty Testing
2026-03-18,2026-03-18 10:00:00,2026-03-18 15:00:00,Middleby Residential SoCal,Middleby Residential SoCal,105,,Dishwasher
2026-03-18,2026-03-18 11:00:00,2026-03-18 15:30:00,Guckenheimer Cafe at Red Bull,Guckenheimer Cafe at Red Bull - Back of House,105,,Dishwasher
2026-03-18,2026-03-18 11:00:00,2026-03-18 15:00:00,KMR Gourmet Catering,KMR Gourmet Catering - Offsite,115,Catering server ,Server 2
2026-03-18,2026-03-18 11:00:00,2026-03-18 19:30:00,PIH Health - Whittier Hospital,PIH Health - Whittier Hospital,102,,Cook 2
2026-03-18,2026-03-18 12:00:00,2026-03-18 20:00:00,Academy Museum of Motion Pictures,Academy Museum of Motion Pictures - Fanny's Restaurant,105,,Dishwasher
2026-03-18,2026-03-18 12:00:00,2026-03-18 20:30:00,Childrens Hospital Los Angeles,Childrens Hospital Los Angeles,104,Food Service Worker,General
2026-03-18,2026-03-18 12:00:00,2026-03-18 20:30:00,PIH Health - Whittier Hospital,PIH Health - Whittier Hospital,110,,Prep Cook 2
2026-03-18,2026-03-18 12:00:00,2026-03-18 20:30:00,SBLP Warner Center OPCO LLC - The Variel,The Variel of Woodland Hills,102,Must know how to cook Omelets,Cook 2
2026-03-18,2026-03-18 12:00:00,2026-03-18 20:30:00,SBLP Warner Center OPCO LLC - The Variel,The Variel of Woodland Hills,102,,Cook 2
2026-03-18,2026-03-18 12:00:00,2026-03-18 20:30:00,USC Verdugo Hills Hospital,USC Verdugo Hills Hospital,102,,Cook 2
2026-03-18,2026-03-18 12:30:00,2026-03-18 21:00:00,Athenaeum Club,Athenaeum Kitchen,102,,Cook 2
2026-03-18,2026-03-18 12:30:00,2026-03-18 21:00:00,Griffin Club Los Angeles,Griffin Club Los Angeles,102,,Cook 2
2026-03-18,2026-03-18 13:00:00,2026-03-18 21:30:00,Crescent Heights Ten Thousand,Crescent Heights Ten Thousand - Butler Department,115,Butler/Porter,Server 2
2026-03-18,2026-03-18 13:00:00,2026-03-18 21:30:00,Griffin Club Los Angeles,Griffin Club Los Angeles,105,,Dishwasher
2026-03-18,2026-03-18 13:00:00,2026-03-18 21:30:00,Griffin Club Los Angeles,Griffin Club Los Angeles,105,,Dishwasher
2026-03-18,2026-03-18 13:30:00,2026-03-18 23:00:00,The Vered,The Vered,102,,Cook 2
2026-03-18,2026-03-18 14:00:00,2026-03-18 22:00:00,Commerce Casino,Commerce Casino - High Limit Kitchen | FOH | MON - TH,101,with limited runner duties,Cashier
2026-03-18,2026-03-18 14:00:00,2026-03-18 22:30:00,Martin Luther King Jr Hospital,Martin Luther King Jr. Hospital | BOH,102,,Cook 2
2026-03-18,2026-03-18 14:00:00,2026-03-18 22:30:00,SBLP Warner Center OPCO LLC - The Variel,The Variel of Woodland Hills,105,,Dishwasher
2026-03-18,2026-03-18 14:00:00,2026-03-18 22:30:00,SBLP Warner Center OPCO LLC - The Variel,The Variel of Woodland Hills,105,,Dishwasher
2026-03-18,2026-03-18 14:30:00,2026-03-18 22:30:00,Blue Devils Lessee LLC | Hyatt Centric Delfina Santa Monica,Hyatt Centric Delfina Santa Monica,264,,Event Supervisor
2026-03-18,2026-03-18 14:30:00,2026-03-18 20:30:00,Capital Group - Irvine,Capital Group - Irvine | FOH,98,,Bartender 2
2026-03-18,2026-03-18 14:30:00,2026-03-18 20:30:00,Capital Group - Irvine,Capital Group - Irvine | FOH,115,,Server 2
2026-03-18,2026-03-18 14:30:00,2026-03-18 22:00:00,Hotel Bel Air,Hotel Bel Air - Stewards,105,,Dishwasher
2026-03-18,2026-03-18 14:30:00,2026-03-18 23:00:00,VH Property Corp. dba Trump National Golf Club Los Angeles,Trump National Golf Course Los Angeles | BOH,102,,Cook 2
2026-03-18,2026-03-18 15:00:00,2026-03-18 23:30:00,Crescent Heights Ten Thousand,Crescent Heights Ten Thousand - Butler Department,115,Butler/Porter,Server 2
2026-03-18,2026-03-18 15:00:00,2026-03-18 23:30:00,Irvine Spectrum ,Irvine Spectrum - BOH,102,,Cook 2
2026-03-18,2026-03-18 15:30:00,2026-03-18 22:00:00,Malibu Beach Inn,Malibu Beach Inn - BOH,105,,Dishwasher
2026-03-18,2026-03-18 16:00:00,2026-03-18 23:00:00,Canyon Palm Springs Hotel dba Thompson Palm Springs,Thompson Palm Springs |  FOH,99,,Busser
2026-03-18,2026-03-18 16:00:00,2026-03-18 22:30:00,The Social Toucan,@The Social Toucan - Offsite Catering,98,,Bartender 2
2026-03-18,2026-03-18 16:00:00,2026-03-18 22:30:00,The Social Toucan,@The Social Toucan - Offsite Catering,99,,Busser
2026-03-18,2026-03-18 16:00:00,2026-03-18 20:15:00,Villa Portofino,Villa Portofino,115,Assisting with regular dinner service,Server 2
2026-03-18,2026-03-18 16:30:00,2026-03-18 21:30:00,Commerce Casino,Commerce Casino - Banquets | FOH,98,,Bartender 2
2026-03-18,2026-03-18 16:30:00,2026-03-18 22:00:00,"Taylor Made Cuisine, Inc.","Taylor Made Cuisine, Inc.",102,Carving Station | Customer Interfacing,Cook 2
2026-03-18,2026-03-18 16:30:00,2026-03-18 22:00:00,"Taylor Made Cuisine, Inc.","Taylor Made Cuisine, Inc.",115,,Server 2
2026-03-18,2026-03-18 17:00:00,2026-03-19 01:30:00,Pepperdine University,Pepperdine University - HAWC Cafe & Store,102,,Cook 2
2026-03-18,2026-03-18 17:00:00,2026-03-18 21:00:00,Wolfgang Puck Catering,Wolfgang Puck Catering - L.A. Live,105,,Dishwasher
2026-03-18,2026-03-18 17:30:00,2026-03-18 23:30:00,Academy Museum of Motion Pictures,Academy Museum of Motion Pictures - Catering Kitchen,105,Report to 5th floor of the Academy Museum of Motion Pictures.,Dishwasher
2026-03-18,2026-03-18 22:00:00,2026-03-19 06:00:00,Commerce Casino,Commerce Casino - High Limit Kitchen | FOH | MON - TH,101,with Runner duties | overnight shift,Cashier
2026-03-18,2026-03-18 22:00:00,2026-03-19 06:30:00,Commerce Casino,Commerce Casino - Employee Dining Room,102,Overnight Shift,Cook 2
2026-03-19,2026-03-19 02:00:00,2026-03-19 10:00:00,Commerce Casino,Commerce Casino - High Limit Kitchen | FOH | MON - TH,101,with Limited runner duties | Overnight shift,Cashier
2026-03-19,2026-03-19 05:00:00,2026-03-19 13:30:00,Edwards Lifesciences,Edwards Lifesciences FOH Bldg. C,101,,Cashier
2026-03-19,2026-03-19 05:00:00,2026-03-19 13:30:00,Google Spruce Goose Offices,Google Spruce Goose - Catering Operations,102,,Cook 2
2026-03-19,2026-03-19 05:00:00,2026-03-19 13:30:00,NBC Universal,NBC Universal Studios | The Market Place,102,,Cook 2
2026-03-19,2026-03-19 05:00:00,2026-03-19 13:30:00,PIH Health - Good Samaritan Hospital,PIH Health - Good Samaritan Hospital,290,,Cook 3
2026-03-19,2026-03-19 05:00:00,2026-03-19 13:30:00,PIH Health - Whittier Hospital,PIH Health - Whittier Hospital,102,,Cook 2
2026-03-19,2026-03-19 05:00:00,2026-03-19 13:30:00,PIH Health - Whittier Hospital,PIH Health - Whittier Hospital,110,,Prep Cook 2
2026-03-19,2026-03-19 05:30:00,2026-03-19 11:00:00,Empowered 4 Life Foundation,@ Empowered 4 Life Foundation,110,,Prep Cook 2
2026-03-19,2026-03-19 05:30:00,2026-03-19 15:00:00,"Fox Studio Lot, LLC",Fox Studio - Moe's Cafe BoH,102,,Cook 2
2026-03-19,2026-03-19 05:30:00,2026-03-19 14:30:00,"Fox Studio Lot, LLC",Fox Studio - Moe's Cafe BoH,102,,Cook 2
2026-03-19,2026-03-19 05:30:00,2026-03-19 14:00:00,Olive Grove Cafe,Kirkland and Ellis,102,,Cook 2
2026-03-19,2026-03-19 06:00:00,2026-03-19 13:30:00,Beverly Hills Unified School District,BHUSD - Beverly Hills High School,102,,Cook 2
2026-03-19,2026-03-19 06:00:00,2026-03-19 12:00:00,Beverly Hills Unified School District,BHUSD - Beverly Hills High School,104,,General
2026-03-19,2026-03-19 06:00:00,2026-03-19 14:00:00,Beverly Hills Unified School District,BHUSD - Beverly Hills High School,104,,General
2026-03-19,2026-03-19 06:00:00,2026-03-19 14:00:00,Beverly Hills Unified School District,BHUSD - Beverly Hills High School,110,,Prep Cook 2
2026-03-19,2026-03-19 06:00:00,2026-03-19 14:30:00,Capital Group - Irvine,Capital Group - Irvine | BOH,102,,Cook 2
2026-03-19,2026-03-19 06:00:00,2026-03-19 14:30:00,Capital Group - Irvine,Capital Group - Irvine | FOH,101,,Cashier
2026-03-19,2026-03-19 06:00:00,2026-03-19 14:00:00,Commerce Casino,Commerce Casino - Employee Dining Room,115,FOH EDR Attend,Server 2
2026-03-19,2026-03-19 06:00:00,2026-03-19 14:00:00,Commerce Casino,Commerce Casino - High Limit Kitchen | FOH | MON - TH,101,with runner duties,Cashier
2026-03-19,2026-03-19 06:00:00,2026-03-19 14:30:00,Disney Studios,Disney Studios | GC3 Cafe Glendale,102,,Cook 2
2026-03-19,2026-03-19 06:00:00,2026-03-19 12:15:00,Edwards Lifesciences,Edwards Lifesciences FOH Bldg. C,101,,Cashier
2026-03-19,2026-03-19 06:00:00,2026-03-19 14:30:00,Edwards Lifesciences,Edwards Lifesciences FOH Bldg. C,101,,Cashier
2026-03-19,2026-03-19 06:00:00,2026-03-19 11:30:00,Empowered 4 Life Foundation,@ Empowered 4 Life Foundation,110,,Prep Cook 2
2026-03-19,2026-03-19 06:00:00,2026-03-19 15:00:00,"Fox Studio Lot, LLC",Fox Studio - News Cafe BoH,102,,Cook 2
2026-03-19,2026-03-19 06:00:00,2026-03-19 14:30:00,"Fox Studio Lot, LLC",Fox Studio - Commissary,102,,Cook 2
2026-03-19,2026-03-19 06:00:00,2026-03-19 14:30:00,Jet Propulsion Laboratory,JPL - Cafe 303,102,,Cook 2
2026-03-19,2026-03-19 06:00:00,2026-03-19 14:30:00,Martin Luther King Jr Hospital,Martin Luther King Jr. Hospital | BOH,102,,Cook 2
2026-03-19,2026-03-19 06:00:00,2026-03-19 14:30:00,Park Place Plaza,Park Place Plaza,110,,Prep Cook 2
2026-03-19,2026-03-19 06:00:00,2026-03-19 14:30:00,USC Verdugo Hills Hospital,USC Verdugo Hills Hospital,102,,Cook 2
2026-03-19,2026-03-19 06:30:00,2026-03-19 14:30:00,Amgen Thousand Oaks,Amgen Thousand Oaks - Bistro Cafe,102,,Cook 2
2026-03-19,2026-03-19 06:30:00,2026-03-19 15:00:00,Beverly Hills Hotel,Beverly Hills Hotel - Main Kitchen,102,,Cook 2
2026-03-19,2026-03-19 06:30:00,2026-03-19 14:30:00,"Fox Studio Lot, LLC",Fox Studio - Moe's Cafe BoH,102,,Cook 2
2026-03-19,2026-03-19 06:30:00,2026-03-19 15:00:00,Park Place Plaza,Park Place Plaza,115,with Barista Duties,Server 2
2026-03-19,2026-03-19 06:30:00,2026-03-19 15:00:00,SBLP Warner Center OPCO LLC - The Variel,The Variel of Woodland Hills,105,,Dishwasher
2026-03-19,2026-03-19 07:00:00,2026-03-19 13:00:00,Athenaeum Club,Athenaeum Kitchen,104,Inventory Receiving Coordinator,General
2026-03-19,2026-03-19 07:00:00,2026-03-19 14:00:00,Beverly Hills Unified School District,BHUSD - Beverly Hills High School,105,,Dishwasher
2026-03-19,2026-03-19 07:00:00,2026-03-19 14:00:00,Beverly Hills Unified School District,BHUSD- El Rodeo Elementary,104,,General
2026-03-19,2026-03-19 07:00:00,2026-03-19 14:00:00,Beverly Hills Unified School District,BHUSD - Horace Mann Elementary School,104,,General
2026-03-19,2026-03-19 07:00:00,2026-03-19 14:30:00,City National Bank,City National Bank - Blue Ladder Cafe,115,,Server 2
2026-03-19,2026-03-19 07:00:00,2026-03-19 12:00:00,Disney Studios,Disney Studios | Rotunda Restaurant,99,,Busser
2026-03-19,2026-03-19 07:00:00,2026-03-19 15:00:00,Guckenheimer Cafe at Red Bull,Guckenheimer Cafe at Red Bull - Front of House,97,Richard Hernandez,Barista 2
2026-03-19,2026-03-19 07:00:00,2026-03-19 15:30:00,Martin Luther King Jr Hospital,Martin Luther King Jr. Hospital | BOH,102,,Cook 2
2026-03-19,2026-03-19 07:00:00,2026-03-19 15:30:00,"Platinum Equity, LLC",Platinum Equity LLC,102,,Cook 2
2026-03-19,2026-03-19 07:00:00,2026-03-19 15:00:00,RAND Corporation,RAND Corporation,102,,Cook 2
2026-03-19,2026-03-19 07:00:00,2026-03-19 15:30:00,The Getty Center,The Getty Center - Cafe,102,,Cook 2
2026-03-19,2026-03-19 07:00:00,2026-03-19 15:30:00,The Meadowglade LLC,The Meadowglade,102,On going/ read description,Cook 2
2026-03-19,2026-03-19 07:00:00,2026-03-19 15:30:00,Union Station Homeless Services,Union Station Homeless Services - Adult Center,102,,Cook 2
2026-03-19,2026-03-19 07:00:00,2026-03-19 14:00:00,Union Station Homeless Services,Union Station Homeless Services - Adult Center,102,,Cook 2
2026-03-19,2026-03-19 07:30:00,2026-03-19 15:30:00,Amgen Thousand Oaks,Amgen Thousand Oaks - Bistro Cafe,105,,Dishwasher
2026-03-19,2026-03-19 07:30:00,2026-03-19 15:30:00,Edwards Lifesciences,Edwards Lifesciences FOH Bldg. C,97,,Barista 2
2026-03-19,2026-03-19 08:00:00,2026-03-19 13:30:00,Beverly Hills Unified School District,BHUSD - Beverly Vista Middle School,104,,General
2026-03-19,2026-03-19 08:00:00,2026-03-19 16:30:00,Edwards Lifesciences,Edwards Lifesciences FOH Bldg. C,101,,Cashier
2026-03-19,2026-03-19 08:30:00,2026-03-19 17:00:00,"Platinum Equity, LLC",Platinum Equity LLC,102,,Cook 2
2026-03-19,2026-03-19 08:30:00,2026-03-19 14:30:00,Universal Music Group,Universal Music Group,110,,Prep Cook 2
2026-03-19,2026-03-19 08:45:00,2026-03-19 15:30:00,Crescent Heights Ten Thousand,Crescent Heights Ten Thousand - Butler Department,115,Butler/Porter,Server 2
2026-03-19,2026-03-19 09:00:00,2026-03-19 16:00:00,"Fox Studio Lot, LLC",Fox Studio - Moe's Cafe BoH,105,,Dishwasher
2026-03-19,2026-03-19 09:00:00,2026-03-19 17:00:00,NBC Universal,NBC Universal Studios | The Market Place,102,,Cook 2
2026-03-19,2026-03-19 09:00:00,2026-03-19 17:30:00,"Platinum Equity, LLC",Platinum Equity LLC,105,,Dishwasher
2026-03-19,2026-03-19 09:00:00,2026-03-19 17:30:00,"Platinum Equity, LLC",Platinum Equity LLC,102,,Cook 2
2026-03-19,2026-03-19 09:00:00,2026-03-19 17:30:00,The Getty Center,The Getty Center - Catering,102,,Cook 2
2026-03-19,2026-03-19 09:00:00,2026-03-19 15:00:00,The Vered,The Vered,102,TB and LIVE Scan Required - Ongoing Shift - Do not publish,Cook 2
2026-03-19,2026-03-19 09:30:00,2026-03-19 14:00:00,Olive Grove Cafe,Olive Grove Cafe,101,with Food Runner Duties,Cashier
2026-03-19,2026-03-19 10:00:00,2026-03-19 15:00:00,"Fox Studio Lot, LLC",Fox Studio - Commissary,99,,Busser
2026-03-19,2026-03-19 10:00:00,2026-03-19 16:30:00,The Social Toucan,@The Social Toucan - Offsite Catering,98,,Bartender 2
2026-03-19,2026-03-19 10:00:00,2026-03-19 15:00:00,Universal Music Group,Universal Music Group,105,,Dishwasher
2026-03-19,2026-03-19 11:00:00,2026-03-19 15:00:00,KMR Gourmet Catering,KMR Gourmet Catering - Offsite,115,Catering server ,Server 2
2026-03-19,2026-03-19 11:00:00,2026-03-19 19:30:00,PIH Health - Whittier Hospital,PIH Health - Whittier Hospital,102,,Cook 2
2026-03-19,2026-03-19 11:00:00,2026-03-19 19:00:00,Sand Hill Kitchen,Sand Hill Kitchen | Quad Conference Center,285,,Server 1
2026-03-19,2026-03-19 11:00:00,2026-03-19 19:30:00,University Village Thousand Oaks,University Village Thousand Oaks ,102,,Cook 2
2026-03-19,2026-03-19 12:00:00,2026-03-19 20:00:00,Academy Museum of Motion Pictures,Academy Museum of Motion Pictures - Fanny's Restaurant,105,,Dishwasher
2026-03-19,2026-03-19 12:00:00,2026-03-19 20:30:00,Malibu Beach Inn,Malibu Beach Inn - BOH,105,,Dishwasher
2026-03-19,2026-03-19 12:00:00,2026-03-19 20:00:00,NBC Universal,NBC Universal Studios | The Market Place,102,VIp Event ,Cook 2
2026-03-19,2026-03-19 12:00:00,2026-03-19 20:30:00,PIH Health - Whittier Hospital,PIH Health - Whittier Hospital,110,,Prep Cook 2
2026-03-19,2026-03-19 12:00:00,2026-03-19 20:30:00,SBLP Warner Center OPCO LLC - The Variel,The Variel of Woodland Hills,102,Must know how to cook Omelets,Cook 2
2026-03-19,2026-03-19 12:00:00,2026-03-19 20:30:00,USC Verdugo Hills Hospital,USC Verdugo Hills Hospital,102,,Cook 2
2026-03-19,2026-03-19 12:30:00,2026-03-19 21:00:00,Athenaeum Club,Athenaeum Kitchen,102,,Cook 2
2026-03-19,2026-03-19 12:30:00,2026-03-19 21:00:00,Henry Mayo Newhall Hospital,Henry Mayo Newhall Hospital,102,MUST BE TB TESTED AND PHYSICAL before 1st shift | ongoing ass. ,Cook 2
2026-03-19,2026-03-19 13:00:00,2026-03-19 21:30:00,Griffin Club Los Angeles,Griffin Club Los Angeles,105,,Dishwasher
2026-03-19,2026-03-19 13:00:00,2026-03-19 19:00:00,Sand Hill Kitchen,Sand Hill Kitchen | Quad Conference Center,285,,Server 1
2026-03-19,2026-03-19 13:00:00,2026-03-19 18:30:00,The Social Toucan,@The Social Toucan - Offsite Catering,115,Break Down and Loading Duties,Server 2
2026-03-19,2026-03-19 13:30:00,2026-03-19 22:00:00,Griffin Club Los Angeles,Griffin Club Los Angeles,102,,Cook 2
2026-03-19,2026-03-19 14:00:00,2026-03-19 20:00:00,Colburn Music School,Colburn Music School,104,,General
2026-03-19,2026-03-19 14:00:00,2026-03-19 22:00:00,Commerce Casino,Commerce Casino - High Limit Kitchen | FOH | MON - TH,101,with limited runner duties,Cashier
2026-03-19,2026-03-19 14:00:00,2026-03-19 22:30:00,Griffin Club Los Angeles,Griffin Club Los Angeles,105,,Dishwasher
2026-03-19,2026-03-19 14:00:00,2026-03-19 22:30:00,Martin Luther King Jr Hospital,Martin Luther King Jr. Hospital | BOH,102,,Cook 2
2026-03-19,2026-03-19 14:00:00,2026-03-19 22:30:00,SBLP Warner Center OPCO LLC - The Variel,The Variel of Woodland Hills,105,,Dishwasher
2026-03-19,2026-03-19 14:30:00,2026-03-19 23:00:00,Commerce Casino,Commerce Casino - Employee Dining Room,102,,Cook 2
2026-03-19,2026-03-19 14:30:00,2026-03-19 22:00:00,Hotel Bel Air,Hotel Bel Air - Stewards,105,,Dishwasher
2026-03-19,2026-03-19 14:30:00,2026-03-19 23:00:00,VH Property Corp. dba Trump National Golf Club Los Angeles,Trump National Golf Course Los Angeles | BOH,102,,Cook 2
2026-03-19,2026-03-19 15:00:00,2026-03-19 23:30:00,Crescent Heights Ten Thousand,Crescent Heights Ten Thousand - Butler Department,115,Butler/Porter,Server 2
2026-03-19,2026-03-19 15:00:00,2026-03-19 23:30:00,Irvine Spectrum ,Irvine Spectrum - BOH,102,,Cook 2
2026-03-19,2026-03-19 15:45:00,2026-03-19 20:15:00,Villa Portofino,Villa Portofino,115,Assisting with regular dinner service,Server 2
2026-03-19,2026-03-19 16:00:00,2026-03-19 21:00:00,@Palm Springs Surf Club,@Palm Springs Surf Club - Ballroom,115,,Server 2
2026-03-19,2026-03-19 16:00:00,2026-03-19 23:00:00,Canyon Palm Springs Hotel dba Thompson Palm Springs,Thompson Palm Springs |  FOH,99,,Busser
2026-03-19,2026-03-19 16:15:00,2026-03-19 23:00:00,Crescent Heights Ten Thousand,Crescent Heights Ten Thousand - Bartending,98,,Bartender 2
2026-03-19,2026-03-19 16:30:00,2026-03-19 21:00:00,@Palm Springs Surf Club,@Palm Springs Surf Club - Ballroom,115,,Server 2
2026-03-19,2026-03-19 17:00:00,2026-03-19 21:00:00,@Palm Springs Surf Club,@Palm Springs Surf Club - Ballroom,115,This is a 3-course plated meal for 75 people. ,Server 2
2026-03-19,2026-03-19 17:00:00,2026-03-19 21:00:00,@Palm Springs Surf Club,@Palm Springs Surf Club - Ballroom,115,,Server 2
2026-03-19,2026-03-19 17:00:00,2026-03-19 21:00:00,@Palm Springs Surf Club,@Palm Springs Surf Club - Ballroom,98,This is a 3-course plated meal for 75 people. ,Bartender 2
2026-03-19,2026-03-19 17:00:00,2026-03-19 23:30:00,Academy Museum of Motion Pictures,Academy Museum of Motion Pictures - Catering Kitchen,105,Report to 5th floor of the Academy Museum of Motion Pictures.,Dishwasher
2026-03-19,2026-03-19 17:00:00,2026-03-19 22:30:00,Griffin Club Los Angeles,Griffin Club Los Angeles,105,,Dishwasher
2026-03-19,2026-03-19 17:00:00,2026-03-20 01:30:00,Pepperdine University,Pepperdine University - HAWC Cafe & Store,102,,Cook 2
2026-03-19,2026-03-19 19:00:00,2026-03-19 22:30:00,SBLP Warner Center OPCO LLC - The Variel,The Variel of Woodland Hills,105,,Dishwasher
2026-03-19,2026-03-19 22:00:00,2026-03-20 06:30:00,Commerce Casino,Commerce Casino - Employee Dining Room,102,Overnight Shift,Cook 2
2026-03-19,2026-03-19 22:00:00,2026-03-20 06:00:00,Commerce Casino,Commerce Casino - High Limit Kitchen | FOH | MON - TH,101,with Runner duties | overnight shift,Cashier
2026-03-20,2026-03-20 02:00:00,2026-03-20 10:00:00,Commerce Casino,Commerce Casino - High Limit Kitchen | FOH | MON - TH,101,with Limited runner duties | Overnight shift,Cashier
2026-03-20,2026-03-20 05:00:00,2026-03-20 13:30:00,Google Spruce Goose Offices,Google Spruce Goose - Catering Operations,102,,Cook 2
2026-03-20,2026-03-20 05:00:00,2026-03-20 13:30:00,People Assisting the Homeless,People Assisting the Homeless - YWCA,110,,Prep Cook 2
2026-03-20,2026-03-20 05:00:00,2026-03-20 13:30:00,PIH Health - Good Samaritan Hospital,PIH Health - Good Samaritan Hospital,290,,Cook 3
2026-03-20,2026-03-20 05:00:00,2026-03-20 13:30:00,PIH Health - Whittier Hospital,PIH Health - Whittier Hospital,102,,Cook 2
2026-03-20,2026-03-20 05:30:00,2026-03-20 11:00:00,Empowered 4 Life Foundation,@ Empowered 4 Life Foundation,110,,Prep Cook 2
2026-03-20,2026-03-20 05:30:00,2026-03-20 14:30:00,"Fox Studio Lot, LLC",Fox Studio - Moe's Cafe BoH,102,,Cook 2
2026-03-20,2026-03-20 05:30:00,2026-03-20 15:00:00,"Fox Studio Lot, LLC",Fox Studio - Moe's Cafe BoH,102,,Cook 2
2026-03-20,2026-03-20 06:00:00,2026-03-20 13:30:00,Beverly Hills Unified School District,BHUSD - Beverly Hills High School,110,,Prep Cook 2
2026-03-20,2026-03-20 06:00:00,2026-03-20 12:00:00,Beverly Hills Unified School District,BHUSD - Beverly Hills High School,104,,General
2026-03-20,2026-03-20 06:00:00,2026-03-20 13:30:00,Beverly Hills Unified School District,BHUSD - Beverly Hills High School,102,,Cook 2
2026-03-20,2026-03-20 06:00:00,2026-03-20 14:00:00,Beverly Hills Unified School District,BHUSD - Beverly Hills High School,104,,General
2026-03-20,2026-03-20 06:00:00,2026-03-20 14:00:00,Commerce Casino,Commerce Casino - Employee Dining Room,115,FOH EDR Attend,Server 2
2026-03-20,2026-03-20 06:00:00,2026-03-20 14:00:00,Commerce Casino,Commerce Casino - High Limit Kitchen | FOH | MON - TH,101,with runner duties,Cashier
2026-03-20,2026-03-20 06:00:00,2026-03-20 12:00:00,Crescent Heights Ten Thousand,Crescent Heights Ten Thousand - Buffet,115,,Server 2
2026-03-20,2026-03-20 06:00:00,2026-03-20 14:30:00,Edwards Lifesciences,Edwards Lifesciences FOH Bldg. C,101,,Cashier
2026-03-20,2026-03-20 06:00:00,2026-03-20 14:30:00,Edwards Lifesciences,Edwards Lifesciences FOH Bldg. C,101,,Cashier
2026-03-20,2026-03-20 06:00:00,2026-03-20 15:00:00,"Fox Studio Lot, LLC",Fox Studio - Moe's Cafe BoH,102,,Cook 2
2026-03-20,2026-03-20 06:00:00,2026-03-20 15:00:00,"Fox Studio Lot, LLC",Fox Studio - News Cafe BoH,102,,Cook 2
2026-03-20,2026-03-20 06:00:00,2026-03-20 14:30:00,"Fox Studio Lot, LLC",Fox Studio - Commissary,102,,Cook 2
2026-03-20,2026-03-20 06:00:00,2026-03-20 14:30:00,Martin Luther King Jr Hospital,Martin Luther King Jr. Hospital | BOH,102,,Cook 2
2026-03-20,2026-03-20 06:00:00,2026-03-20 12:00:00,SBLP Warner Center OPCO LLC - The Variel,The Variel of Woodland Hills,102,Must know how to cook Omelets,Cook 2
2026-03-20,2026-03-20 06:00:00,2026-03-20 14:30:00,USC Verdugo Hills Hospital,USC Verdugo Hills Hospital,102,,Cook 2
2026-03-20,2026-03-20 06:30:00,2026-03-20 14:30:00,Amgen Thousand Oaks,Amgen Thousand Oaks - Bistro Cafe,102,,Cook 2
2026-03-20,2026-03-20 06:30:00,2026-03-20 15:00:00,Beverly Hills Hotel,Beverly Hills Hotel - Main Kitchen,102,,Cook 2
2026-03-20,2026-03-20 06:30:00,2026-03-20 15:00:00,Park Place Plaza,Park Place Plaza,115,with Barista Duties,Server 2
2026-03-20,2026-03-20 07:00:00,2026-03-20 13:00:00,Athenaeum Club,Athenaeum Kitchen,104,Inventory Receiving Coordinator,General
2026-03-20,2026-03-20 07:00:00,2026-03-20 14:00:00,Beverly Hills Unified School District,BHUSD - Horace Mann Elementary School,104,,General
2026-03-20,2026-03-20 07:00:00,2026-03-20 14:00:00,Beverly Hills Unified School District,BHUSD- El Rodeo Elementary,104,,General
2026-03-20,2026-03-20 07:00:00,2026-03-20 14:00:00,Beverly Hills Unified School District,BHUSD - Beverly Hills High School,105,,Dishwasher
2026-03-20,2026-03-20 07:00:00,2026-03-20 14:30:00,City National Bank,City National Bank - Blue Ladder Cafe,115,,Server 2
2026-03-20,2026-03-20 07:00:00,2026-03-20 12:00:00,Marbled L.A.,@ Marbled L.A - Offsite,96,Must work Split Shift and both Days | Fri and Sat,Barback
2026-03-20,2026-03-20 07:00:00,2026-03-20 12:00:00,Marbled L.A.,@ Marbled L.A - Offsite,112,Ice Runners | Must work Split Shift and both Days | Fri and Sat,Runner
2026-03-20,2026-03-20 07:00:00,2026-03-20 15:30:00,Martin Luther King Jr Hospital,Martin Luther King Jr. Hospital | BOH,102,,Cook 2
2026-03-20,2026-03-20 07:00:00,2026-03-20 15:30:00,Newport Harbor Yacht Club,Newport Harbor Yacht Club | Banquets,105,Friday- Sunday. Must work all 3 days ,Dishwasher
2026-03-20,2026-03-20 07:00:00,2026-03-20 15:30:00,"Platinum Equity, LLC",Platinum Equity LLC,102,,Cook 2
2026-03-20,2026-03-20 07:00:00,2026-03-20 15:00:00,RAND Corporation,RAND Corporation,102,,Cook 2
2026-03-20,2026-03-20 07:00:00,2026-03-20 15:30:00,The Getty Center,The Getty Center - Cafe,102,,Cook 2
2026-03-20,2026-03-20 07:00:00,2026-03-20 15:30:00,The Meadowglade LLC,The Meadowglade,102,On going/ read description,Cook 2
2026-03-20,2026-03-20 07:00:00,2026-03-20 15:30:00,Union Station Homeless Services,Union Station Homeless Services - Adult Center,102,,Cook 2
2026-03-20,2026-03-20 07:00:00,2026-03-20 14:00:00,Union Station Homeless Services,Union Station Homeless Services - Adult Center,102,,Cook 2
2026-03-20,2026-03-20 07:30:00,2026-03-20 15:30:00,Amgen Thousand Oaks,Amgen Thousand Oaks - Bistro Cafe,105,,Dishwasher
2026-03-20,2026-03-20 07:30:00,2026-03-20 15:30:00,Edwards Lifesciences,Edwards Lifesciences FOH Bldg. C,97,,Barista 2
2026-03-20,2026-03-20 07:30:00,2026-03-20 15:30:00,Hotel Bel Air,Hotel Bel Air - Stewards,105,,Dishwasher
2026-03-20,2026-03-20 08:00:00,2026-03-20 13:30:00,Beverly Hills Unified School District,BHUSD - Beverly Vista Middle School,104,,General
2026-03-20,2026-03-20 08:00:00,2026-03-20 16:30:00,Edwards Lifesciences,Edwards Lifesciences FOH Bldg. C,101,,Cashier
2026-03-20,2026-03-20 08:00:00,2026-03-20 16:00:00,"Fox Studio Lot, LLC",Fox Studio - Moe's Cafe BoH,105,,Dishwasher
2026-03-20,2026-03-20 08:00:00,2026-03-20 16:00:00,Hotel Bel Air,Hotel Bel Air - Main Kitchen,102,,Cook 2
2026-03-20,2026-03-20 08:00:00,2026-03-20 15:00:00,Malibu Beach Inn,Malibu Beach Inn - BOH,105,,Dishwasher
2026-03-20,2026-03-20 08:00:00,2026-03-20 13:00:00,New West Charter School,New West Charter School - W. PICO Location,115,,Server 2
2026-03-20,2026-03-20 08:00:00,2026-03-20 16:30:00,SBLP Warner Center OPCO LLC - The Variel,The Variel of Woodland Hills,105,,Dishwasher
2026-03-20,2026-03-20 08:30:00,2026-03-20 17:00:00,"Platinum Equity, LLC",Platinum Equity LLC,102,,Cook 2
2026-03-20,2026-03-20 08:30:00,2026-03-20 16:00:00,"Taylor Made Cuisine, Inc.","Taylor Made Cuisine, Inc.",110,,Prep Cook 2
2026-03-20,2026-03-20 09:00:00,2026-03-20 17:30:00,Malibu Beach Inn,Malibu Beach Inn - BOH,107,Housekeeping,Houseperson
2026-03-20,2026-03-20 09:00:00,2026-03-20 17:30:00,"Platinum Equity, LLC",Platinum Equity LLC,105,,Dishwasher
2026-03-20,2026-03-20 09:00:00,2026-03-20 15:00:00,The Vered,The Vered,102,TB and LIVE Scan Required - Ongoing Shift - Do not publish,Cook 2
2026-03-20,2026-03-20 09:30:00,2026-03-20 14:00:00,Olive Grove Cafe,Olive Grove Cafe,101,with Food Runner Duties,Cashier
2026-03-20,2026-03-20 10:00:00,2026-03-20 18:30:00,Childrens Hospital Los Angeles,Childrens Hospital Los Angeles,105,,Dishwasher
2026-03-20,2026-03-20 10:00:00,2026-03-20 18:30:00,Griffin Club Los Angeles,Griffin Club Los Angeles,102,,Cook 2
2026-03-20,2026-03-20 10:00:00,2026-03-20 18:30:00,USC Verdugo Hills Hospital,USC Verdugo Hills Hospital,102,,Cook 2
2026-03-20,2026-03-20 10:00:00,2026-03-20 16:30:00,VH Property Corp. dba Trump National Golf Club Los Angeles,Trump National Golf Course Los Angeles | Vista Grill,102,,Cook 2
2026-03-20,2026-03-20 11:00:00,2026-03-20 19:30:00,Crescent Heights Ten Thousand,Crescent Heights Ten Thousand - Butler Department,115,Butler/Porter,Server 2
2026-03-20,2026-03-20 11:00:00,2026-03-20 15:00:00,KMR Gourmet Catering,KMR Gourmet Catering - Offsite,115,Catering server ,Server 2
2026-03-20,2026-03-20 11:00:00,2026-03-20 19:30:00,PIH Health - Whittier Hospital,PIH Health - Whittier Hospital,102,,Cook 2
2026-03-20,2026-03-20 11:00:00,2026-03-20 19:30:00,The Getty Center,The Getty Center - Catering,102,,Cook 2
2026-03-20,2026-03-20 11:00:00,2026-03-20 19:30:00,University Village Thousand Oaks,University Village Thousand Oaks ,102,,Cook 2
2026-03-20,2026-03-20 12:00:00,2026-03-20 17:00:00,Griffin Club Los Angeles,Griffin Club Los Angeles,102,,Cook 2
2026-03-20,2026-03-20 12:00:00,2026-03-20 14:00:00,"Nowsta Labor Marketplace, LLC",Legends - Angel Stadium,264,,Event Supervisor
2026-03-20,2026-03-20 12:00:00,2026-03-20 20:30:00,SBLP Warner Center OPCO LLC - The Variel,The Variel of Woodland Hills,102,Must know how to cook Omelets,Cook 2
2026-03-20,2026-03-20 12:00:00,2026-03-20 19:30:00,University Village Thousand Oaks,University Village Thousand Oaks ,102,,Cook 2
2026-03-20,2026-03-20 12:00:00,2026-03-20 20:30:00,USC Verdugo Hills Hospital,USC Verdugo Hills Hospital,102,,Cook 2
2026-03-20,2026-03-20 12:30:00,2026-03-20 21:00:00,Athenaeum Club,Athenaeum Kitchen,102,,Cook 2
2026-03-20,2026-03-20 12:30:00,2026-03-20 21:00:00,Henry Mayo Newhall Hospital,Henry Mayo Newhall Hospital,102,MUST BE TB TESTED AND PHYSICAL before 1st shift | ongoing ass. ,Cook 2
2026-03-20,2026-03-20 12:30:00,2026-03-20 21:00:00,The Getty Center,The Getty Center - Catering,102,,Cook 2
2026-03-20,2026-03-20 13:00:00,2026-03-20 22:00:00,Griffin Club Los Angeles,Griffin Club Los Angeles,105,,Dishwasher
2026-03-20,2026-03-20 13:00:00,2026-03-20 21:30:00,Griffin Club Los Angeles,Griffin Club Los Angeles,102,,Cook 2
2026-03-20,2026-03-20 14:00:00,2026-03-20 22:00:00,Commerce Casino,Commerce Casino - High Limit Kitchen | FOH | MON - TH,101,with limited runner duties,Cashier
2026-03-20,2026-03-20 14:00:00,2026-03-20 22:00:00,Hotel Bel Air,Hotel Bel Air - Main Kitchen,102,,Cook 2
2026-03-20,2026-03-20 14:00:00,2026-03-20 19:00:00,Marbled L.A.,@ Marbled L.A - Offsite,96,,Barback
2026-03-20,2026-03-20 14:00:00,2026-03-20 19:00:00,Marbled L.A.,@ Marbled L.A - Offsite,112,Ice Runners | Must work Split Shift and both Days | Fri and Sat,Runner
2026-03-20,2026-03-20 14:00:00,2026-03-20 19:00:00,Marbled L.A.,@ Marbled L.A - Offsite,96, Must work Split Shift and both Days | Fri and Sat,Barback
2026-03-20,2026-03-20 14:00:00,2026-03-20 22:30:00,Martin Luther King Jr Hospital,Martin Luther King Jr. Hospital | BOH,102,,Cook 2
2026-03-20,2026-03-20 14:00:00,2026-03-20 22:30:00,Martin Luther King Jr Hospital,Martin Luther King Jr. Hospital | BOH,105,,Dishwasher
2026-03-20,2026-03-20 14:00:00,2026-03-20 22:30:00,SBLP Warner Center OPCO LLC - The Variel,The Variel of Woodland Hills,105,,Dishwasher
2026-03-20,2026-03-20 14:00:00,2026-03-20 22:30:00,SBLP Warner Center OPCO LLC - The Variel,The Variel of Woodland Hills,105,,Dishwasher
2026-03-20,2026-03-20 14:30:00,2026-03-20 23:00:00,Commerce Casino,Commerce Casino - Employee Dining Room,102,,Cook 2
2026-03-20,2026-03-20 14:30:00,2026-03-20 22:30:00,Griffin Club Los Angeles,Griffin Club Los Angeles,105,,Dishwasher
2026-03-20,2026-03-20 14:30:00,2026-03-20 22:00:00,Hotel Bel Air,Hotel Bel Air - Stewards,105,,Dishwasher
2026-03-20,2026-03-20 14:30:00,2026-03-20 23:00:00,VH Property Corp. dba Trump National Golf Club Los Angeles,Trump National Golf Course Los Angeles | BOH,102,,Cook 2
2026-03-20,2026-03-20 15:00:00,2026-03-20 23:30:00,Irvine Spectrum ,Irvine Spectrum - BOH,102,,Cook 2
2026-03-20,2026-03-20 15:00:00,2026-03-20 23:30:00,VH Property Corp. dba Trump National Golf Club Los Angeles,Trump National Golf Course Los Angeles | BOH,102,,Cook 2
2026-03-20,2026-03-20 15:30:00,2026-03-20 22:30:00,Malibu Beach Inn,Malibu Beach Inn - BOH,105,,Dishwasher
2026-03-20,2026-03-20 15:30:00,2026-03-20 19:30:00,The Vered,The Vered,102,,Cook 2
2026-03-20,2026-03-20 15:45:00,2026-03-20 20:15:00,Villa Portofino,Villa Portofino,115,Assisting with regular dinner service,Server 2
2026-03-20,2026-03-20 16:00:00,2026-03-20 23:00:00,Canyon Palm Springs Hotel dba Thompson Palm Springs,Thompson Palm Springs |  FOH,99,,Busser
2026-03-20,2026-03-20 16:00:00,2026-03-20 22:00:00,"Manhattan Beach Hotel TRS LLC., dba Westdrift Manhattan Beach",Manhattan Beach Hotel | Banquet,96,,Barback
2026-03-20,2026-03-20 16:30:00,2026-03-20 23:00:00,Crescent Heights Ten Thousand,Crescent Heights Ten Thousand - Bartending,98,,Bartender 2
2026-03-20,2026-03-20 16:30:00,2026-03-20 23:00:00,Griffin Club Los Angeles,Griffin Club Los Angeles,105,,Dishwasher
2026-03-20,2026-03-20 17:00:00,2026-03-20 22:00:00,Athenaeum Club,Athenaeum Housekeeping,107,Lobby/Laundry/Room attendant,Houseperson
2026-03-20,2026-03-20 17:00:00,2026-03-20 22:00:00,Athenaeum Club,Athenaeum Housekeeping,104,Laundry/Restroom,General
2026-03-20,2026-03-20 17:00:00,2026-03-20 22:30:00,Griffin Club Los Angeles,Griffin Club Los Angeles,105,,Dishwasher
2026-03-20,2026-03-20 17:00:00,2026-03-21 01:30:00,Pepperdine University,Pepperdine University - HAWC Cafe & Store,102,,Cook 2
2026-03-20,2026-03-20 18:00:00,2026-03-20 22:30:00,Martin Luther King Jr Hospital,Martin Luther King Jr. Hospital | BOH,102,,Cook 2
2026-03-20,2026-03-20 22:00:00,2026-03-21 06:30:00,Commerce Casino,Commerce Casino - Employee Dining Room,102,Overnight Shift,Cook 2
2026-03-20,2026-03-20 22:00:00,2026-03-21 06:00:00,Commerce Casino,Commerce Casino - High Limit Kitchen | FOH | MON - TH,101,with Runner duties | overnight shift,Cashier
2026-03-20,2026-03-20 22:00:00,2026-03-21 06:00:00,Commerce Casino,Commerce Casino - Employee Dining Room,115,"Overnight shift, FOH EDR attend. ",Server 2
2026-03-21,2026-03-21 02:00:00,2026-03-21 10:00:00,Commerce Casino,Commerce Casino - High Limit Kitchen | FOH | MON - TH,101,with Limited runner duties | Overnight shift,Cashier
2026-03-21,2026-03-21 05:00:00,2026-03-21 13:30:00,People Assisting the Homeless,People Assisting the Homeless - YWCA,110,,Prep Cook 2
2026-03-21,2026-03-21 05:30:00,2026-03-21 14:30:00,"Fox Studio Lot, LLC",Fox Studio - Moe's Cafe BoH,102,,Cook 2
2026-03-21,2026-03-21 05:30:00,2026-03-21 14:30:00,"Fox Studio Lot, LLC",Fox Studio - Moe's Cafe BoH,102,,Cook 2
2026-03-21,2026-03-21 05:30:00,2026-03-21 14:30:00,"Fox Studio Lot, LLC",Fox Studio - Moe's Cafe BoH,102,,Cook 2
2026-03-21,2026-03-21 06:00:00,2026-03-21 14:00:00,Commerce Casino,Commerce Casino - High Limit Kitchen | FOH | MON - TH,101,with runner duties,Cashier
2026-03-21,2026-03-21 06:00:00,2026-03-21 14:30:00,Martin Luther King Jr Hospital,Martin Luther King Jr. Hospital | BOH,102,,Cook 2
2026-03-21,2026-03-21 06:00:00,2026-03-21 12:00:00,SBLP Warner Center OPCO LLC - The Variel,The Variel of Woodland Hills,102,Must know how to cook Omelets,Cook 2
2026-03-21,2026-03-21 06:30:00,2026-03-21 15:00:00,Childrens Hospital Los Angeles,Childrens Hospital Los Angeles,105,,Dishwasher
2026-03-21,2026-03-21 06:30:00,2026-03-21 14:30:00,"Fox Studio Lot, LLC",Fox Studio - Moe's Cafe FoH,99,,Busser
2026-03-21,2026-03-21 06:30:00,2026-03-21 15:00:00,SBLP Warner Center OPCO LLC - The Variel,The Variel of Woodland Hills,105,,Dishwasher
2026-03-21,2026-03-21 07:00:00,2026-03-21 15:30:00,"Fox Studio Lot, LLC",Fox Studio - Moe's Cafe BoH,105,,Dishwasher
2026-03-21,2026-03-21 07:00:00,2026-03-21 15:00:00,Malibu Beach Inn,Malibu Beach Inn - BOH,105,,Dishwasher
2026-03-21,2026-03-21 07:00:00,2026-03-21 12:00:00,Marbled L.A.,@ Marbled L.A - Offsite,96,Must work Split Shift ,Barback
2026-03-21,2026-03-21 07:00:00,2026-03-21 12:00:00,Marbled L.A.,@ Marbled L.A - Offsite,112,Ice Runners | Must work Split Shift and both Days | Fri and Sat,Runner
2026-03-21,2026-03-21 07:00:00,2026-03-21 14:30:00,Martin Luther King Jr Hospital,Martin Luther King Jr. Hospital | BOH,105,Ongoing Sat and Sun,Dishwasher
2026-03-21,2026-03-21 07:00:00,2026-03-21 15:30:00,Newport Harbor Yacht Club,Newport Harbor Yacht Club | Banquets,105,,Dishwasher
2026-03-21,2026-03-21 07:00:00,2026-03-21 15:30:00,The Getty Center,The Getty Center - Cafe,102,,Cook 2
2026-03-21,2026-03-21 07:30:00,2026-03-21 16:00:00,Cedars Sinai Medical Center,Cedars Sinai - Plaza & Cafe,105,Utility,Dishwasher
2026-03-21,2026-03-21 08:00:00,2026-03-21 16:00:00,Hotel Bel Air,Hotel Bel Air - Main Kitchen,110,,Prep Cook 2
2026-03-21,2026-03-21 08:00:00,2026-03-21 16:30:00,VEA Hotel - Newport Beach,VEA Hotel - Newport Beach | Cooks,102,,Cook 2
2026-03-21,2026-03-21 09:00:00,2026-03-21 17:30:00,Malibu Beach Inn,Malibu Beach Inn - BOH,107,Housekeeping ,Houseperson
2026-03-21,2026-03-21 10:00:00,2026-03-21 18:30:00,Griffin Club Los Angeles,Griffin Club Los Angeles,102,,Cook 2
2026-03-21,2026-03-21 10:00:00,2026-03-21 18:30:00,Griffin Club Los Angeles,Griffin Club Los Angeles,102,,Cook 2
2026-03-21,2026-03-21 10:00:00,2026-03-21 18:30:00,University Village Thousand Oaks,University Village Thousand Oaks ,102,,Cook 2
2026-03-21,2026-03-21 10:30:00,2026-03-21 14:30:00,Judd's Catering ,@Judd's Catering,115,,Server 2
2026-03-21,2026-03-21 10:30:00,2026-03-21 19:00:00,Mount Saint Mary's University,Mount Saint Mary's University - Doheny Campus,102,,Cook 2
2026-03-21,2026-03-21 10:30:00,2026-03-21 17:00:00,VH Property Corp. dba Trump National Golf Club Los Angeles,Trump National Golf Course Los Angeles | Vista Grill,102,,Cook 2
2026-03-21,2026-03-21 11:00:00,2026-03-21 19:30:00,PIH Health - Whittier Hospital,PIH Health - Whittier Hospital,102,,Cook 2
2026-03-21,2026-03-21 11:00:00,2026-03-21 19:30:00,University Village Thousand Oaks,University Village Thousand Oaks ,102,,Cook 2
2026-03-21,2026-03-21 11:00:00,2026-03-21 19:30:00,VH Property Corp. dba Trump National Golf Club Los Angeles,Trump National Golf Course Los Angeles | BOH,102,,Cook 2
2026-03-21,2026-03-21 11:15:00,2026-03-21 15:15:00,Judd's Catering ,@Judd's Catering,98,,Bartender 2
2026-03-21,2026-03-21 11:30:00,2026-03-21 20:00:00,People Assisting the Homeless,People Assisting the Homeless - YWCA,110,,Prep Cook 2
2026-03-21,2026-03-21 12:00:00,2026-03-21 20:30:00,Childrens Hospital Los Angeles,Childrens Hospital Los Angeles,104,Food Service Worker,General
2026-03-21,2026-03-21 12:00:00,2026-03-21 20:30:00,USC Verdugo Hills Hospital,USC Verdugo Hills Hospital,105,,Dishwasher
2026-03-21,2026-03-21 12:00:00,2026-03-21 20:30:00,VEA Hotel - Newport Beach,VEA Hotel - Newport Beach | Cooks,102,,Cook 2
2026-03-21,2026-03-21 12:30:00,2026-03-21 21:00:00,Athenaeum Club,Athenaeum Kitchen,102,,Cook 2
2026-03-21,2026-03-21 13:00:00,2026-03-21 21:30:00,Commerce Casino,Commerce Casino - High Limit Kitchen | BOH,102,,Cook 2
2026-03-21,2026-03-21 13:30:00,2026-03-21 22:00:00,Griffin Club Los Angeles,Griffin Club Los Angeles,98,Ongoing - Sat and Sun - temp to hire.,Bartender 2
2026-03-21,2026-03-21 13:30:00,2026-03-21 22:00:00,Griffin Club Los Angeles,Griffin Club Los Angeles,105,,Dishwasher
2026-03-21,2026-03-21 13:30:00,2026-03-21 22:00:00,Griffin Club Los Angeles,Griffin Club Los Angeles,102,,Cook 2
2026-03-21,2026-03-21 14:00:00,2026-03-21 19:00:00,Academy Museum of Motion Pictures,Academy Museum of Motion Pictures - Fanny's Restaurant,105,,Dishwasher
2026-03-21,2026-03-21 14:00:00,2026-03-21 22:00:00,Commerce Casino,Commerce Casino - High Limit Kitchen | FOH | MON - TH,101,with limited runner duties,Cashier
2026-03-21,2026-03-21 14:00:00,2026-03-21 21:00:00,Ebell of Los Angeles,Ebell of Los Angeles - Saturday - FOH,115,WPA SERVER,Server 2
2026-03-21,2026-03-21 14:00:00,2026-03-21 22:00:00,Hotel Bel Air,Hotel Bel Air - Main Kitchen,102,,Cook 2
2026-03-21,2026-03-21 14:00:00,2026-03-21 19:00:00,Marbled L.A.,@ Marbled L.A - Offsite,112,Ice Runners | Must work Split Shift,Runner
2026-03-21,2026-03-21 14:00:00,2026-03-21 19:00:00,Marbled L.A.,@ Marbled L.A - Offsite,96, Must work Split Shift and both Days | Fri and Sat,Barback
2026-03-21,2026-03-21 14:00:00,2026-03-21 22:30:00,Martin Luther King Jr Hospital,Martin Luther King Jr. Hospital | BOH,102,,Cook 2
2026-03-21,2026-03-21 14:00:00,2026-03-21 22:30:00,SBLP Warner Center OPCO LLC - The Variel,The Variel of Woodland Hills,105,,Dishwasher
2026-03-21,2026-03-21 14:00:00,2026-03-21 22:00:00,Viceroy Santa Monica Hotel,Viceroy Santa Monica Hotel,264,,Event Supervisor
2026-03-21,2026-03-21 14:30:00,2026-03-21 23:00:00,Commerce Casino,Commerce Casino - Employee Dining Room,102,,Cook 2
2026-03-21,2026-03-21 14:30:00,2026-03-21 22:30:00,Griffin Club Los Angeles,Griffin Club Los Angeles,105,,Dishwasher
2026-03-21,2026-03-21 14:30:00,2026-03-21 22:00:00,Hotel Bel Air,Hotel Bel Air - Stewards,105,,Dishwasher
2026-03-21,2026-03-21 15:00:00,2026-03-21 21:00:00,"@FTK Global, LLC., dba LL Catering ",@ LL Catering | Offsite,98,,Bartender 2
2026-03-21,2026-03-21 15:00:00,2026-03-21 23:45:00,Garibaldina Society ,Garibaldina Society,264,,Event Supervisor
2026-03-21,2026-03-21 15:00:00,2026-03-21 23:00:00,Hilton Palm Springs,Hilton Palm Springs,115,,Server 2
2026-03-21,2026-03-21 15:00:00,2026-03-21 23:00:00,Hotel Bel Air,Hotel Bel Air - Main Kitchen,102,,Cook 2
2026-03-21,2026-03-21 15:00:00,2026-03-21 23:30:00,"Manhattan Beach Hotel TRS LLC., dba Westdrift Manhattan Beach",Manhattan Beach Hotel | Banquet,96,,Barback
2026-03-21,2026-03-21 15:00:00,2026-03-21 23:30:00,VH Property Corp. dba Trump National Golf Club Los Angeles,Trump National Golf Course Los Angeles | BOH,102,,Cook 2
2026-03-21,2026-03-21 15:30:00,2026-03-22 00:30:00,Commerce Casino,Commerce Casino - Banquets | FOH,101,Report to Event Center,Cashier
2026-03-21,2026-03-21 15:30:00,2026-03-21 23:30:00,Commerce Casino,Commerce Casino - Banquets | FOH,104,ID Checkers -Report to Event Center,General
2026-03-21,2026-03-21 15:30:00,2026-03-22 00:30:00,Commerce Casino,Commerce Casino - Banquets | FOH,98,Report to Event Center,Bartender 2
2026-03-21,2026-03-21 15:30:00,2026-03-21 23:15:00,Garibaldina Society ,Garibaldina Society,115,,Server 2
2026-03-21,2026-03-21 15:30:00,2026-03-21 23:00:00,Malibu Beach Inn,Malibu Beach Inn - BOH,105,,Dishwasher
2026-03-21,2026-03-21 15:30:00,2026-03-22 00:00:00,VH Property Corp. dba Trump National Golf Club Los Angeles,Trump National Golf Course Los Angeles | BOH,102,,Cook 2
2026-03-21,2026-03-21 15:30:00,2026-03-21 21:00:00,Wolfgang Puck Catering,Wolfgang Puck Catering - Hollywood & Highland,102,,Cook 2
2026-03-21,2026-03-21 15:45:00,2026-03-21 23:00:00,Garibaldina Society ,Garibaldina Society,102,,Cook 2
2026-03-21,2026-03-21 15:45:00,2026-03-21 20:15:00,Villa Portofino,Villa Portofino,115,Assisting with regular dinner service,Server 2
2026-03-21,2026-03-21 16:00:00,2026-03-21 23:00:00,Canyon Palm Springs Hotel dba Thompson Palm Springs,Thompson Palm Springs |  FOH,99,,Busser
2026-03-21,2026-03-21 16:00:00,2026-03-22 00:00:00,Commerce Casino,Commerce Casino - Banquets | FOH,115,Report to Event Center,Server 2
2026-03-21,2026-03-21 16:00:00,2026-03-22 00:00:00,Commerce Casino,Commerce Casino - Banquets | FOH,104,ID Checker - report to Event Center,General
2026-03-21,2026-03-21 16:00:00,2026-03-21 22:00:00,Ebell of Los Angeles,Ebell of Los Angeles - Saturday - FOH,115,Bussers,Server 2
2026-03-21,2026-03-21 16:30:00,2026-03-22 00:30:00,Commerce Casino,Commerce Casino - Banquets | FOH,98,Report to Event Center,Bartender 2
2026-03-21,2026-03-21 16:30:00,2026-03-22 00:30:00,Commerce Casino,Commerce Casino - Banquets | FOH,115,Report to Event Center,Server 2
2026-03-21,2026-03-21 16:30:00,2026-03-21 23:30:00,Garibaldina Society ,Garibaldina Society,105,,Dishwasher
2026-03-21,2026-03-21 16:45:00,2026-03-21 23:30:00,Garibaldina Society ,Garibaldina Society,96,,Barback
2026-03-21,2026-03-21 17:00:00,2026-03-21 22:00:00,Athenaeum Club,Athenaeum Housekeeping,104,Laundry/Restroom,General
2026-03-21,2026-03-21 17:00:00,2026-03-22 01:00:00,Commerce Casino,Commerce Casino - High Limit Kitchen | FOH | MON - TH,98,with Cashier Duties,Bartender 2
2026-03-21,2026-03-21 17:00:00,2026-03-21 22:00:00,Ebell of Los Angeles,Ebell of Los Angeles - Back of House,102,,Cook 2
2026-03-21,2026-03-21 17:00:00,2026-03-21 23:30:00,Garibaldina Society ,Garibaldina Society,99,You will talk to lauren or Jesse in the bar,Busser
2026-03-21,2026-03-21 17:00:00,2026-03-21 22:30:00,Griffin Club Los Angeles,Griffin Club Los Angeles,105,,Dishwasher
2026-03-21,2026-03-21 17:00:00,2026-03-22 01:00:00,Hilton Palm Springs,Hilton Palm Springs,115,,Server 2
2026-03-21,2026-03-21 17:00:00,2026-03-22 00:00:00,Home At Last Community Development Corporation,@ Home At Last Corporation | SixSevenFive Lounge,99,,Busser
2026-03-21,2026-03-21 17:00:00,2026-03-22 01:30:00,Pepperdine University,Pepperdine University - HAWC Cafe & Store,102,,Cook 2
2026-03-21,2026-03-21 17:00:00,2026-03-21 22:00:00,The Valley Hunt Club,The Valley Hunt Club,98,,Bartender 2
2026-03-21,2026-03-21 18:00:00,2026-03-22 02:00:00,Commerce Casino,Commerce Casino - High Limit Kitchen | FOH | MON - TH,101,with runner duties ,Cashier
2026-03-21,2026-03-21 18:00:00,2026-03-21 23:00:00,Ebell of Los Angeles,Ebell of Los Angeles - Back of House,105,,Dishwasher
2026-03-21,2026-03-21 18:00:00,2026-03-21 23:45:00,Garibaldina Society ,Garibaldina Society,105,,Dishwasher
2026-03-21,2026-03-21 18:00:00,2026-03-21 22:00:00,The Lakes Country Club,The Lakes Country Club,115,Event Center inside Clubhouse ,Server 2
2026-03-21,2026-03-21 18:00:00,2026-03-21 22:00:00,The Lakes Country Club,The Lakes Country Club,115,Event Center inside Clubhouse ,Server 2
2026-03-21,2026-03-21 19:00:00,2026-03-22 00:30:00,Ebell of Los Angeles,Ebell of Los Angeles - Back of House,105,,Dishwasher
2026-03-21,2026-03-21 22:00:00,2026-03-22 06:30:00,Commerce Casino,Commerce Casino - Employee Dining Room,102,Overnight Shift,Cook 2
2026-03-21,2026-03-21 22:00:00,2026-03-22 06:00:00,Commerce Casino,Commerce Casino - Employee Dining Room,115,"Overnight shift, FOH EDR attend. ",Server 2
2026-03-21,2026-03-21 22:00:00,2026-03-22 06:00:00,Commerce Casino,Commerce Casino - High Limit Kitchen | FOH | MON - TH,101,with Runner duties | overnight shift,Cashier
2026-03-22,2026-03-22 02:00:00,2026-03-22 10:00:00,Commerce Casino,Commerce Casino - High Limit Kitchen | FOH | MON - TH,101,with Limited runner duties | Overnight shift,Cashier
2026-03-22,2026-03-22 05:00:00,2026-03-22 13:30:00,Martin Luther King Jr Hospital,Martin Luther King Jr. Hospital | BOH,102,,Cook 2
2026-03-22,2026-03-22 05:00:00,2026-03-22 13:30:00,People Assisting the Homeless,People Assisting the Homeless - YWCA,110,,Prep Cook 2
2026-03-22,2026-03-22 05:00:00,2026-03-22 13:30:00,PIH Health - Whittier Hospital,PIH Health - Whittier Hospital,110,,Prep Cook 2
2026-03-22,2026-03-22 05:30:00,2026-03-22 14:30:00,"Fox Studio Lot, LLC",Fox Studio - Moe's Cafe BoH,102,,Cook 2
2026-03-22,2026-03-22 05:30:00,2026-03-22 14:30:00,"Fox Studio Lot, LLC",Fox Studio - Moe's Cafe BoH,102,,Cook 2
2026-03-22,2026-03-22 06:00:00,2026-03-22 14:00:00,Commerce Casino,Commerce Casino - High Limit Kitchen | FOH | MON - TH,101,with runner duties,Cashier
2026-03-22,2026-03-22 06:00:00,2026-03-22 14:30:00,VEA Hotel - Newport Beach,VEA Hotel - Newport Beach | Cooks,102,,Cook 2
2026-03-22,2026-03-22 06:30:00,2026-03-22 15:00:00,Beverly Hills Hotel,Beverly Hills Hotel - Main Kitchen,102,,Cook 2
2026-03-22,2026-03-22 06:30:00,2026-03-22 15:00:00,Childrens Hospital Los Angeles,Childrens Hospital Los Angeles,105,,Dishwasher
2026-03-22,2026-03-22 06:30:00,2026-03-22 14:30:00,"Fox Studio Lot, LLC",Fox Studio - Moe's Cafe FoH,99,,Busser
2026-03-22,2026-03-22 07:00:00,2026-03-22 15:30:00,Crescent Heights Ten Thousand,Crescent Heights Ten Thousand - Butler Department,115,Butler/Porter,Server 2
2026-03-22,2026-03-22 07:00:00,2026-03-22 15:00:00,Malibu Beach Inn,Malibu Beach Inn - BOH,105,,Dishwasher
2026-03-22,2026-03-22 07:00:00,2026-03-22 14:30:00,Martin Luther King Jr Hospital,Martin Luther King Jr. Hospital | BOH,105,Ongoing Sat and Sun,Dishwasher
2026-03-22,2026-03-22 07:00:00,2026-03-22 15:30:00,Newport Harbor Yacht Club,Newport Harbor Yacht Club | Banquets,105,,Dishwasher
2026-03-22,2026-03-22 07:00:00,2026-03-22 15:30:00,The Getty Center,The Getty Center - Cafe,102,,Cook 2
2026-03-22,2026-03-22 07:00:00,2026-03-22 15:30:00,VH Property Corp. dba Trump National Golf Club Los Angeles,Trump National Golf Course Los Angeles | BOH,102,,Cook 2
2026-03-22,2026-03-22 07:00:00,2026-03-22 15:00:00,Viceroy Santa Monica Hotel,Viceroy Santa Monica Hotel,105,Steward,Dishwasher
2026-03-22,2026-03-22 08:00:00,2026-03-22 14:00:00,West Angeles Church of God in Christ Inc,West Angeles Church of God,115,,Server 2
2026-03-22,2026-03-22 09:00:00,2026-03-22 17:30:00,Malibu Beach Inn,Malibu Beach Inn - BOH,107,Housekeeping,Houseperson
2026-03-22,2026-03-22 09:00:00,2026-03-22 17:00:00,"Manhattan Beach Hotel TRS LLC., dba Westdrift Manhattan Beach",Manhattan Beach Hotel | Banquet,96,,Barback
2026-03-22,2026-03-22 10:00:00,2026-03-22 20:30:00,Griffin Club Los Angeles,Griffin Club Los Angeles,102,,Cook 2
2026-03-22,2026-03-22 10:00:00,2026-03-22 18:30:00,Griffin Club Los Angeles,Griffin Club Los Angeles,102,,Cook 2
2026-03-22,2026-03-22 10:30:00,2026-03-22 19:00:00,Mount Saint Mary's University,Mount Saint Mary's University - Doheny Campus,102,,Cook 2
2026-03-22,2026-03-22 10:30:00,2026-03-22 17:00:00,VH Property Corp. dba Trump National Golf Club Los Angeles,Trump National Golf Course Los Angeles | Vista Grill,102,,Cook 2
2026-03-22,2026-03-22 11:00:00,2026-03-22 17:00:00,Griffin Club Los Angeles,Griffin Club Los Angeles,102,,Cook 2
2026-03-22,2026-03-22 11:00:00,2026-03-22 15:30:00,SBLP Warner Center OPCO LLC - The Variel,The Variel of Woodland Hills,102,Must know how to cook Omelets,Cook 2
2026-03-22,2026-03-22 11:00:00,2026-03-22 19:30:00,University Village Thousand Oaks,University Village Thousand Oaks ,102,,Cook 2
2026-03-22,2026-03-22 11:30:00,2026-03-22 20:00:00,People Assisting the Homeless,People Assisting the Homeless - YWCA,110,,Prep Cook 2
2026-03-22,2026-03-22 12:00:00,2026-03-22 20:30:00,Childrens Hospital Los Angeles,Childrens Hospital Los Angeles,104,Food Service Worker,General
2026-03-22,2026-03-22 12:00:00,2026-03-22 20:30:00,PIH Health - Whittier Hospital,PIH Health - Whittier Hospital,110,,Prep Cook 2
2026-03-22,2026-03-22 12:00:00,2026-03-22 20:30:00,USC Verdugo Hills Hospital,USC Verdugo Hills Hospital,105,,Dishwasher
2026-03-22,2026-03-22 12:00:00,2026-03-22 20:30:00,VEA Hotel - Newport Beach,VEA Hotel - Newport Beach | Cooks,102,,Cook 2
2026-03-22,2026-03-22 13:00:00,2026-03-22 21:30:00,Commerce Casino,Commerce Casino - High Limit Kitchen | BOH,102,,Cook 2
2026-03-22,2026-03-22 13:00:00,2026-03-22 21:30:00,Griffin Club Los Angeles,Griffin Club Los Angeles,105,,Dishwasher
2026-03-22,2026-03-22 13:00:00,2026-03-22 21:30:00,Griffin Club Los Angeles,Griffin Club Los Angeles,105,,Dishwasher
2026-03-22,2026-03-22 13:30:00,2026-03-22 22:00:00,Griffin Club Los Angeles,Griffin Club Los Angeles,98,Ongoing - Sat and Sun - temp to hire.,Bartender 2
2026-03-22,2026-03-22 14:00:00,2026-03-22 22:00:00,Commerce Casino,Commerce Casino - High Limit Kitchen | FOH | MON - TH,101,with limited runner duties,Cashier
2026-03-22,2026-03-22 14:00:00,2026-03-22 22:00:00,Hotel Bel Air,Hotel Bel Air - Swan Cafe,102,,Cook 2
2026-03-22,2026-03-22 14:00:00,2026-03-22 22:30:00,Martin Luther King Jr Hospital,Martin Luther King Jr. Hospital | BOH,102,,Cook 2
2026-03-22,2026-03-22 14:00:00,2026-03-22 22:30:00,SBLP Warner Center OPCO LLC - The Variel,The Variel of Woodland Hills,105,,Dishwasher
2026-03-22,2026-03-22 14:00:00,2026-03-22 22:00:00,Viceroy Santa Monica Hotel,Viceroy Santa Monica Hotel,264,,Event Supervisor
2026-03-22,2026-03-22 14:30:00,2026-03-22 23:00:00,Commerce Casino,Commerce Casino - Employee Dining Room,102,,Cook 2
2026-03-22,2026-03-22 15:00:00,2026-03-22 23:30:00,Crescent Heights Ten Thousand,Crescent Heights Ten Thousand - Butler Department,115,Butler/Porter,Server 2
2026-03-22,2026-03-22 15:30:00,2026-03-22 22:30:00,Malibu Beach Inn,Malibu Beach Inn - BOH,105,,Dishwasher
2026-03-22,2026-03-22 15:30:00,2026-03-23 00:00:00,VH Property Corp. dba Trump National Golf Club Los Angeles,Trump National Golf Course Los Angeles | BOH,102,,Cook 2
2026-03-22,2026-03-22 16:00:00,2026-03-22 23:00:00,Canyon Palm Springs Hotel dba Thompson Palm Springs,Thompson Palm Springs |  FOH,99,,Busser
2026-03-22,2026-03-22 17:00:00,2026-03-22 22:30:00,Griffin Club Los Angeles,Griffin Club Los Angeles,105,,Dishwasher
2026-03-22,2026-03-22 17:00:00,2026-03-23 01:30:00,Pepperdine University,Pepperdine University - HAWC Cafe & Store,102,,Cook 2
2026-03-22,2026-03-22 22:00:00,2026-03-23 06:00:00,Commerce Casino,Commerce Casino - High Limit Kitchen | FOH | MON - TH,101,with Runner duties | overnight shift,Cashier
2026-03-22,2026-03-22 22:00:00,2026-03-23 06:30:00,Commerce Casino,Commerce Casino - Employee Dining Room,102,Overnight Shift,Cook 2
2026-03-23,2026-03-23 02:00:00,2026-03-23 10:00:00,Commerce Casino,Commerce Casino - High Limit Kitchen | FOH | MON - TH,101,with Limited runner duties | Overnight shift,Cashier
2026-03-23,2026-03-23 05:00:00,2026-03-23 13:30:00,Google Spruce Goose Offices,Google Spruce Goose - Catering Operations,102,,Cook 2
2026-03-23,2026-03-23 05:00:00,2026-03-23 13:30:00,PIH Health - Good Samaritan Hospital,PIH Health - Good Samaritan Hospital,290,,Cook 3
2026-03-23,2026-03-23 05:00:00,2026-03-23 13:30:00,PIH Health - Whittier Hospital,PIH Health - Whittier Hospital,102,,Cook 2
2026-03-23,2026-03-23 05:00:00,2026-03-23 13:30:00,PIH Health - Whittier Hospital,PIH Health - Whittier Hospital,110,,Prep Cook 2
2026-03-23,2026-03-23 05:00:00,2026-03-23 13:30:00,VEA Hotel - Newport Beach,VEA Hotel - Newport Beach | Cooks,102,,Cook 2
2026-03-23,2026-03-23 05:30:00,2026-03-23 11:00:00,Empowered 4 Life Foundation,@ Empowered 4 Life Foundation,110,,Prep Cook 2
2026-03-23,2026-03-23 06:00:00,2026-03-23 14:00:00,Beverly Hills Unified School District,BHUSD - Beverly Hills High School,105,,Dishwasher
2026-03-23,2026-03-23 06:00:00,2026-03-23 13:30:00,Beverly Hills Unified School District,BHUSD - Beverly Hills High School,102,,Cook 2
2026-03-23,2026-03-23 06:00:00,2026-03-23 13:30:00,Beverly Hills Unified School District,BHUSD - Beverly Hills High School,110,,Prep Cook 2
2026-03-23,2026-03-23 06:00:00,2026-03-23 14:00:00,Beverly Hills Unified School District,BHUSD - Beverly Hills High School,104,,General
2026-03-23,2026-03-23 06:00:00,2026-03-23 14:30:00,Capital Group - Irvine,Capital Group - Irvine | FOH,101,,Cashier
2026-03-23,2026-03-23 06:00:00,2026-03-23 14:30:00,Capital Group - Irvine,Capital Group - Irvine | BOH,102,,Cook 2
2026-03-23,2026-03-23 06:00:00,2026-03-23 14:00:00,Commerce Casino,Commerce Casino - High Limit Kitchen | FOH | MON - TH,101,with runner duties,Cashier
2026-03-23,2026-03-23 06:00:00,2026-03-23 12:00:00,Crescent Heights Ten Thousand,Crescent Heights Ten Thousand - Buffet,115,,Server 2
2026-03-23,2026-03-23 06:00:00,2026-03-23 10:00:00,Disney Studios,Disney Studios | Rotunda Restaurant,99,,Busser
2026-03-23,2026-03-23 06:00:00,2026-03-23 14:30:00,Edwards Lifesciences,Edwards Lifesciences FOH Bldg. C,97,,Barista 2
2026-03-23,2026-03-23 06:00:00,2026-03-23 14:30:00,Edwards Lifesciences,Edwards Lifesciences FOH Bldg. C,101,,Cashier
2026-03-23,2026-03-23 06:00:00,2026-03-23 14:30:00,Edwards Lifesciences,Edwards Lifesciences FOH Bldg. C,101,,Cashier
2026-03-23,2026-03-23 06:00:00,2026-03-23 14:30:00,"Fox Studio Lot, LLC",Fox Studio - Commissary,102,,Cook 2
2026-03-23,2026-03-23 06:00:00,2026-03-23 15:00:00,"Fox Studio Lot, LLC",Fox Studio - News Cafe BoH,102,,Cook 2
2026-03-23,2026-03-23 06:00:00,2026-03-23 15:00:00,"Fox Studio Lot, LLC",Fox Studio - Moe's Cafe BoH,102,,Cook 2
2026-03-23,2026-03-23 06:00:00,2026-03-23 14:30:00,Martin Luther King Jr Hospital,Martin Luther King Jr. Hospital | BOH,102,,Cook 2
2026-03-23,2026-03-23 06:00:00,2026-03-23 14:30:00,Park Place Plaza,Park Place Plaza,110,,Prep Cook 2
2026-03-23,2026-03-23 06:00:00,2026-03-23 12:00:00,SBLP Warner Center OPCO LLC - The Variel,The Variel of Woodland Hills,102,,Cook 2
2026-03-23,2026-03-23 06:00:00,2026-03-23 14:30:00,USC Verdugo Hills Hospital,USC Verdugo Hills Hospital,102,,Cook 2
2026-03-23,2026-03-23 06:15:00,2026-03-23 14:45:00,Disney Studios,Disney Studios | Big D Cafe Glendale,102,Exhibition Station,Cook 2
2026-03-23,2026-03-23 06:30:00,2026-03-23 14:30:00,Amgen Thousand Oaks,Amgen Thousand Oaks - Bistro Cafe,102,,Cook 2
2026-03-23,2026-03-23 06:30:00,2026-03-23 15:00:00,Beverly Hills Hotel,Beverly Hills Hotel - Main Kitchen,102,,Cook 2
2026-03-23,2026-03-23 06:30:00,2026-03-23 15:00:00,California Endowment ,California Endowment,102,,Cook 2
2026-03-23,2026-03-23 06:30:00,2026-03-23 15:00:00,Disney Studios,Disney Studios | Big D Cafe Glendale,102,Grill,Cook 2
2026-03-23,2026-03-23 06:30:00,2026-03-23 15:00:00,Park Place Plaza,Park Place Plaza,115,with Barista Duties,Server 2
2026-03-23,2026-03-23 07:00:00,2026-03-23 14:00:00,Beverly Hills Unified School District,BHUSD - Horace Mann Elementary School,104,,General
2026-03-23,2026-03-23 07:00:00,2026-03-23 12:30:00,Beverly Hills Unified School District,BHUSD - Beverly Hills High School,104,,General
2026-03-23,2026-03-23 07:00:00,2026-03-23 14:00:00,Beverly Hills Unified School District,BHUSD- El Rodeo Elementary,104,,General
2026-03-23,2026-03-23 07:00:00,2026-03-23 15:30:00,Edwards Lifesciences,Edwards Lifesciences FOH Bldg. C,97,,Barista 2
2026-03-23,2026-03-23 07:00:00,2026-03-23 15:30:00,"Fox Studio Lot, LLC",Fox Studio - Commissary,102,prep,Cook 2
2026-03-23,2026-03-23 07:00:00,2026-03-23 15:00:00,"Fox Studio Lot, LLC",Fox Studio - Moe's Cafe BoH,102,Sandwich Station,Cook 2
2026-03-23,2026-03-23 07:00:00,2026-03-23 15:30:00,Martin Luther King Jr Hospital,Martin Luther King Jr. Hospital | BOH,102,,Cook 2
2026-03-23,2026-03-23 07:00:00,2026-03-23 15:00:00,NBC Universal,NBC Universal Studios | The Market Place,102,,Cook 2
2026-03-23,2026-03-23 07:00:00,2026-03-23 15:30:00,"Platinum Equity, LLC",Platinum Equity LLC,102,,Cook 2
2026-03-23,2026-03-23 07:00:00,2026-03-23 15:30:00,The Meadowglade LLC,The Meadowglade,102,On going/ read description,Cook 2
2026-03-23,2026-03-23 07:00:00,2026-03-23 15:30:00,Union Station Homeless Services,Union Station Homeless Services - Adult Center,102,,Cook 2
2026-03-23,2026-03-23 07:30:00,2026-03-23 15:30:00,Amgen Thousand Oaks,Amgen Thousand Oaks - Bistro Cafe,105,,Dishwasher
2026-03-23,2026-03-23 07:30:00,2026-03-23 15:00:00,Disney Studios,Disney Studios | Rotunda Restaurant,99,,Busser
2026-03-23,2026-03-23 07:30:00,2026-03-23 14:30:00,Jet Propulsion Laboratory,JPL - Cafe 303,102,,Cook 2
2026-03-23,2026-03-23 07:30:00,2026-03-23 16:00:00,Mount Saint Mary's University,Mount Saint Mary's University - Doheny Campus,110,,Prep Cook 2
2026-03-23,2026-03-23 07:30:00,2026-03-23 15:30:00,The Getty Villa,The Getty Villa BOH,102,,Cook 2
2026-03-23,2026-03-23 08:00:00,2026-03-23 13:30:00,Beverly Hills Unified School District,BHUSD - Beverly Vista Middle School,104,,General
2026-03-23,2026-03-23 08:00:00,2026-03-23 16:30:00,Crescent Heights Ten Thousand,Crescent Heights Ten Thousand - Butler Department,115,Butler/Porter,Server 2
2026-03-23,2026-03-23 08:00:00,2026-03-23 15:30:00,Disney Studios,Disney Studios | Rotunda Restaurant,102,,Cook 2
2026-03-23,2026-03-23 08:00:00,2026-03-23 16:30:00,"Fox Studio Lot, LLC",Fox Studio - Moe's Cafe BoH,105,,Dishwasher
2026-03-23,2026-03-23 08:00:00,2026-03-23 14:30:00,Malibu Beach Inn,Malibu Beach Inn - BOH,105,,Dishwasher
2026-03-23,2026-03-23 08:00:00,2026-03-23 13:00:00,New West Charter School,New West Charter School - W. PICO Location,115,,Server 2
2026-03-23,2026-03-23 08:00:00,2026-03-23 16:30:00,"Platinum Equity, LLC",Platinum Equity LLC,102,,Cook 2
2026-03-23,2026-03-23 08:00:00,2026-03-23 16:00:00,SBLP Warner Center OPCO LLC - The Variel,The Variel of Woodland Hills,105,,Dishwasher
2026-03-23,2026-03-23 08:00:00,2026-03-23 16:30:00,The Wonderful Company,The Wonderful Company,97,,Barista 2
2026-03-23,2026-03-23 08:30:00,2026-03-23 17:00:00,"Platinum Equity, LLC",Platinum Equity LLC,102,,Cook 2
2026-03-23,2026-03-23 09:00:00,2026-03-23 17:30:00,"Platinum Equity, LLC",Platinum Equity LLC,105,,Dishwasher
2026-03-23,2026-03-23 09:00:00,2026-03-23 15:00:00,The Vered,The Vered,102,TB and LIVE Scan Required - Ongoing Shift - Do not publish,Cook 2
2026-03-23,2026-03-23 10:00:00,2026-03-23 18:30:00,Childrens Hospital Los Angeles,Childrens Hospital Los Angeles,105,,Dishwasher
2026-03-23,2026-03-23 10:00:00,2026-03-23 18:30:00,Griffin Club Los Angeles,Griffin Club Los Angeles,102,,Cook 2
2026-03-23,2026-03-23 10:00:00,2026-03-23 18:30:00,USC Verdugo Hills Hospital,USC Verdugo Hills Hospital,102,,Cook 2
2026-03-23,2026-03-23 11:00:00,2026-03-23 15:00:00,KMR Gourmet Catering,KMR Gourmet Catering - Offsite,115,Catering server ,Server 2
2026-03-23,2026-03-23 11:00:00,2026-03-23 19:30:00,The Vered,The Vered,102,,Cook 2
2026-03-23,2026-03-23 11:00:00,2026-03-23 19:30:00,University Village Thousand Oaks,University Village Thousand Oaks ,102,,Cook 2
2026-03-23,2026-03-23 11:30:00,2026-03-23 20:00:00,People Assisting the Homeless,People Assisting the Homeless - YWCA,110,,Prep Cook 2
2026-03-23,2026-03-23 11:30:00,2026-03-23 20:00:00,People Assisting the Homeless,People Assisting the Homeless - YWCA,110,,Prep Cook 2
2026-03-23,2026-03-23 12:00:00,2026-03-23 20:00:00,Academy Museum of Motion Pictures,Academy Museum of Motion Pictures - Fanny's Restaurant,105,,Dishwasher
2026-03-23,2026-03-23 12:00:00,2026-03-23 20:30:00,Cedars Sinai Medical Center,Cedars Sinai - Plaza & Cafe,102,Grill Cook,Cook 2
2026-03-23,2026-03-23 12:00:00,2026-03-23 20:30:00,Childrens Hospital Los Angeles,Childrens Hospital Los Angeles,104,Food Service Worker,General
2026-03-23,2026-03-23 12:00:00,2026-03-23 20:30:00,PIH Health - Whittier Hospital,PIH Health - Whittier Hospital,110,,Prep Cook 2
2026-03-23,2026-03-23 12:00:00,2026-03-23 20:30:00,SBLP Warner Center OPCO LLC - The Variel,The Variel of Woodland Hills,102,,Cook 2
2026-03-23,2026-03-23 12:30:00,2026-03-23 21:30:00,Griffin Club Los Angeles,Griffin Club Los Angeles,105,,Dishwasher
2026-03-23,2026-03-23 12:30:00,2026-03-23 21:00:00,Henry Mayo Newhall Hospital,Henry Mayo Newhall Hospital,102,MUST BE TB TESTED AND PHYSICAL before 1st shift | ongoing ass. ,Cook 2
2026-03-23,2026-03-23 14:00:00,2026-03-23 22:00:00,Commerce Casino,Commerce Casino - High Limit Kitchen | FOH | MON - TH,101,with limited runner duties,Cashier
2026-03-23,2026-03-23 14:00:00,2026-03-23 22:30:00,Martin Luther King Jr Hospital,Martin Luther King Jr. Hospital | BOH,102,,Cook 2
2026-03-23,2026-03-23 14:00:00,2026-03-23 22:30:00,SBLP Warner Center OPCO LLC - The Variel,The Variel of Woodland Hills,105,,Dishwasher
2026-03-23,2026-03-23 14:30:00,2026-03-23 22:30:00,Viceroy Santa Monica Hotel,Viceroy Santa Monica Hotel,264,,Event Supervisor
2026-03-23,2026-03-23 15:00:00,2026-03-23 23:00:00,Blue Devils Lessee LLC | Hyatt Centric Delfina Santa Monica,Hyatt Centric Delfina Santa Monica,105,,Dishwasher
2026-03-23,2026-03-23 15:00:00,2026-03-23 23:30:00,Crescent Heights Ten Thousand,Crescent Heights Ten Thousand - Butler Department,115,Butler/Porter,Server 2
2026-03-23,2026-03-23 15:00:00,2026-03-23 23:30:00,"Fox Studio Lot, LLC",Fox Studio - Commissary,102,,Cook 2
2026-03-23,2026-03-23 15:30:00,2026-03-23 22:30:00,Malibu Beach Inn,Malibu Beach Inn - BOH,105,,Dishwasher
2026-03-23,2026-03-23 17:00:00,2026-03-23 23:00:00,Canyon Palm Springs Hotel dba Thompson Palm Springs,Thompson Palm Springs |  FOH,99,,Busser
2026-03-23,2026-03-23 17:00:00,2026-03-24 01:30:00,Pepperdine University,Pepperdine University - HAWC Cafe & Store,102,,Cook 2
2026-03-23,2026-03-23 18:00:00,2026-03-23 22:00:00,Canyon Palm Springs Hotel dba Thompson Palm Springs,Thompson Palm Springs |  FOH,96,,Barback
2026-03-23,2026-03-23 20:00:00,2026-03-24 01:00:00,Academy Museum of Motion Pictures,Academy Museum of Motion Pictures - Fanny's Restaurant,105,,Dishwasher
2026-03-23,2026-03-23 22:00:00,2026-03-24 06:00:00,Commerce Casino,Commerce Casino - High Limit Kitchen | FOH | MON - TH,101,with Runner duties | overnight shift,Cashier
2026-03-23,2026-03-23 22:00:00,2026-03-24 06:30:00,Commerce Casino,Commerce Casino - Employee Dining Room,102,Overnight Shift,Cook 2
2026-03-24,2026-03-24 02:00:00,2026-03-24 10:00:00,Commerce Casino,Commerce Casino - High Limit Kitchen | FOH | MON - TH,101,with Limited runner duties | Overnight shift,Cashier
2026-03-24,2026-03-24 05:00:00,2026-03-24 13:30:00,Google Spruce Goose Offices,Google Spruce Goose - Catering Operations,102,,Cook 2
2026-03-24,2026-03-24 05:00:00,2026-03-24 13:30:00,People Assisting the Homeless,People Assisting the Homeless - YWCA,110,,Prep Cook 2
2026-03-24,2026-03-24 05:00:00,2026-03-24 13:30:00,PIH Health - Good Samaritan Hospital,PIH Health - Good Samaritan Hospital,290,,Cook 3
2026-03-24,2026-03-24 05:00:00,2026-03-24 13:30:00,PIH Health - Whittier Hospital,PIH Health - Whittier Hospital,102,,Cook 2
2026-03-24,2026-03-24 05:00:00,2026-03-24 13:30:00,PIH Health - Whittier Hospital,PIH Health - Whittier Hospital,110,,Prep Cook 2
2026-03-24,2026-03-24 05:00:00,2026-03-24 13:30:00,VEA Hotel - Newport Beach,VEA Hotel - Newport Beach | Cooks,102,,Cook 2
2026-03-24,2026-03-24 05:30:00,2026-03-24 11:00:00,Empowered 4 Life Foundation,@ Empowered 4 Life Foundation,110,,Prep Cook 2
2026-03-24,2026-03-24 05:30:00,2026-03-24 14:30:00,"Fox Studio Lot, LLC",Fox Studio - Moe's Cafe BoH,102,,Cook 2
2026-03-24,2026-03-24 05:30:00,2026-03-24 14:00:00,Olive Grove Cafe,Kirkland and Ellis,102,,Cook 2
2026-03-24,2026-03-24 06:00:00,2026-03-24 13:30:00,Beverly Hills Unified School District,BHUSD - Beverly Hills High School,104,,General
2026-03-24,2026-03-24 06:00:00,2026-03-24 13:30:00,Beverly Hills Unified School District,BHUSD - Beverly Hills High School,102,,Cook 2
2026-03-24,2026-03-24 06:00:00,2026-03-24 13:30:00,Beverly Hills Unified School District,BHUSD - Beverly Hills High School,110,,Prep Cook 2
2026-03-24,2026-03-24 06:00:00,2026-03-24 14:00:00,Beverly Hills Unified School District,BHUSD - Beverly Hills High School,104,,General
2026-03-24,2026-03-24 06:00:00,2026-03-24 14:30:00,Capital Group - Irvine,Capital Group - Irvine | FOH,101,,Cashier
2026-03-24,2026-03-24 06:00:00,2026-03-24 14:30:00,Capital Group - Irvine,Capital Group - Irvine | BOH,102,,Cook 2
2026-03-24,2026-03-24 06:00:00,2026-03-24 14:00:00,Commerce Casino,Commerce Casino - High Limit Kitchen | FOH | MON - TH,101,with runner duties,Cashier
2026-03-24,2026-03-24 06:00:00,2026-03-24 12:00:00,Crescent Heights Ten Thousand,Crescent Heights Ten Thousand - Buffet,115,,Server 2
2026-03-24,2026-03-24 06:00:00,2026-03-24 14:30:00,Edwards Lifesciences,Edwards Lifesciences FOH Bldg. C,101,,Cashier
2026-03-24,2026-03-24 06:00:00,2026-03-24 14:30:00,Edwards Lifesciences,Edwards Lifesciences FOH Bldg. C,97,,Barista 2
2026-03-24,2026-03-24 06:00:00,2026-03-24 14:30:00,Edwards Lifesciences,Edwards Lifesciences FOH Bldg. C,101,,Cashier
2026-03-24,2026-03-24 06:00:00,2026-03-24 14:30:00,"Fox Studio Lot, LLC",Fox Studio - Commissary,102,,Cook 2
2026-03-24,2026-03-24 06:00:00,2026-03-24 15:00:00,"Fox Studio Lot, LLC",Fox Studio - News Cafe BoH,102,,Cook 2
2026-03-24,2026-03-24 06:00:00,2026-03-24 14:30:00,Martin Luther King Jr Hospital,Martin Luther King Jr. Hospital | BOH,102,,Cook 2
2026-03-24,2026-03-24 06:00:00,2026-03-24 14:30:00,Park Place Plaza,Park Place Plaza,110,,Prep Cook 2
2026-03-24,2026-03-24 06:00:00,2026-03-24 15:00:00,Riviera Resort & Spa,Riviera Resort & Spa,102,,Cook 2
2026-03-24,2026-03-24 06:00:00,2026-03-24 14:30:00,USC Verdugo Hills Hospital,USC Verdugo Hills Hospital,102,,Cook 2
2026-03-24,2026-03-24 06:15:00,2026-03-24 14:45:00,Disney Studios,Disney Studios | Big D Cafe Glendale,102,Exhibition Station,Cook 2
2026-03-24,2026-03-24 06:30:00,2026-03-24 14:30:00,Amgen Thousand Oaks,Amgen Thousand Oaks - Bistro Cafe,102,,Cook 2
2026-03-24,2026-03-24 06:30:00,2026-03-24 15:00:00,Beverly Hills Hotel,Beverly Hills Hotel - Main Kitchen,102,,Cook 2
2026-03-24,2026-03-24 06:30:00,2026-03-24 15:00:00,California Endowment ,California Endowment,102,,Cook 2
2026-03-24,2026-03-24 06:30:00,2026-03-24 14:00:00,Disney Studios,Disney Studios | Rotunda Restaurant,99,,Busser
2026-03-24,2026-03-24 06:30:00,2026-03-24 15:00:00,Disney Studios,Disney Studios | Big D Cafe Glendale,102,Grill,Cook 2
2026-03-24,2026-03-24 06:30:00,2026-03-24 15:00:00,Park Place Plaza,Park Place Plaza,115,with Barista Duties,Server 2
2026-03-24,2026-03-24 07:00:00,2026-03-24 14:00:00,Beverly Hills Unified School District,BHUSD - Horace Mann Elementary School,104,,General
2026-03-24,2026-03-24 07:00:00,2026-03-24 14:00:00,Beverly Hills Unified School District,BHUSD- El Rodeo Elementary,104,,General
2026-03-24,2026-03-24 07:00:00,2026-03-24 15:00:00,"Fox Studio Lot, LLC",Fox Studio - Moe's Cafe BoH,102,Sandwich Station,Cook 2
2026-03-24,2026-03-24 07:00:00,2026-03-24 15:30:00,L.A. Rams,L.A. Rams,105,,Dishwasher
2026-03-24,2026-03-24 07:00:00,2026-03-24 15:30:00,Martin Luther King Jr Hospital,Martin Luther King Jr. Hospital | BOH,102,,Cook 2
2026-03-24,2026-03-24 07:00:00,2026-03-24 15:30:00,NBC Universal,NBC Universal Studios | The Market Place,102,Sushi,Cook 2
2026-03-24,2026-03-24 07:00:00,2026-03-24 15:00:00,NBC Universal,NBC Universal Studios | The Market Place,102,Report to Catering,Cook 2
2026-03-24,2026-03-24 07:00:00,2026-03-24 15:30:00,NBC Universal,NBC Universal Studios | The Market Place,102,,Cook 2
2026-03-24,2026-03-24 07:00:00,2026-03-24 15:30:00,"Platinum Equity, LLC",Platinum Equity LLC,102,,Cook 2
2026-03-24,2026-03-24 07:00:00,2026-03-24 15:30:00,RAND Corporation,RAND Corporation,102,,Cook 2
2026-03-24,2026-03-24 07:00:00,2026-03-24 15:30:00,SBLP Warner Center OPCO LLC - The Variel,The Variel of Woodland Hills,105,,Dishwasher
2026-03-24,2026-03-24 07:00:00,2026-03-24 15:30:00,The Getty Center,The Getty Center - Cafe,102,,Cook 2
2026-03-24,2026-03-24 07:00:00,2026-03-24 15:30:00,The Meadowglade LLC,The Meadowglade,102,On going/ read description,Cook 2
2026-03-24,2026-03-24 07:00:00,2026-03-24 14:30:00,Union Station Homeless Services,Union Station Homeless Services - Adult Center,102,,Cook 2
2026-03-24,2026-03-24 07:00:00,2026-03-24 15:30:00,Union Station Homeless Services,Union Station Homeless Services - Adult Center,102,,Cook 2
2026-03-24,2026-03-24 07:00:00,2026-03-24 15:30:00,Warner Brothers,Warner Brothers,105,Please wear black pants and proper kitchen shoes. We'll provide kitchen coat and apron. ,Dishwasher
2026-03-24,2026-03-24 07:30:00,2026-03-24 15:30:00,Amgen Thousand Oaks,Amgen Thousand Oaks - Bistro Cafe,105,,Dishwasher
2026-03-24,2026-03-24 08:00:00,2026-03-24 13:30:00,Beverly Hills Unified School District,BHUSD - Beverly Vista Middle School,104,,General
2026-03-24,2026-03-24 08:00:00,2026-03-24 16:30:00,Crescent Heights Ten Thousand,Crescent Heights Ten Thousand - Butler Department,115,Butler/Porter,Server 2
2026-03-24,2026-03-24 08:00:00,2026-03-24 16:30:00,"Fox Studio Lot, LLC",Fox Studio - Moe's Cafe BoH,105,,Dishwasher
2026-03-24,2026-03-24 08:00:00,2026-03-24 14:30:00,Malibu Beach Inn,Malibu Beach Inn - BOH,105,,Dishwasher
2026-03-24,2026-03-24 08:00:00,2026-03-24 13:00:00,New West Charter School,New West Charter School - W. PICO Location,115,,Server 2
2026-03-24,2026-03-24 08:00:00,2026-03-24 16:30:00,"Platinum Equity, LLC",Platinum Equity LLC,102,,Cook 2
2026-03-24,2026-03-24 08:30:00,2026-03-24 17:00:00,"Platinum Equity, LLC",Platinum Equity LLC,102,,Cook 2
2026-03-24,2026-03-24 09:00:00,2026-03-24 14:30:00,Google Spruce Goose Offices,Google Spruce Goose - Cafe,102,,Cook 2
2026-03-24,2026-03-24 09:00:00,2026-03-24 17:30:00,Griffin Club Los Angeles,Griffin Club Los Angeles,110,,Prep Cook 2
2026-03-24,2026-03-24 09:00:00,2026-03-24 14:00:00,New West Charter School,New West Charter School - ARMACOST Location,115,,Server 2
2026-03-24,2026-03-24 09:00:00,2026-03-24 17:30:00,"Platinum Equity, LLC",Platinum Equity LLC,105,,Dishwasher
2026-03-24,2026-03-24 09:00:00,2026-03-24 15:00:00,The Vered,The Vered,102,TB and LIVE Scan Required - Ongoing Shift - Do not publish,Cook 2
2026-03-24,2026-03-24 09:30:00,2026-03-24 14:00:00,Olive Grove Cafe,Olive Grove Cafe,101,with Food Runner Duties,Cashier
2026-03-24,2026-03-24 10:00:00,2026-03-24 18:30:00,Childrens Hospital Los Angeles,Childrens Hospital Los Angeles,105,,Dishwasher
2026-03-24,2026-03-24 10:00:00,2026-03-24 18:30:00,Four Seasons Hotel Westlake Village,Four Seasons Hotel Westlake Village ,102,pastry experience preferred,Cook 2
2026-03-24,2026-03-24 10:00:00,2026-03-24 15:30:00,Google Spruce Goose Offices,Google Spruce Goose - Cafe,104,Dishwasher,General
2026-03-24,2026-03-24 10:00:00,2026-03-24 18:30:00,Griffin Club Los Angeles,Griffin Club Los Angeles,102,,Cook 2
2026-03-24,2026-03-24 10:00:00,2026-03-24 15:00:00,Universal Music Group,Universal Music Group,105,,Dishwasher
2026-03-24,2026-03-24 10:00:00,2026-03-24 18:30:00,USC Verdugo Hills Hospital,USC Verdugo Hills Hospital,102,,Cook 2
2026-03-24,2026-03-24 11:00:00,2026-03-24 19:30:00,Crescent Heights Ten Thousand,Crescent Heights Ten Thousand - Butler Department,115,Butler/Porter,Server 2
2026-03-24,2026-03-24 11:00:00,2026-03-24 15:30:00,Guckenheimer Cafe at Red Bull,Guckenheimer Cafe at Red Bull - Back of House,105,,Dishwasher
2026-03-24,2026-03-24 11:00:00,2026-03-24 19:30:00,PIH Health - Whittier Hospital,PIH Health - Whittier Hospital,102,,Cook 2
2026-03-24,2026-03-24 11:00:00,2026-03-24 19:30:00,University Village Thousand Oaks,University Village Thousand Oaks ,102,,Cook 2
2026-03-24,2026-03-24 12:00:00,2026-03-24 20:30:00,Cedars Sinai Medical Center,Cedars Sinai - Plaza & Cafe,102,Grill Cook,Cook 2
2026-03-24,2026-03-24 12:00:00,2026-03-24 20:30:00,Childrens Hospital Los Angeles,Childrens Hospital Los Angeles,104,Food Service Worker,General
2026-03-24,2026-03-24 12:00:00,2026-03-24 20:30:00,Griffin Club Los Angeles,Griffin Club Los Angeles,102,,Cook 2
2026-03-24,2026-03-24 12:00:00,2026-03-24 20:30:00,PIH Health - Whittier Hospital,PIH Health - Whittier Hospital,110,,Prep Cook 2
2026-03-24,2026-03-24 12:00:00,2026-03-24 20:30:00,SBLP Warner Center OPCO LLC - The Variel,The Variel of Woodland Hills,102,,Cook 2
2026-03-24,2026-03-24 12:00:00,2026-03-24 20:30:00,VEA Hotel - Newport Beach,VEA Hotel - Newport Beach | Cooks,102,,Cook 2
2026-03-24,2026-03-24 12:00:00,2026-03-24 20:00:00,Viceroy Santa Monica Hotel,Viceroy Santa Monica Hotel,105,Steward,Dishwasher
2026-03-24,2026-03-24 12:30:00,2026-03-24 21:00:00,Athenaeum Club,Athenaeum Kitchen,102,,Cook 2
2026-03-24,2026-03-24 13:00:00,2026-03-24 21:00:00,Apricot Lane Farms,@ Apricot Lane Farms,102,Prep and Grill experience required. ,Cook 2
2026-03-24,2026-03-24 13:00:00,2026-03-24 14:00:00,Apricot Lane Farms,@ Apricot Lane Farms,300,,Travel
2026-03-24,2026-03-24 13:00:00,2026-03-24 21:30:00,Griffin Club Los Angeles,Griffin Club Los Angeles,105,,Dishwasher
2026-03-24,2026-03-24 14:00:00,2026-03-24 22:00:00,Commerce Casino,Commerce Casino - High Limit Kitchen | FOH | MON - TH,101,with limited runner duties,Cashier
2026-03-24,2026-03-24 14:00:00,2026-03-24 22:30:00,Martin Luther King Jr Hospital,Martin Luther King Jr. Hospital | BOH,102,,Cook 2
2026-03-24,2026-03-24 14:00:00,2026-03-24 22:30:00,SBLP Warner Center OPCO LLC - The Variel,The Variel of Woodland Hills,105,,Dishwasher
2026-03-24,2026-03-24 15:00:00,2026-03-25 00:00:00,Riviera Resort & Spa,Riviera Resort & Spa,102,,Cook 2
2026-03-24,2026-03-24 15:30:00,2026-03-24 22:30:00,Malibu Beach Inn,Malibu Beach Inn - BOH,105,,Dishwasher
2026-03-24,2026-03-24 15:30:00,2026-03-24 21:30:00,Riviera Country Club,Riviera Country Club - Kitchen,105,,Dishwasher
2026-03-24,2026-03-24 16:00:00,2026-03-24 23:00:00,Canyon Palm Springs Hotel dba Thompson Palm Springs,Thompson Palm Springs |  FOH,99,,Busser
2026-03-24,2026-03-24 16:00:00,2026-03-24 22:00:00,Viceroy Santa Monica Hotel,Viceroy Santa Monica Hotel,264,,Event Supervisor
2026-03-24,2026-03-24 17:00:00,2026-03-25 01:30:00,Pepperdine University,Pepperdine University - HAWC Cafe & Store,102,,Cook 2
2026-03-24,2026-03-24 17:30:00,2026-03-24 22:30:00,Wolfgang Puck Catering,Wolfgang Puck Catering - Temple | AIP,105,,Dishwasher
2026-03-24,2026-03-24 18:00:00,2026-03-24 22:00:00,Athenaeum Club,Athenaeum Housekeeping,104,"maintain and supply our public/BOH restrooms, launder and fold linens/terry ",General
2026-03-24,2026-03-24 18:00:00,2026-03-24 23:00:00,Blue Devils Lessee LLC | Hyatt Centric Delfina Santa Monica,Hyatt Centric Delfina Santa Monica,105,URGENT,Dishwasher
2026-03-24,2026-03-24 18:00:00,2026-03-24 23:30:00,Crescent Heights Ten Thousand,Crescent Heights Ten Thousand - Butler Department,115,Butler/Porter,Server 2
2026-03-24,2026-03-24 22:00:00,2026-03-25 06:30:00,Commerce Casino,Commerce Casino - Employee Dining Room,102,Overnight Shift,Cook 2
2026-03-24,2026-03-24 22:00:00,2026-03-25 06:00:00,Commerce Casino,Commerce Casino - High Limit Kitchen | FOH | MON - TH,101,with Runner duties | overnight shift,Cashier
2026-03-25,2026-03-25 02:00:00,2026-03-25 10:00:00,Commerce Casino,Commerce Casino - High Limit Kitchen | FOH | MON - TH,101,with Limited runner duties | Overnight shift,Cashier
2026-03-25,2026-03-25 05:00:00,2026-03-25 13:30:00,Google Spruce Goose Offices,Google Spruce Goose - Catering Operations,102,,Cook 2
2026-03-25,2026-03-25 05:00:00,2026-03-25 13:30:00,People Assisting the Homeless,People Assisting the Homeless - YWCA,110,,Prep Cook 2
2026-03-25,2026-03-25 05:00:00,2026-03-25 13:30:00,People Assisting the Homeless,People Assisting the Homeless - YWCA,110,,Prep Cook 2
2026-03-25,2026-03-25 05:00:00,2026-03-25 13:30:00,PIH Health - Good Samaritan Hospital,PIH Health - Good Samaritan Hospital,290,,Cook 3
2026-03-25,2026-03-25 05:00:00,2026-03-25 13:30:00,PIH Health - Whittier Hospital,PIH Health - Whittier Hospital,102,,Cook 2
2026-03-25,2026-03-25 05:00:00,2026-03-25 13:30:00,PIH Health - Whittier Hospital,PIH Health - Whittier Hospital,110,,Prep Cook 2
2026-03-25,2026-03-25 05:30:00,2026-03-25 11:00:00,Empowered 4 Life Foundation,@ Empowered 4 Life Foundation,110,,Prep Cook 2
2026-03-25,2026-03-25 05:30:00,2026-03-25 14:30:00,"Fox Studio Lot, LLC",Fox Studio - Moe's Cafe BoH,102,,Cook 2
2026-03-25,2026-03-25 05:30:00,2026-03-25 15:00:00,"Fox Studio Lot, LLC",Fox Studio - Moe's Cafe BoH,102,,Cook 2
2026-03-25,2026-03-25 05:30:00,2026-03-25 14:00:00,Olive Grove Cafe,Kirkland and Ellis,102,,Cook 2
2026-03-25,2026-03-25 06:00:00,2026-03-25 13:30:00,Beverly Hills Unified School District,BHUSD - Beverly Hills High School,102,,Cook 2
2026-03-25,2026-03-25 06:00:00,2026-03-25 14:00:00,Beverly Hills Unified School District,BHUSD - Beverly Hills High School,104,,General
2026-03-25,2026-03-25 06:00:00,2026-03-25 13:30:00,Beverly Hills Unified School District,BHUSD - Beverly Hills High School,104,,General
2026-03-25,2026-03-25 06:00:00,2026-03-25 13:30:00,Beverly Hills Unified School District,BHUSD - Beverly Hills High School,110,,Prep Cook 2
2026-03-25,2026-03-25 06:00:00,2026-03-25 14:30:00,Capital Group - Irvine,Capital Group - Irvine | BOH,102,,Cook 2
2026-03-25,2026-03-25 06:00:00,2026-03-25 14:30:00,Capital Group - Irvine,Capital Group - Irvine | FOH,101,,Cashier
2026-03-25,2026-03-25 06:00:00,2026-03-25 14:00:00,Commerce Casino,Commerce Casino - High Limit Kitchen | FOH | MON - TH,101,with runner duties,Cashier
2026-03-25,2026-03-25 06:00:00,2026-03-25 14:30:00,Disney Studios,Disney Studios | GC3 Cafe Glendale,102,Line Cook - Sushi Experience Preferred,Cook 2
2026-03-25,2026-03-25 06:00:00,2026-03-25 14:30:00,Edwards Lifesciences,Edwards Lifesciences FOH Bldg. C,97,,Barista 2
2026-03-25,2026-03-25 06:00:00,2026-03-25 14:30:00,Edwards Lifesciences,Edwards Lifesciences FOH Bldg. C,101,,Cashier
2026-03-25,2026-03-25 06:00:00,2026-03-25 14:30:00,Edwards Lifesciences,Edwards Lifesciences FOH Bldg. C,101,,Cashier
2026-03-25,2026-03-25 06:00:00,2026-03-25 15:00:00,"Fox Studio Lot, LLC",Fox Studio - News Cafe BoH,102,,Cook 2
2026-03-25,2026-03-25 06:00:00,2026-03-25 14:30:00,"Fox Studio Lot, LLC",Fox Studio - Commissary,102,,Cook 2
2026-03-25,2026-03-25 06:00:00,2026-03-25 14:30:00,Martin Luther King Jr Hospital,Martin Luther King Jr. Hospital | BOH,102,,Cook 2
2026-03-25,2026-03-25 06:00:00,2026-03-25 14:30:00,Park Place Plaza,Park Place Plaza,110,,Prep Cook 2
2026-03-25,2026-03-25 06:00:00,2026-03-25 14:30:00,VEA Hotel - Newport Beach,VEA Hotel - Newport Beach | Cooks,102,,Cook 2
2026-03-25,2026-03-25 06:15:00,2026-03-25 14:45:00,Disney Studios,Disney Studios | Big D Cafe Glendale,102,Exhibition Station,Cook 2
2026-03-25,2026-03-25 06:30:00,2026-03-25 14:30:00,Amgen Thousand Oaks,Amgen Thousand Oaks - Bistro Cafe,102,,Cook 2
2026-03-25,2026-03-25 06:30:00,2026-03-25 15:00:00,Beverly Hills Hotel,Beverly Hills Hotel - Main Kitchen,102,,Cook 2
2026-03-25,2026-03-25 06:30:00,2026-03-25 15:00:00,California Endowment ,California Endowment,102,,Cook 2
2026-03-25,2026-03-25 06:30:00,2026-03-25 14:30:00,Disney Studios,Disney Studios | Rotunda Restaurant,99,,Busser
2026-03-25,2026-03-25 06:30:00,2026-03-25 16:00:00,Google Spruce Goose Offices,Google Spruce Goose - Catering Operations,317,Miguel Sanchez ,Captain
2026-03-25,2026-03-25 06:30:00,2026-03-25 15:00:00,Park Place Plaza,Park Place Plaza,115,with Barista Duties,Server 2
2026-03-25,2026-03-25 06:30:00,2026-03-25 14:30:00,"Super Eco CA, LLC","@Super Eco CA, LLC | Off Site Events |",115,,Server 2
2026-03-25,2026-03-25 07:00:00,2026-03-25 14:00:00,Beverly Hills Unified School District,BHUSD - Horace Mann Elementary School,104,,General
2026-03-25,2026-03-25 07:00:00,2026-03-25 13:30:00,Beverly Hills Unified School District,BHUSD - Beverly Hills High School,105,,Dishwasher
2026-03-25,2026-03-25 07:00:00,2026-03-25 14:00:00,Beverly Hills Unified School District,BHUSD- El Rodeo Elementary,104,,General
2026-03-25,2026-03-25 07:00:00,2026-03-25 14:00:00,Beverly Hills Unified School District,BHUSD - Beverly Hills High School,104,,General
2026-03-25,2026-03-25 07:00:00,2026-03-25 12:00:00,Beverly Hills Unified School District,BHUSD- El Rodeo Elementary,104,,General
2026-03-25,2026-03-25 07:00:00,2026-03-25 15:00:00,"Fox Studio Lot, LLC",Fox Studio - Moe's Cafe BoH,102,Sandwich Station,Cook 2
2026-03-25,2026-03-25 07:00:00,2026-03-25 15:00:00,"Fox Studio Lot, LLC",Fox Studio - Moe's Cafe BoH,102,,Cook 2
2026-03-25,2026-03-25 07:00:00,2026-03-25 14:30:00,Guckenheimer Cafe at Red Bull,Guckenheimer Cafe at Red Bull - Front of House,97,,Barista 2
2026-03-25,2026-03-25 07:00:00,2026-03-25 15:30:00,Martin Luther King Jr Hospital,Martin Luther King Jr. Hospital | BOH,102,,Cook 2
2026-03-25,2026-03-25 07:00:00,2026-03-25 15:00:00,NBC Universal,NBC Universal Studios | The Market Place,102,,Cook 2
2026-03-25,2026-03-25 07:00:00,2026-03-25 15:30:00,NBC Universal,NBC Universal Studios | The Market Place,102,,Cook 2
2026-03-25,2026-03-25 07:00:00,2026-03-25 15:30:00,PIH Health - Good Samaritan Hospital,PIH Health - Good Samaritan Hospital,105,Potwasher,Dishwasher
2026-03-25,2026-03-25 07:00:00,2026-03-25 15:30:00,"Platinum Equity, LLC",Platinum Equity LLC,102,,Cook 2
2026-03-25,2026-03-25 07:00:00,2026-03-25 15:30:00,RAND Corporation,RAND Corporation,102,,Cook 2
2026-03-25,2026-03-25 07:00:00,2026-03-25 15:30:00,The Meadowglade LLC,The Meadowglade,102,On going/ read description,Cook 2
2026-03-25,2026-03-25 07:00:00,2026-03-25 14:30:00,Union Station Homeless Services,Union Station Homeless Services - Adult Center,102,,Cook 2
2026-03-25,2026-03-25 07:00:00,2026-03-25 15:30:00,Union Station Homeless Services,Union Station Homeless Services - Adult Center,102,,Cook 2
2026-03-25,2026-03-25 07:00:00,2026-03-25 15:00:00,Warner Brothers,Warner Brothers,105,Please wear black pants and proper kitchen shoes. We'll provide kitchen coat and apron. ,Dishwasher
2026-03-25,2026-03-25 07:30:00,2026-03-25 15:30:00,Amgen Thousand Oaks,Amgen Thousand Oaks - Bistro Cafe,105,,Dishwasher
2026-03-25,2026-03-25 07:30:00,2026-03-25 15:30:00,The Getty Villa,The Getty Villa BOH,102,,Cook 2
2026-03-25,2026-03-25 08:00:00,2026-03-25 13:30:00,Beverly Hills Unified School District,BHUSD - Beverly Vista Middle School,104,,General
2026-03-25,2026-03-25 08:00:00,2026-03-25 16:30:00,Crescent Heights Ten Thousand,Crescent Heights Ten Thousand - Butler Department,115,Butler/Porter,Server 2
2026-03-25,2026-03-25 08:00:00,2026-03-25 16:30:00,"Fox Studio Lot, LLC",Fox Studio - Moe's Cafe BoH,105,,Dishwasher
2026-03-25,2026-03-25 08:00:00,2026-03-25 16:30:00,Griffin Club Los Angeles,Griffin Club Los Angeles,110,,Prep Cook 2
2026-03-25,2026-03-25 08:00:00,2026-03-25 14:30:00,Malibu Beach Inn,Malibu Beach Inn - BOH,105,,Dishwasher
2026-03-25,2026-03-25 08:00:00,2026-03-25 16:00:00,NBC Universal,NBC Universal Studios | The Market Place,102,,Cook 2
2026-03-25,2026-03-25 08:00:00,2026-03-25 16:30:00,"Platinum Equity, LLC",Platinum Equity LLC,102,,Cook 2
2026-03-25,2026-03-25 08:00:00,2026-03-25 16:00:00,SBLP Warner Center OPCO LLC - The Variel,The Variel of Woodland Hills,105,,Dishwasher
2026-03-25,2026-03-25 08:30:00,2026-03-25 17:00:00,"Platinum Equity, LLC",Platinum Equity LLC,102,,Cook 2
2026-03-25,2026-03-25 09:00:00,2026-03-25 15:00:00,Ebell of Los Angeles,Ebell of Los Angeles - Back of House,102,,Cook 2
2026-03-25,2026-03-25 09:00:00,2026-03-25 17:00:00,Malibu Beach Inn,Malibu Beach Inn - BOH,107,Housekeeping,Houseperson
2026-03-25,2026-03-25 09:00:00,2026-03-25 17:30:00,"Platinum Equity, LLC",Platinum Equity LLC,105,,Dishwasher
2026-03-25,2026-03-25 09:00:00,2026-03-25 15:00:00,The Vered,The Vered,102,TB and LIVE Scan Required - Ongoing Shift - Do not publish,Cook 2
2026-03-25,2026-03-25 09:30:00,2026-03-25 14:00:00,Olive Grove Cafe,Olive Grove Cafe,101,with Food Runner Duties,Cashier
2026-03-25,2026-03-25 10:00:00,2026-03-25 18:30:00,Four Seasons Hotel Westlake Village,Four Seasons Hotel Westlake Village ,102,pastry experience preferred,Cook 2
2026-03-25,2026-03-25 10:00:00,2026-03-25 18:30:00,Griffin Club Los Angeles,Griffin Club Los Angeles,102,,Cook 2
2026-03-25,2026-03-25 10:00:00,2026-03-25 15:00:00,Universal Music Group,Universal Music Group,105,,Dishwasher
2026-03-25,2026-03-25 10:30:00,2026-03-25 15:00:00,Sand Hill Kitchen,Sand Hill Kitchen | Quad Conference Center,285,,Server 1
2026-03-25,2026-03-25 11:00:00,2026-03-25 16:00:00,"Fox Studio Lot, LLC",Fox Studio - Moe's Cafe FoH,99,Report to Bluestone,Busser
2026-03-25,2026-03-25 11:00:00,2026-03-25 18:30:00,Guckenheimer Cafe at Red Bull,Guckenheimer Cafe at Red Bull - Back of House,105,,Dishwasher
2026-03-25,2026-03-25 11:00:00,2026-03-25 19:30:00,PIH Health - Whittier Hospital,PIH Health - Whittier Hospital,102,,Cook 2
2026-03-25,2026-03-25 11:00:00,2026-03-25 19:30:00,University Village Thousand Oaks,University Village Thousand Oaks ,102,,Cook 2
2026-03-25,2026-03-25 12:00:00,2026-03-25 20:00:00,Academy Museum of Motion Pictures,Academy Museum of Motion Pictures - Fanny's Restaurant,105,,Dishwasher
2026-03-25,2026-03-25 12:00:00,2026-03-25 20:30:00,Cedars Sinai Medical Center,Cedars Sinai - Plaza & Cafe,102,Grill Cook,Cook 2
2026-03-25,2026-03-25 12:00:00,2026-03-25 20:30:00,Childrens Hospital Los Angeles,Childrens Hospital Los Angeles,104,Food Service Worker,General
2026-03-25,2026-03-25 12:00:00,2026-03-25 20:30:00,PIH Health - Whittier Hospital,PIH Health - Whittier Hospital,110,,Prep Cook 2
2026-03-25,2026-03-25 12:00:00,2026-03-25 20:30:00,SBLP Warner Center OPCO LLC - The Variel,The Variel of Woodland Hills,102,,Cook 2
2026-03-25,2026-03-25 12:00:00,2026-03-25 20:30:00,USC Verdugo Hills Hospital,USC Verdugo Hills Hospital,102,,Cook 2
2026-03-25,2026-03-25 12:00:00,2026-03-25 20:30:00,VEA Hotel - Newport Beach,VEA Hotel - Newport Beach | Cooks,102,,Cook 2
2026-03-25,2026-03-25 12:30:00,2026-03-25 21:00:00,Athenaeum Club,Athenaeum Kitchen,102,,Cook 2
2026-03-25,2026-03-25 12:30:00,2026-03-25 21:00:00,Griffin Club Los Angeles,Griffin Club Los Angeles,102,,Cook 2
2026-03-25,2026-03-25 12:30:00,2026-03-25 21:00:00,Henry Mayo Newhall Hospital,Henry Mayo Newhall Hospital,102,Must have TB and Background,Cook 2
2026-03-25,2026-03-25 12:30:00,2026-03-25 19:00:00,Hugh Groman Group,Hugh Groman Group - OFFSITE,115,,Server 2
2026-03-25,2026-03-25 12:30:00,2026-03-25 19:00:00,Hugh Groman Group,Hugh Groman Group - OFFSITE,98,,Bartender 2
2026-03-25,2026-03-25 13:00:00,2026-03-25 21:30:00,Griffin Club Los Angeles,Griffin Club Los Angeles,105,,Dishwasher
2026-03-25,2026-03-25 14:00:00,2026-03-25 22:00:00,Commerce Casino,Commerce Casino - High Limit Kitchen | FOH | MON - TH,101,with limited runner duties,Cashier
2026-03-25,2026-03-25 14:00:00,2026-03-25 22:30:00,Martin Luther King Jr Hospital,Martin Luther King Jr. Hospital | BOH,102,,Cook 2
2026-03-25,2026-03-25 14:00:00,2026-03-25 22:30:00,Martin Luther King Jr Hospital,Martin Luther King Jr. Hospital | BOH,102,,Cook 2
2026-03-25,2026-03-25 14:00:00,2026-03-25 22:30:00,SBLP Warner Center OPCO LLC - The Variel,The Variel of Woodland Hills,105,,Dishwasher
2026-03-25,2026-03-25 14:30:00,2026-03-25 19:30:00,Hugh Groman Group,Hugh Groman Group - OFFSITE,98,,Bartender 2
2026-03-25,2026-03-25 14:30:00,2026-03-25 23:00:00,VH Property Corp. dba Trump National Golf Club Los Angeles,Trump National Golf Course Los Angeles | BOH,102,,Cook 2
2026-03-25,2026-03-25 15:30:00,2026-03-25 22:30:00,Malibu Beach Inn,Malibu Beach Inn - BOH,105,,Dishwasher
2026-03-25,2026-03-25 16:00:00,2026-03-25 23:00:00,Canyon Palm Springs Hotel dba Thompson Palm Springs,Thompson Palm Springs |  FOH,99,,Busser
2026-03-25,2026-03-25 16:00:00,2026-03-25 20:15:00,Villa Portofino,Villa Portofino,115,,Server 2
2026-03-25,2026-03-25 16:30:00,2026-03-25 23:00:00,Crescent Heights Ten Thousand,Crescent Heights Ten Thousand - Bartending,98,,Bartender 2
2026-03-25,2026-03-25 16:30:00,2026-03-25 22:00:00,Griffin Club Los Angeles,Griffin Club Los Angeles,105,,Dishwasher
2026-03-25,2026-03-25 17:00:00,2026-03-26 01:30:00,Pepperdine University,Pepperdine University - HAWC Cafe & Store,102,,Cook 2
2026-03-25,2026-03-25 22:00:00,2026-03-26 06:00:00,Commerce Casino,Commerce Casino - High Limit Kitchen | FOH | MON - TH,101,with Runner duties | overnight shift,Cashier
2026-03-25,2026-03-25 22:00:00,2026-03-26 06:30:00,Commerce Casino,Commerce Casino - Employee Dining Room,102,Overnight Shift,Cook 2
2026-03-26,2026-03-26 02:00:00,2026-03-26 10:00:00,Commerce Casino,Commerce Casino - High Limit Kitchen | FOH | MON - TH,101,with Limited runner duties | Overnight shift,Cashier
2026-03-26,2026-03-26 05:00:00,2026-03-26 13:30:00,Google Spruce Goose Offices,Google Spruce Goose - Catering Operations,102,,Cook 2
2026-03-26,2026-03-26 05:00:00,2026-03-26 13:30:00,People Assisting the Homeless,People Assisting the Homeless - YWCA,110,,Prep Cook 2
2026-03-26,2026-03-26 05:00:00,2026-03-26 13:30:00,People Assisting the Homeless,People Assisting the Homeless - YWCA,110,,Prep Cook 2
2026-03-26,2026-03-26 05:00:00,2026-03-26 13:30:00,PIH Health - Good Samaritan Hospital,PIH Health - Good Samaritan Hospital,290,,Cook 3
2026-03-26,2026-03-26 05:00:00,2026-03-26 13:30:00,PIH Health - Whittier Hospital,PIH Health - Whittier Hospital,102,,Cook 2
2026-03-26,2026-03-26 05:00:00,2026-03-26 13:30:00,PIH Health - Whittier Hospital,PIH Health - Whittier Hospital,110,,Prep Cook 2
2026-03-26,2026-03-26 05:30:00,2026-03-26 11:00:00,Empowered 4 Life Foundation,@ Empowered 4 Life Foundation,110,,Prep Cook 2
2026-03-26,2026-03-26 05:30:00,2026-03-26 14:30:00,"Fox Studio Lot, LLC",Fox Studio - Moe's Cafe BoH,102,,Cook 2
2026-03-26,2026-03-26 05:30:00,2026-03-26 14:00:00,Olive Grove Cafe,Kirkland and Ellis,102,,Cook 2
2026-03-26,2026-03-26 06:00:00,2026-03-26 13:30:00,Beverly Hills Unified School District,BHUSD - Beverly Hills High School,104,,General
2026-03-26,2026-03-26 06:00:00,2026-03-26 14:00:00,Beverly Hills Unified School District,BHUSD - Beverly Hills High School,104,,General
2026-03-26,2026-03-26 06:00:00,2026-03-26 13:30:00,Beverly Hills Unified School District,BHUSD - Beverly Hills High School,102,,Cook 2
2026-03-26,2026-03-26 06:00:00,2026-03-26 13:30:00,Beverly Hills Unified School District,BHUSD - Beverly Hills High School,110,,Prep Cook 2
2026-03-26,2026-03-26 06:00:00,2026-03-26 14:30:00,Capital Group - Irvine,Capital Group - Irvine | FOH,101,,Cashier
2026-03-26,2026-03-26 06:00:00,2026-03-26 14:30:00,Capital Group - Irvine,Capital Group - Irvine | BOH,102,,Cook 2
2026-03-26,2026-03-26 06:00:00,2026-03-26 14:30:00,City National Bank,City National Bank - Blue Ladder Cafe,102,,Cook 2
2026-03-26,2026-03-26 06:00:00,2026-03-26 14:00:00,Commerce Casino,Commerce Casino - Employee Dining Room,115,FOH EDR Attend,Server 2
2026-03-26,2026-03-26 06:00:00,2026-03-26 14:00:00,Commerce Casino,Commerce Casino - High Limit Kitchen | FOH | MON - TH,101,with runner duties,Cashier
2026-03-26,2026-03-26 06:00:00,2026-03-26 14:30:00,Disney Studios,Disney Studios | GC3 Cafe Glendale,102,Line Cook - Sushi Experience Preferred,Cook 2
2026-03-26,2026-03-26 06:00:00,2026-03-26 14:30:00,Edwards Lifesciences,Edwards Lifesciences FOH Bldg. C,101,,Cashier
2026-03-26,2026-03-26 06:00:00,2026-03-26 14:30:00,Edwards Lifesciences,Edwards Lifesciences FOH Bldg. C,101,,Cashier
2026-03-26,2026-03-26 06:00:00,2026-03-26 14:30:00,Edwards Lifesciences,Edwards Lifesciences FOH Bldg. C,101,,Cashier
2026-03-26,2026-03-26 06:00:00,2026-03-26 15:00:00,"Fox Studio Lot, LLC",Fox Studio - News Cafe BoH,102,,Cook 2
2026-03-26,2026-03-26 06:00:00,2026-03-26 14:30:00,"Fox Studio Lot, LLC",Fox Studio - Commissary,102,,Cook 2
2026-03-26,2026-03-26 06:00:00,2026-03-26 14:30:00,Martin Luther King Jr Hospital,Martin Luther King Jr. Hospital | BOH,102,,Cook 2
2026-03-26,2026-03-26 06:00:00,2026-03-26 14:30:00,Park Place Plaza,Park Place Plaza,110,,Prep Cook 2
2026-03-26,2026-03-26 06:00:00,2026-03-26 14:30:00,VEA Hotel - Newport Beach,VEA Hotel - Newport Beach | Cooks,102,,Cook 2
2026-03-26,2026-03-26 06:15:00,2026-03-26 14:45:00,Disney Studios,Disney Studios | Big D Cafe Glendale,102,Exhibition Station,Cook 2
2026-03-26,2026-03-26 06:30:00,2026-03-26 14:30:00,Amgen Thousand Oaks,Amgen Thousand Oaks - Bistro Cafe,102,,Cook 2
2026-03-26,2026-03-26 06:30:00,2026-03-26 15:00:00,Beverly Hills Hotel,Beverly Hills Hotel - Main Kitchen,102,,Cook 2
2026-03-26,2026-03-26 06:30:00,2026-03-26 16:00:00,"Fox Studio Lot, LLC",Fox Studio - Moe's Cafe FoH,99,,Busser
2026-03-26,2026-03-26 06:30:00,2026-03-26 15:00:00,Park Place Plaza,Park Place Plaza,115,with Barista Duties,Server 2
2026-03-26,2026-03-26 07:00:00,2026-03-26 13:30:00,Beverly Hills Unified School District,BHUSD- El Rodeo Elementary,104,,General
2026-03-26,2026-03-26 07:00:00,2026-03-26 14:00:00,Beverly Hills Unified School District,BHUSD - Beverly Hills High School,105,,Dishwasher
2026-03-26,2026-03-26 07:00:00,2026-03-26 14:00:00,Beverly Hills Unified School District,BHUSD - Horace Mann Elementary School,104,,General
2026-03-26,2026-03-26 07:00:00,2026-03-26 15:00:00,Camp Ronald McDonald,Camp Ronald McDonald,105,,Dishwasher
2026-03-26,2026-03-26 07:00:00,2026-03-26 15:30:00,Cedars Sinai Medical Center,Cedars Sinai - Plaza & Cafe,102,Grill Cook,Cook 2
2026-03-26,2026-03-26 07:00:00,2026-03-26 15:30:00,Google Spruce Goose Offices,Google Spruce Goose - Catering Operations,317,Miguel Sanchez ,Captain
2026-03-26,2026-03-26 07:00:00,2026-03-26 14:30:00,Guckenheimer Cafe at Red Bull,Guckenheimer Cafe at Red Bull - Front of House,97,,Barista 2
2026-03-26,2026-03-26 07:00:00,2026-03-26 15:30:00,Martin Luther King Jr Hospital,Martin Luther King Jr. Hospital | BOH,102,,Cook 2
2026-03-26,2026-03-26 07:00:00,2026-03-26 15:30:00,NBC Universal,NBC Universal Studios | The Market Place,102,,Cook 2
2026-03-26,2026-03-26 07:00:00,2026-03-26 15:30:00,PIH Health - Good Samaritan Hospital,PIH Health - Good Samaritan Hospital,104,Utility,General
2026-03-26,2026-03-26 07:00:00,2026-03-26 15:30:00,PIH Health - Good Samaritan Hospital,PIH Health - Good Samaritan Hospital,105,,Dishwasher
2026-03-26,2026-03-26 07:00:00,2026-03-26 15:30:00,PIH Health - Good Samaritan Hospital,PIH Health - Good Samaritan Hospital,105,Potwasher,Dishwasher
2026-03-26,2026-03-26 07:00:00,2026-03-26 15:30:00,"Platinum Equity, LLC",Platinum Equity LLC,102,,Cook 2
2026-03-26,2026-03-26 07:00:00,2026-03-26 15:30:00,RAND Corporation,RAND Corporation,102,,Cook 2
2026-03-26,2026-03-26 07:00:00,2026-03-26 15:30:00,SBLP Warner Center OPCO LLC - The Variel,The Variel of Woodland Hills,105,,Dishwasher
2026-03-26,2026-03-26 07:00:00,2026-03-26 15:30:00,The Meadowglade LLC,The Meadowglade,102,On going/ read description,Cook 2
2026-03-26,2026-03-26 07:00:00,2026-03-26 15:30:00,Union Station Homeless Services,Union Station Homeless Services - Adult Center,102,,Cook 2
2026-03-26,2026-03-26 07:00:00,2026-03-26 14:30:00,Union Station Homeless Services,Union Station Homeless Services - Adult Center,102,,Cook 2
2026-03-26,2026-03-26 07:00:00,2026-03-26 15:30:00,Warner Brothers,Warner Brothers,105,,Dishwasher
2026-03-26,2026-03-26 07:30:00,2026-03-26 15:30:00,Amgen Thousand Oaks,Amgen Thousand Oaks - Bistro Cafe,105,,Dishwasher
2026-03-26,2026-03-26 07:30:00,2026-03-26 15:30:00,Edwards Lifesciences,Edwards Lifesciences FOH Bldg. C,97,,Barista 2
2026-03-26,2026-03-26 08:00:00,2026-03-26 13:30:00,Beverly Hills Unified School District,BHUSD - Beverly Vista Middle School,104,,General
2026-03-26,2026-03-26 08:00:00,2026-03-26 16:30:00,Crescent Heights Ten Thousand,Crescent Heights Ten Thousand - Butler Department,115,Butler/Porter,Server 2
2026-03-26,2026-03-26 08:00:00,2026-03-26 13:00:00,Ebell of Los Angeles,Ebell of Los Angeles - Back of House,102,,Cook 2
2026-03-26,2026-03-26 08:00:00,2026-03-26 15:00:00,"Fox Studio Lot, LLC",Fox Studio - Moe's Cafe BoH,102,,Cook 2
2026-03-26,2026-03-26 08:00:00,2026-03-26 16:30:00,"Fox Studio Lot, LLC",Fox Studio - Moe's Cafe BoH,105,,Dishwasher
2026-03-26,2026-03-26 08:00:00,2026-03-26 14:30:00,Malibu Beach Inn,Malibu Beach Inn - BOH,105,,Dishwasher
2026-03-26,2026-03-26 08:00:00,2026-03-26 16:00:00,NBC Universal,NBC Universal Studios | The Market Place,102,,Cook 2
2026-03-26,2026-03-26 08:00:00,2026-03-26 13:00:00,New West Charter School,New West Charter School - W. PICO Location,115,,Server 2
2026-03-26,2026-03-26 08:00:00,2026-03-26 16:30:00,"Platinum Equity, LLC",Platinum Equity LLC,102,,Cook 2
2026-03-26,2026-03-26 08:00:00,2026-03-26 16:30:00,SBLP Warner Center OPCO LLC - The Variel,The Variel of Woodland Hills,102,,Cook 2
2026-03-26,2026-03-26 08:00:00,2026-03-26 16:00:00,Superior Event Services,@ Superior Event Services - Offsite,105,,Dishwasher
2026-03-26,2026-03-26 08:00:00,2026-03-26 14:30:00,Wolfgang Puck Catering,Wolfgang Puck Catering - Hollywood & Highland,102,,Cook 2
2026-03-26,2026-03-26 09:00:00,2026-03-26 14:10:00,Beverly Hills Unified School District,BHUSD - Beverly Vista Middle School,104,,General
2026-03-26,2026-03-26 09:00:00,2026-03-26 17:30:00,Commerce Casino,Commerce Casino - Banquets | BOH,102,,Cook 2
2026-03-26,2026-03-26 09:00:00,2026-03-26 15:00:00,Google Spruce Goose Offices,Google Spruce Goose - Catering Operations,115,Jose Ceballos ,Server 2
2026-03-26,2026-03-26 09:00:00,2026-03-26 17:30:00,"Platinum Equity, LLC",Platinum Equity LLC,105,,Dishwasher
2026-03-26,2026-03-26 09:00:00,2026-03-26 15:00:00,The Vered,The Vered,102,TB and LIVE Scan Required - Ongoing Shift - Do not publish,Cook 2
2026-03-26,2026-03-26 09:00:00,2026-03-26 14:00:00,Universal Music Group,Universal Music Group,110,,Prep Cook 2
2026-03-26,2026-03-26 09:30:00,2026-03-26 17:30:00,Malibu Beach Inn,Malibu Beach Inn - BOH,107,Housekeeping,Houseperson
2026-03-26,2026-03-26 09:30:00,2026-03-26 14:00:00,Olive Grove Cafe,Olive Grove Cafe,101,with Food Runner Duties,Cashier
2026-03-26,2026-03-26 10:00:00,2026-03-26 18:30:00,Four Seasons Hotel Westlake Village,Four Seasons Hotel Westlake Village ,102,pastry experience preferred,Cook 2
2026-03-26,2026-03-26 10:00:00,2026-03-26 14:30:00,Google Spruce Goose Offices,Google Spruce Goose - Cafe,104,Dishwasher,General
2026-03-26,2026-03-26 10:00:00,2026-03-26 14:00:00,"Manhattan Beach Hotel TRS LLC., dba Westdrift Manhattan Beach",Manhattan Beach Hotel | Banquet,115,,Server 2
2026-03-26,2026-03-26 10:00:00,2026-03-26 14:00:00,"Manhattan Beach Hotel TRS LLC., dba Westdrift Manhattan Beach",Manhattan Beach Hotel | Banquet,115,Back Up,Server 2
2026-03-26,2026-03-26 10:00:00,2026-03-26 15:00:00,Sand Hill Kitchen,Sand Hill Kitchen | Quad Conference Center,285,,Server 1
2026-03-26,2026-03-26 10:00:00,2026-03-26 15:00:00,Universal Music Group,Universal Music Group,105,,Dishwasher
2026-03-26,2026-03-26 10:30:00,2026-03-26 15:00:00,The Pacific Club,The Pacific Club | FOH,115,,Server 2
2026-03-26,2026-03-26 11:00:00,2026-03-26 19:30:00,University Village Thousand Oaks,University Village Thousand Oaks ,102,,Cook 2
2026-03-26,2026-03-26 11:00:00,2026-03-26 19:30:00,VEA Hotel - Newport Beach,VEA Hotel - Newport Beach | Cooks,102,,Cook 2
2026-03-26,2026-03-26 12:00:00,2026-03-26 20:00:00,Academy Museum of Motion Pictures,Academy Museum of Motion Pictures - Fanny's Restaurant,105,,Dishwasher
2026-03-26,2026-03-26 12:00:00,2026-03-26 20:30:00,Cedars Sinai Medical Center,Cedars Sinai - Plaza & Cafe,102,Grill Cook,Cook 2
2026-03-26,2026-03-26 12:00:00,2026-03-26 20:30:00,PIH Health - Whittier Hospital,PIH Health - Whittier Hospital,110,,Prep Cook 2
2026-03-26,2026-03-26 12:00:00,2026-03-26 20:30:00,SBLP Warner Center OPCO LLC - The Variel,The Variel of Woodland Hills,102,,Cook 2
2026-03-26,2026-03-26 12:00:00,2026-03-26 20:30:00,USC Verdugo Hills Hospital,USC Verdugo Hills Hospital,102,,Cook 2
2026-03-26,2026-03-26 12:30:00,2026-03-26 21:00:00,Athenaeum Club,Athenaeum Kitchen,102,,Cook 2
2026-03-26,2026-03-26 12:30:00,2026-03-26 21:00:00,Henry Mayo Newhall Hospital,Henry Mayo Newhall Hospital,102,MUST BE TB TESTED AND PHYSICAL before 1st shift | ongoing ass. ,Cook 2
2026-03-26,2026-03-26 13:00:00,2026-03-26 21:30:00,Crescent Heights Ten Thousand,Crescent Heights Ten Thousand - Butler Department,115,Butler/Porter,Server 2
2026-03-26,2026-03-26 13:00:00,2026-03-26 21:30:00,Griffin Club Los Angeles,Griffin Club Los Angeles,105,,Dishwasher
2026-03-26,2026-03-26 13:00:00,2026-03-26 21:00:00,NBC Universal,NBC Universal Studios | The Market Place,102,,Cook 2
2026-03-26,2026-03-26 13:30:00,2026-03-26 22:00:00,Griffin Club Los Angeles,Griffin Club Los Angeles,102,,Cook 2
2026-03-26,2026-03-26 14:00:00,2026-03-26 22:00:00,Commerce Casino,Commerce Casino - High Limit Kitchen | FOH | MON - TH,101,with limited runner duties,Cashier
2026-03-26,2026-03-26 14:00:00,2026-03-26 22:30:00,Griffin Club Los Angeles,Griffin Club Los Angeles,105,,Dishwasher
2026-03-26,2026-03-26 14:00:00,2026-03-26 22:30:00,Martin Luther King Jr Hospital,Martin Luther King Jr. Hospital | BOH,102,,Cook 2
2026-03-26,2026-03-26 14:00:00,2026-03-26 22:30:00,SBLP Warner Center OPCO LLC - The Variel,The Variel of Woodland Hills,105,,Dishwasher
2026-03-26,2026-03-26 14:00:00,2026-03-26 22:00:00,Viceroy Santa Monica Hotel,Viceroy Santa Monica Hotel,264,,Event Supervisor
2026-03-26,2026-03-26 14:30:00,2026-03-26 23:00:00,Commerce Casino,Commerce Casino - Employee Dining Room,102,,Cook 2
2026-03-26,2026-03-26 14:30:00,2026-03-26 23:00:00,VH Property Corp. dba Trump National Golf Club Los Angeles,Trump National Golf Course Los Angeles | BOH,102,,Cook 2
2026-03-26,2026-03-26 15:00:00,2026-03-26 23:30:00,Crescent Heights Ten Thousand,Crescent Heights Ten Thousand - Butler Department,115,Butler/Porter,Server 2
2026-03-26,2026-03-26 15:30:00,2026-03-26 23:30:00,Irvine Spectrum ,Irvine Spectrum - BOH,102,,Cook 2
2026-03-26,2026-03-26 15:30:00,2026-03-26 22:30:00,Malibu Beach Inn,Malibu Beach Inn - BOH,105,,Dishwasher
2026-03-26,2026-03-26 16:00:00,2026-03-26 23:00:00,Canyon Palm Springs Hotel dba Thompson Palm Springs,Thompson Palm Springs |  FOH,99,,Busser
2026-03-26,2026-03-26 16:30:00,2026-03-26 21:30:00,Commerce Casino,Commerce Casino - Banquets | FOH,115,,Server 2
2026-03-26,2026-03-26 16:45:00,2026-03-26 23:15:00,Garibaldina Society ,Garibaldina Society,264,,Event Supervisor
2026-03-26,2026-03-26 16:45:00,2026-03-26 22:30:00,Garibaldina Society ,Garibaldina Society,102,,Cook 2
2026-03-26,2026-03-26 17:00:00,2026-03-26 22:30:00,Academy Museum of Motion Pictures,Academy Museum of Motion Pictures - Catering Kitchen,105,,Dishwasher
2026-03-26,2026-03-26 17:00:00,2026-03-27 01:00:00,Commerce Casino,Commerce Casino - High Limit Kitchen | FOH | MON - TH,98,with cashier duties,Bartender 2
2026-03-26,2026-03-26 17:00:00,2026-03-26 23:00:00,Garibaldina Society ,Garibaldina Society,115,,Server 2
2026-03-26,2026-03-26 17:00:00,2026-03-26 22:45:00,Garibaldina Society ,Garibaldina Society,99,,Busser
2026-03-26,2026-03-26 17:00:00,2026-03-26 22:30:00,Griffin Club Los Angeles,Griffin Club Los Angeles,105,,Dishwasher
2026-03-26,2026-03-26 17:00:00,2026-03-27 01:30:00,Pepperdine University,Pepperdine University - HAWC Cafe & Store,102,,Cook 2
2026-03-26,2026-03-26 17:30:00,2026-03-26 23:30:00,Garibaldina Society ,Garibaldina Society,105,,Dishwasher
2026-03-26,2026-03-26 17:30:00,2026-03-26 23:30:00,Garibaldina Society ,Garibaldina Society,96,,Barback
2026-03-26,2026-03-26 18:00:00,2026-03-27 02:00:00,Commerce Casino,Commerce Casino - High Limit Kitchen | FOH | MON - TH,101,with runner duties,Cashier
2026-03-26,2026-03-26 18:00:00,2026-03-26 23:30:00,Crescent Heights Ten Thousand,Crescent Heights Ten Thousand - Butler Department,115,Butler/Porter,Server 2
2026-03-26,2026-03-26 18:00:00,2026-03-26 22:30:00,Martin Luther King Jr Hospital,Martin Luther King Jr. Hospital | BOH,102,,Cook 2
2026-03-26,2026-03-26 18:30:00,2026-03-26 23:30:00,Garibaldina Society ,Garibaldina Society,105,,Dishwasher
2026-03-26,2026-03-26 22:00:00,2026-03-27 06:00:00,Commerce Casino,Commerce Casino - High Limit Kitchen | FOH | MON - TH,101,with Runner duties | overnight shift,Cashier
2026-03-26,2026-03-26 22:00:00,2026-03-27 06:30:00,Commerce Casino,Commerce Casino - Employee Dining Room,102,Overnight Shift,Cook 2
2026-03-27,2026-03-27 02:00:00,2026-03-27 10:00:00,Commerce Casino,Commerce Casino - High Limit Kitchen | FOH | MON - TH,101,with Limited runner duties | Overnight shift,Cashier
2026-03-27,2026-03-27 05:00:00,2026-03-27 13:30:00,Google Spruce Goose Offices,Google Spruce Goose - Catering Operations,102,,Cook 2
2026-03-27,2026-03-27 05:00:00,2026-03-27 13:30:00,People Assisting the Homeless,People Assisting the Homeless - YWCA,110,,Prep Cook 2
2026-03-27,2026-03-27 05:00:00,2026-03-27 13:30:00,People Assisting the Homeless,People Assisting the Homeless - YWCA,110,,Prep Cook 2
2026-03-27,2026-03-27 05:00:00,2026-03-27 13:30:00,PIH Health - Good Samaritan Hospital,PIH Health - Good Samaritan Hospital,290,,Cook 3
2026-03-27,2026-03-27 05:00:00,2026-03-27 13:30:00,PIH Health - Whittier Hospital,PIH Health - Whittier Hospital,102,,Cook 2
2026-03-27,2026-03-27 05:30:00,2026-03-27 11:00:00,Empowered 4 Life Foundation,@ Empowered 4 Life Foundation,110,,Prep Cook 2
2026-03-27,2026-03-27 05:30:00,2026-03-27 14:30:00,"Fox Studio Lot, LLC",Fox Studio - Moe's Cafe BoH,102,,Cook 2
2026-03-27,2026-03-27 06:00:00,2026-03-27 14:30:00,ASML/Cymer,ASML/Cymer,102,,Cook 2
2026-03-27,2026-03-27 06:00:00,2026-03-27 13:30:00,Beverly Hills Unified School District,BHUSD - Beverly Hills High School,110,,Prep Cook 2
2026-03-27,2026-03-27 06:00:00,2026-03-27 14:00:00,Beverly Hills Unified School District,BHUSD - Beverly Hills High School,104,,General
2026-03-27,2026-03-27 06:00:00,2026-03-27 14:00:00,Beverly Hills Unified School District,BHUSD - Beverly Hills High School,104,,General
2026-03-27,2026-03-27 06:00:00,2026-03-27 13:30:00,Beverly Hills Unified School District,BHUSD - Beverly Hills High School,102,,Cook 2
2026-03-27,2026-03-27 06:00:00,2026-03-27 14:30:00,City National Bank,City National Bank - Blue Ladder Cafe,105,,Dishwasher
2026-03-27,2026-03-27 06:00:00,2026-03-27 14:00:00,Commerce Casino,Commerce Casino - High Limit Kitchen | FOH | MON - TH,101,with runner duties,Cashier
2026-03-27,2026-03-27 06:00:00,2026-03-27 14:00:00,Commerce Casino,Commerce Casino - Employee Dining Room,115,FOH EDR Attend,Server 2
2026-03-27,2026-03-27 06:00:00,2026-03-27 12:00:00,Crescent Heights Ten Thousand,Crescent Heights Ten Thousand - Buffet,115,,Server 2
2026-03-27,2026-03-27 06:00:00,2026-03-27 14:30:00,Edwards Lifesciences,Edwards Lifesciences FOH Bldg. C,101,,Cashier
2026-03-27,2026-03-27 06:00:00,2026-03-27 14:30:00,Edwards Lifesciences,Edwards Lifesciences FOH Bldg. C,101,,Cashier
2026-03-27,2026-03-27 06:00:00,2026-03-27 14:30:00,Edwards Lifesciences,Edwards Lifesciences FOH Bldg. C,101,,Cashier
2026-03-27,2026-03-27 06:00:00,2026-03-27 14:30:00,"Fox Studio Lot, LLC",Fox Studio - Commissary,102,,Cook 2
2026-03-27,2026-03-27 06:00:00,2026-03-27 15:00:00,"Fox Studio Lot, LLC",Fox Studio - News Cafe BoH,102,report to Moes cafe,Cook 2
2026-03-27,2026-03-27 06:00:00,2026-03-27 14:30:00,Martin Luther King Jr Hospital,Martin Luther King Jr. Hospital | BOH,102,,Cook 2
2026-03-27,2026-03-27 06:00:00,2026-03-27 14:30:00,PIH Health - Downey Hospital,PIH Health - Downey Hospital,105,,Dishwasher
2026-03-27,2026-03-27 06:00:00,2026-03-27 12:00:00,SBLP Warner Center OPCO LLC - The Variel,The Variel of Woodland Hills,102,,Cook 2
2026-03-27,2026-03-27 06:00:00,2026-03-27 14:30:00,USC Verdugo Hills Hospital,USC Verdugo Hills Hospital,102,,Cook 2
2026-03-27,2026-03-27 06:00:00,2026-03-27 14:30:00,VEA Hotel - Newport Beach,VEA Hotel - Newport Beach | Cooks,102,,Cook 2
2026-03-27,2026-03-27 06:30:00,2026-03-27 14:30:00,Amgen Thousand Oaks,Amgen Thousand Oaks - Bistro Cafe,102,,Cook 2
2026-03-27,2026-03-27 06:30:00,2026-03-27 15:00:00,Park Place Plaza,Park Place Plaza,115,with Barista Duties,Server 2
2026-03-27,2026-03-27 07:00:00,2026-03-27 14:00:00,Beverly Hills Unified School District,BHUSD - Beverly Hills High School,105,,Dishwasher
2026-03-27,2026-03-27 07:00:00,2026-03-27 14:00:00,Beverly Hills Unified School District,BHUSD - Horace Mann Elementary School,104,,General
2026-03-27,2026-03-27 07:00:00,2026-03-27 14:00:00,Beverly Hills Unified School District,BHUSD- El Rodeo Elementary,104,,General
2026-03-27,2026-03-27 07:00:00,2026-03-27 15:00:00,Camp Ronald McDonald,Camp Ronald McDonald,105,,Dishwasher
2026-03-27,2026-03-27 07:00:00,2026-03-27 15:30:00,Cedars Sinai Medical Center,Cedars Sinai - Plaza & Cafe,102,Grill Cook,Cook 2
2026-03-27,2026-03-27 07:00:00,2026-03-27 15:30:00,Martin Luther King Jr Hospital,Martin Luther King Jr. Hospital | BOH,102,,Cook 2
2026-03-27,2026-03-27 07:00:00,2026-03-27 15:00:00,Newport Harbor Yacht Club,Newport Harbor Yacht Club | Banquets,105,Heavy Lifting - Read Description,Dishwasher
2026-03-27,2026-03-27 07:00:00,2026-03-27 15:30:00,PIH Health - Good Samaritan Hospital,PIH Health - Good Samaritan Hospital,105,,Dishwasher
2026-03-27,2026-03-27 07:00:00,2026-03-27 15:30:00,PIH Health - Good Samaritan Hospital,PIH Health - Good Samaritan Hospital,115,Catering,Server 2
2026-03-27,2026-03-27 07:00:00,2026-03-27 15:30:00,"Platinum Equity, LLC",Platinum Equity LLC,102,,Cook 2
2026-03-27,2026-03-27 07:00:00,2026-03-27 15:30:00,The Getty Center,The Getty Center - Cafe,102,,Cook 2
2026-03-27,2026-03-27 07:00:00,2026-03-27 15:30:00,The Meadowglade LLC,The Meadowglade,102,On going/ read description,Cook 2
2026-03-27,2026-03-27 07:00:00,2026-03-27 15:30:00,Union Station Homeless Services,Union Station Homeless Services - Adult Center,102,,Cook 2
2026-03-27,2026-03-27 07:00:00,2026-03-27 14:30:00,Union Station Homeless Services,Union Station Homeless Services - Adult Center,102,,Cook 2
2026-03-27,2026-03-27 07:30:00,2026-03-27 15:30:00,Amgen Thousand Oaks,Amgen Thousand Oaks - Bistro Cafe,105,,Dishwasher
2026-03-27,2026-03-27 07:30:00,2026-03-27 15:30:00,Edwards Lifesciences,Edwards Lifesciences FOH Bldg. C,97,,Barista 2
2026-03-27,2026-03-27 08:00:00,2026-03-27 13:30:00,Beverly Hills Unified School District,BHUSD - Beverly Vista Middle School,104,,General
2026-03-27,2026-03-27 08:00:00,2026-03-27 16:30:00,Crescent Heights Ten Thousand,Crescent Heights Ten Thousand - Butler Department,115,Butler/Porter,Server 2
2026-03-27,2026-03-27 08:00:00,2026-03-27 16:30:00,"Fox Studio Lot, LLC",Fox Studio - Moe's Cafe BoH,105,,Dishwasher
2026-03-27,2026-03-27 08:00:00,2026-03-27 16:00:00,Hotel Bel Air,Hotel Bel Air - Main Kitchen,110,,Prep Cook 2
2026-03-27,2026-03-27 08:00:00,2026-03-27 14:30:00,Malibu Beach Inn,Malibu Beach Inn - BOH,105,,Dishwasher
2026-03-27,2026-03-27 08:00:00,2026-03-27 16:30:00,"Platinum Equity, LLC",Platinum Equity LLC,102,,Cook 2
2026-03-27,2026-03-27 08:00:00,2026-03-27 16:00:00,SBLP Warner Center OPCO LLC - The Variel,The Variel of Woodland Hills,105,,Dishwasher
2026-03-27,2026-03-27 08:00:00,2026-03-27 16:30:00,USC Verdugo Hills Hospital,USC Verdugo Hills Hospital,104,Utility - Deep Cleaning,General
2026-03-27,2026-03-27 09:00:00,2026-03-27 17:30:00,Commerce Casino,Commerce Casino - Banquets | BOH,102,,Cook 2
2026-03-27,2026-03-27 09:00:00,2026-03-27 15:00:00,Google Spruce Goose Offices,Google Spruce Goose - Cafe,97,,Barista 2
2026-03-27,2026-03-27 09:00:00,2026-03-27 17:30:00,"Platinum Equity, LLC",Platinum Equity LLC,105,,Dishwasher
2026-03-27,2026-03-27 09:00:00,2026-03-27 15:00:00,The Vered,The Vered,102,TB and LIVE Scan Required - Ongoing Shift - Do not publish,Cook 2
2026-03-27,2026-03-27 09:30:00,2026-03-27 17:30:00,Malibu Beach Inn,Malibu Beach Inn - BOH,107,Housekeeping,Houseperson
2026-03-27,2026-03-27 09:30:00,2026-03-27 14:00:00,Olive Grove Cafe,Olive Grove Cafe,101,with Food Runner Duties,Cashier
2026-03-27,2026-03-27 10:00:00,2026-03-27 14:00:00,@Palm Springs Surf Club,@Palm Springs Surf Club - Ballroom,104,Set up for event | Must lift 35 lbs +,General
2026-03-27,2026-03-27 10:00:00,2026-03-27 18:30:00,Childrens Hospital Los Angeles,Childrens Hospital Los Angeles,105,,Dishwasher
2026-03-27,2026-03-27 10:00:00,2026-03-27 14:30:00,Google Spruce Goose Offices,Google Spruce Goose - Cafe,104,,General
2026-03-27,2026-03-27 10:00:00,2026-03-27 18:30:00,Griffin Club Los Angeles,Griffin Club Los Angeles,102,,Cook 2
2026-03-27,2026-03-27 10:00:00,2026-03-27 18:30:00,Griffin Club Los Angeles,Griffin Club Los Angeles,102,,Cook 2
2026-03-27,2026-03-27 10:00:00,2026-03-27 18:30:00,USC Verdugo Hills Hospital,USC Verdugo Hills Hospital,102,,Cook 2
2026-03-27,2026-03-27 10:30:00,2026-03-27 18:30:00,Commerce Casino,Commerce Casino - Banquets | FOH,115,,Server 2
2026-03-27,2026-03-27 10:30:00,2026-03-27 17:00:00,VH Property Corp. dba Trump National Golf Club Los Angeles,Trump National Golf Course Los Angeles | Vista Grill,102,,Cook 2
2026-03-27,2026-03-27 11:00:00,2026-03-27 16:30:00,Athenaeum Club,Athenaeum Housekeeping,104,house keeping duties ,General
2026-03-27,2026-03-27 11:00:00,2026-03-27 19:30:00,PIH Health - Whittier Hospital,PIH Health - Whittier Hospital,102,,Cook 2
2026-03-27,2026-03-27 11:00:00,2026-03-27 19:30:00,University Village Thousand Oaks,University Village Thousand Oaks ,102,,Cook 2
2026-03-27,2026-03-27 11:00:00,2026-03-27 19:30:00,VEA Hotel - Newport Beach,VEA Hotel - Newport Beach | Cooks,102,,Cook 2
2026-03-27,2026-03-27 12:00:00,2026-03-27 20:30:00,Commerce Casino,Commerce Casino - Banquets | BOH,105,,Dishwasher
2026-03-27,2026-03-27 12:00:00,2026-03-27 17:00:00,Griffin Club Los Angeles,Griffin Club Los Angeles,102,Grill ,Cook 2
2026-03-27,2026-03-27 12:00:00,2026-03-27 20:30:00,SBLP Warner Center OPCO LLC - The Variel,The Variel of Woodland Hills,102,,Cook 2
2026-03-27,2026-03-27 12:00:00,2026-03-27 20:30:00,USC Verdugo Hills Hospital,USC Verdugo Hills Hospital,105,,Dishwasher
2026-03-27,2026-03-27 12:00:00,2026-03-27 20:30:00,VEA Hotel - Newport Beach,VEA Hotel - Newport Beach | Cooks,102,,Cook 2
2026-03-27,2026-03-27 12:30:00,2026-03-27 21:00:00,Athenaeum Club,Athenaeum Kitchen,102,,Cook 2
2026-03-27,2026-03-27 12:30:00,2026-03-27 21:00:00,Henry Mayo Newhall Hospital,Henry Mayo Newhall Hospital,102,MUST BE TB TESTED AND PHYSICAL before 1st shift | ongoing ass. ,Cook 2
2026-03-27,2026-03-27 13:00:00,2026-03-27 22:00:00,Griffin Club Los Angeles,Griffin Club Los Angeles,105,,Dishwasher
2026-03-27,2026-03-27 13:00:00,2026-03-27 17:00:00,L.A. Galaxy,L.A. Galaxy,98,with Server Duties,Bartender 2
2026-03-27,2026-03-27 13:30:00,2026-03-27 21:00:00,Griffin Club Los Angeles,Griffin Club Los Angeles,110,,Prep Cook 2
2026-03-27,2026-03-27 13:30:00,2026-03-27 22:00:00,Griffin Club Los Angeles,Griffin Club Los Angeles,102,,Cook 2
2026-03-27,2026-03-27 14:00:00,2026-03-27 22:00:00,Commerce Casino,Commerce Casino - High Limit Kitchen | FOH | MON - TH,101,with limited runner duties,Cashier
2026-03-27,2026-03-27 14:00:00,2026-03-27 22:30:00,Martin Luther King Jr Hospital,Martin Luther King Jr. Hospital | BOH,102,,Cook 2
2026-03-27,2026-03-27 14:00:00,2026-03-27 22:30:00,SBLP Warner Center OPCO LLC - The Variel,The Variel of Woodland Hills,105,,Dishwasher
2026-03-27,2026-03-27 14:00:00,2026-03-27 22:00:00,Viceroy Santa Monica Hotel,Viceroy Santa Monica Hotel,264,,Event Supervisor
2026-03-27,2026-03-27 14:30:00,2026-03-27 23:00:00,Commerce Casino,Commerce Casino - Employee Dining Room,102,,Cook 2
2026-03-27,2026-03-27 14:30:00,2026-03-27 22:00:00,Hotel Bel Air,Hotel Bel Air - Swan Cafe,102,,Cook 2
2026-03-27,2026-03-27 14:30:00,2026-03-27 22:00:00,Pepperdine University,Pepperdine University - Catering,115,Brock House Event (President's Home),Server 2
2026-03-27,2026-03-27 14:30:00,2026-03-27 23:00:00,VH Property Corp. dba Trump National Golf Club Los Angeles,Trump National Golf Course Los Angeles | BOH,102,,Cook 2
2026-03-27,2026-03-27 15:00:00,2026-03-27 23:00:00,Burton House Beverly Hills,Burton House,98,Food Service,Bartender 2
2026-03-27,2026-03-27 15:00:00,2026-03-27 23:30:00,Crescent Heights Ten Thousand,Crescent Heights Ten Thousand - Butler Department,115,Butler/Porter,Server 2
2026-03-27,2026-03-27 15:00:00,2026-03-27 20:00:00,Gourmet Gatherings LLC. | Cutting Edge,@Cutting Edge Catering,110,,Prep Cook 2
2026-03-27,2026-03-27 15:30:00,2026-03-27 22:30:00,Malibu Beach Inn,Malibu Beach Inn - BOH,105,,Dishwasher
2026-03-27,2026-03-27 15:30:00,2026-03-27 21:30:00,Riviera Country Club,Riviera Country Club - Kitchen,105,,Dishwasher
2026-03-27,2026-03-27 16:00:00,2026-03-27 23:00:00,Canyon Palm Springs Hotel dba Thompson Palm Springs,Thompson Palm Springs |  FOH,99,,Busser
2026-03-27,2026-03-27 16:00:00,2026-03-27 20:00:00,Commerce Casino,Commerce Casino - Banquets | BOH,102,,Cook 2
2026-03-27,2026-03-27 16:00:00,2026-03-28 00:00:00,Commerce Casino,Commerce Casino - Banquets | FOH,115,,Server 2
2026-03-27,2026-03-27 16:00:00,2026-03-27 22:00:00,Gourmet Gatherings LLC. | Cutting Edge,@Cutting Edge Catering,115,,Server 2
2026-03-27,2026-03-27 16:00:00,2026-03-27 22:00:00,Gourmet Gatherings LLC. | Cutting Edge,@Cutting Edge Catering,115,,Server 2
2026-03-27,2026-03-27 16:00:00,2026-03-27 21:00:00,Gourmet Gatherings LLC. | Cutting Edge,@Cutting Edge Catering,98,,Bartender 2
2026-03-27,2026-03-27 16:00:00,2026-03-27 22:30:00,Griffin Club Los Angeles,Griffin Club Los Angeles,105,,Dishwasher
2026-03-27,2026-03-27 16:30:00,2026-03-28 00:00:00,Commerce Casino,Commerce Casino - Banquets | FOH,98,,Bartender 2
2026-03-27,2026-03-27 17:00:00,2026-03-27 21:00:00,@Palm Springs Surf Club,@Palm Springs Surf Club - Ballroom,104,Server and Buser tasks,General
2026-03-27,2026-03-27 17:00:00,2026-03-27 21:00:00,@Palm Springs Surf Club,@Palm Springs Surf Club - Ballroom,98,,Bartender 2
2026-03-27,2026-03-27 17:00:00,2026-03-27 21:00:00,@Palm Springs Surf Club,@Palm Springs Surf Club - Ballroom,115,,Server 2
2026-03-27,2026-03-27 17:00:00,2026-03-28 01:00:00,Commerce Casino,Commerce Casino - High Limit Kitchen | FOH | MON - TH,98,with cashier duties,Bartender 2
2026-03-27,2026-03-27 17:00:00,2026-03-27 22:30:00,Griffin Club Los Angeles,Griffin Club Los Angeles,105,,Dishwasher
2026-03-27,2026-03-27 17:00:00,2026-03-28 01:30:00,Pepperdine University,Pepperdine University - HAWC Cafe & Store,102,,Cook 2
2026-03-27,2026-03-27 18:00:00,2026-03-28 02:30:00,Commerce Casino,Commerce Casino - Banquets | BOH,105,Overnight Shift,Dishwasher
2026-03-27,2026-03-27 22:00:00,2026-03-28 06:30:00,Commerce Casino,Commerce Casino - Employee Dining Room,102,Overnight Shift,Cook 2
2026-03-27,2026-03-27 22:00:00,2026-03-28 06:00:00,Commerce Casino,Commerce Casino - High Limit Kitchen | FOH | MON - TH,101,with Runner duties | overnight shift,Cashier
2026-03-27,2026-03-27 22:00:00,2026-03-28 06:00:00,Commerce Casino,Commerce Casino - Employee Dining Room,115,"Overnight shift, FOH EDR attend. ",Server 2
2026-03-28,2026-03-28 02:00:00,2026-03-28 10:00:00,Commerce Casino,Commerce Casino - High Limit Kitchen | FOH | MON - TH,101,with Limited runner duties | Overnight shift,Cashier
2026-03-28,2026-03-28 05:00:00,2026-03-28 13:30:00,People Assisting the Homeless,People Assisting the Homeless - Madison Ave.,110,,Prep Cook 2
2026-03-28,2026-03-28 05:30:00,2026-03-28 14:30:00,"Fox Studio Lot, LLC",Fox Studio - Moe's Cafe BoH,102,,Cook 2
2026-03-28,2026-03-28 05:30:00,2026-03-28 14:30:00,"Fox Studio Lot, LLC",Fox Studio - Moe's Cafe BoH,102,,Cook 2
2026-03-28,2026-03-28 05:30:00,2026-03-28 14:30:00,"Fox Studio Lot, LLC",Fox Studio - Moe's Cafe BoH,102,,Cook 2
2026-03-28,2026-03-28 06:00:00,2026-03-28 14:00:00,Commerce Casino,Commerce Casino - High Limit Kitchen | FOH | MON - TH,101,with runner duties,Cashier
2026-03-28,2026-03-28 06:00:00,2026-03-28 14:30:00,Martin Luther King Jr Hospital,Martin Luther King Jr. Hospital | BOH,102,,Cook 2
2026-03-28,2026-03-28 06:00:00,2026-03-28 14:30:00,PIH Health - Downey Hospital,PIH Health - Downey Hospital,105,,Dishwasher
2026-03-28,2026-03-28 06:00:00,2026-03-28 12:00:00,SBLP Warner Center OPCO LLC - The Variel,The Variel of Woodland Hills,102,,Cook 2
2026-03-28,2026-03-28 06:00:00,2026-03-28 14:30:00,The Getty Center,The Getty Center - Cafe,102,,Cook 2
2026-03-28,2026-03-28 06:00:00,2026-03-28 14:30:00,Union Station Homeless Services,Union Station Homeless Services - Adult Center,102,,Cook 2
2026-03-28,2026-03-28 06:30:00,2026-03-28 15:00:00,Childrens Hospital Los Angeles,Childrens Hospital Los Angeles,105,,Dishwasher
2026-03-28,2026-03-28 06:30:00,2026-03-28 14:30:00,"Fox Studio Lot, LLC",Fox Studio - Moe's Cafe FoH,99,,Busser
2026-03-28,2026-03-28 07:00:00,2026-03-28 15:00:00,Camp Ronald McDonald,Camp Ronald McDonald,105,,Dishwasher
2026-03-28,2026-03-28 07:00:00,2026-03-28 15:30:00,"Fox Studio Lot, LLC",Fox Studio - Moe's Cafe BoH,105,,Dishwasher
2026-03-28,2026-03-28 07:00:00,2026-03-28 15:00:00,Malibu Beach Inn,Malibu Beach Inn - BOH,105,,Dishwasher
2026-03-28,2026-03-28 07:00:00,2026-03-28 14:30:00,Martin Luther King Jr Hospital,Martin Luther King Jr. Hospital | BOH,105,Ongoing Sat and Sun,Dishwasher
2026-03-28,2026-03-28 07:00:00,2026-03-28 15:00:00,Newport Harbor Yacht Club,Newport Harbor Yacht Club | Banquets,105,Heavy Lifting - Read Description,Dishwasher
2026-03-28,2026-03-28 07:00:00,2026-03-28 15:00:00,Oak View Group at Pasadena Convention Center,Oak View Group at Pasadena Convention Center,105,,Dishwasher
2026-03-28,2026-03-28 07:00:00,2026-03-28 15:30:00,SBLP Warner Center OPCO LLC - The Variel,The Variel of Woodland Hills,105,,Dishwasher
2026-03-28,2026-03-28 07:00:00,2026-03-28 15:30:00,The Getty Center,The Getty Center - Cafe,102,,Cook 2
2026-03-28,2026-03-28 07:30:00,2026-03-28 15:30:00,The Getty Villa,The Getty Villa BOH,102,,Cook 2
2026-03-28,2026-03-28 08:00:00,2026-03-28 16:30:00,Athenaeum Club,Athenaeum Housekeeping,107,Housekeeping Experience Required,Houseperson
2026-03-28,2026-03-28 08:00:00,2026-03-28 16:00:00,Hotel Bel Air,Hotel Bel Air - Main Kitchen,110,,Prep Cook 2
2026-03-28,2026-03-28 08:00:00,2026-03-28 13:00:00,Hugh Groman Group,Hugh Groman Group - OFFSITE,98,,Bartender 2
2026-03-28,2026-03-28 09:00:00,2026-03-28 15:00:00,Cedars Sinai Medical Center,Cedars Sinai - Plaza & Cafe,105,Utility,Dishwasher
2026-03-28,2026-03-28 10:00:00,2026-03-28 18:00:00,Commerce Casino,Commerce Casino - Banquets | FOH,115,,Server 2
2026-03-28,2026-03-28 10:00:00,2026-03-28 18:30:00,Griffin Club Los Angeles,Griffin Club Los Angeles,102,Grill ,Cook 2
2026-03-28,2026-03-28 10:00:00,2026-03-28 18:30:00,Griffin Club Los Angeles,Griffin Club Los Angeles,102,,Cook 2
2026-03-28,2026-03-28 10:00:00,2026-03-28 18:30:00,Griffin Club Los Angeles,Griffin Club Los Angeles,102,,Cook 2
2026-03-28,2026-03-28 10:00:00,2026-03-28 14:00:00,Oak View Group at Pasadena Convention Center,Oak View Group at Pasadena Convention Center,115,,Server 2
2026-03-28,2026-03-28 10:30:00,2026-03-28 19:00:00,Griffin Club Los Angeles,Griffin Club Los Angeles,98,Ongoing - Sat and Sun - temp to hire.,Bartender 2
2026-03-28,2026-03-28 10:30:00,2026-03-28 14:30:00,KMR Gourmet Catering,KMR Gourmet Catering - Offsite,287,Plated Service,Server 3
2026-03-28,2026-03-28 10:30:00,2026-03-28 14:30:00,KMR Gourmet Catering,KMR Gourmet Catering - Offsite,98,,Bartender 2
2026-03-28,2026-03-28 10:30:00,2026-03-28 17:00:00,VH Property Corp. dba Trump National Golf Club Los Angeles,Trump National Golf Course Los Angeles | Vista Grill,102,,Cook 2
2026-03-28,2026-03-28 11:00:00,2026-03-28 19:30:00,Commerce Casino,Commerce Casino - Banquets | BOH,102,,Cook 2
2026-03-28,2026-03-28 11:00:00,2026-03-28 19:00:00,Commerce Casino,Commerce Casino - Banquets | FOH,115,,Server 2
2026-03-28,2026-03-28 11:00:00,2026-03-28 15:00:00,Oak View Group at Pasadena Convention Center,Oak View Group at Pasadena Convention Center,115,,Server 2
2026-03-28,2026-03-28 11:00:00,2026-03-28 14:00:00,Oak View Group at Pasadena Convention Center,Oak View Group at Pasadena Convention Center,115,,Server 2
2026-03-28,2026-03-28 11:00:00,2026-03-28 19:30:00,PIH Health - Whittier Hospital,PIH Health - Whittier Hospital,102,,Cook 2
2026-03-28,2026-03-28 11:00:00,2026-03-28 19:30:00,University Village Thousand Oaks,University Village Thousand Oaks ,102,,Cook 2
2026-03-28,2026-03-28 11:00:00,2026-03-28 19:30:00,VH Property Corp. dba Trump National Golf Club Los Angeles,Trump National Golf Course Los Angeles | BOH,102,,Cook 2
2026-03-28,2026-03-28 11:15:00,2026-03-28 15:15:00,Olive Wood Pizza,@ Olive Wood Pizza - Off Site Event,115,,Server 2
2026-03-28,2026-03-28 12:00:00,2026-03-28 20:30:00,Childrens Hospital Los Angeles,Childrens Hospital Los Angeles,104,Food Service Worker,General
2026-03-28,2026-03-28 12:00:00,2026-03-28 20:30:00,Commerce Casino,Commerce Casino - Banquets | BOH,105,,Dishwasher
2026-03-28,2026-03-28 12:00:00,2026-03-28 20:30:00,Commerce Casino,Commerce Casino - Banquets | BOH,102,,Cook 2
2026-03-28,2026-03-28 12:00:00,2026-03-28 20:30:00,USC Verdugo Hills Hospital,USC Verdugo Hills Hospital,105,,Dishwasher
2026-03-28,2026-03-28 12:30:00,2026-03-28 21:00:00,Athenaeum Club,Athenaeum Kitchen,102,,Cook 2
2026-03-28,2026-03-28 13:00:00,2026-03-28 21:30:00,VEA Hotel - Newport Beach,VEA Hotel - Newport Beach | Cooks,102,,Cook 2
2026-03-28,2026-03-28 13:30:00,2026-03-28 22:00:00,Griffin Club Los Angeles,Griffin Club Los Angeles,105,,Dishwasher
2026-03-28,2026-03-28 13:30:00,2026-03-28 22:00:00,Griffin Club Los Angeles,Griffin Club Los Angeles,102,,Cook 2
2026-03-28,2026-03-28 14:00:00,2026-03-28 22:00:00,Commerce Casino,Commerce Casino - High Limit Kitchen | FOH | MON - TH,101,with limited runner duties,Cashier
2026-03-28,2026-03-28 14:00:00,2026-03-28 22:30:00,Martin Luther King Jr Hospital,Martin Luther King Jr. Hospital | BOH,102,,Cook 2
2026-03-28,2026-03-28 14:00:00,2026-03-28 22:30:00,SBLP Warner Center OPCO LLC - The Variel,The Variel of Woodland Hills,105,,Dishwasher
2026-03-28,2026-03-28 14:00:00,2026-03-28 22:00:00,Viceroy Santa Monica Hotel,Viceroy Santa Monica Hotel,264,,Event Supervisor
2026-03-28,2026-03-28 14:30:00,2026-03-28 23:00:00,Commerce Casino,Commerce Casino - Employee Dining Room,102,,Cook 2
2026-03-28,2026-03-28 15:00:00,2026-03-28 23:30:00,Beverly Hills Hotel,Beverly Hills Hotel - Banquet Kitchen,102,,Cook 2
2026-03-28,2026-03-28 15:00:00,2026-03-28 23:00:00,Burton House Beverly Hills,Burton House,98,,Bartender 2
2026-03-28,2026-03-28 15:00:00,2026-03-28 23:00:00,Commerce Casino,Commerce Casino - Banquets | FOH,115,,Server 2
2026-03-28,2026-03-28 15:00:00,2026-03-28 21:30:00,"Nowsta Labor Marketplace, LLC",Legends - Angel Stadium,264,,Event Supervisor
2026-03-28,2026-03-28 15:30:00,2026-03-28 23:00:00,Malibu Beach Inn,Malibu Beach Inn - BOH,105,,Dishwasher
2026-03-28,2026-03-28 15:30:00,2026-03-28 21:00:00,"Nowsta Labor Marketplace, LLC",Legends - Angel Stadium,229,,Concessions Worker
2026-03-28,2026-03-28 15:30:00,2026-03-29 00:00:00,VH Property Corp. dba Trump National Golf Club Los Angeles,Trump National Golf Course Los Angeles | BOH,102,,Cook 2
2026-03-28,2026-03-28 15:45:00,2026-03-28 20:00:00,Villa Portofino,Villa Portofino,115,,Server 2
2026-03-28,2026-03-28 15:45:00,2026-03-28 20:30:00,Villa Portofino,Villa Portofino,115,,Server 2
2026-03-28,2026-03-28 16:00:00,2026-03-28 23:00:00,Canyon Palm Springs Hotel dba Thompson Palm Springs,Thompson Palm Springs |  FOH,99,,Busser
2026-03-28,2026-03-28 16:00:00,2026-03-28 20:00:00,Commerce Casino,Commerce Casino - Banquets | BOH,102,,Cook 2
2026-03-28,2026-03-28 16:00:00,2026-03-28 20:00:00,NORR Kitchen,@ NORR Kitchen | OFFSITE EVENT,273,,Sous Chef 2
2026-03-28,2026-03-28 16:30:00,2026-03-29 00:30:00,Commerce Casino,Commerce Casino - Banquets | FOH,98,,Bartender 2
2026-03-28,2026-03-28 17:00:00,2026-03-29 01:00:00,Commerce Casino,Commerce Casino - Banquets | FOH,115,,Server 2
2026-03-28,2026-03-28 17:00:00,2026-03-29 01:00:00,Commerce Casino,Commerce Casino - High Limit Kitchen | FOH | MON - TH,98,with Cashier Duties,Bartender 2
2026-03-28,2026-03-28 17:00:00,2026-03-28 22:30:00,Griffin Club Los Angeles,Griffin Club Los Angeles,105,,Dishwasher
2026-03-28,2026-03-28 17:00:00,2026-03-29 00:00:00,Home At Last Community Development Corporation,@ Home At Last Corporation | SixSevenFive Lounge,99,,Busser
2026-03-28,2026-03-28 17:00:00,2026-03-28 21:00:00,NORR Kitchen,@ NORR Kitchen | OFFSITE EVENT,98,,Bartender 2
2026-03-28,2026-03-28 17:00:00,2026-03-29 01:30:00,Pepperdine University,Pepperdine University - HAWC Cafe & Store,102,,Cook 2
2026-03-28,2026-03-28 18:00:00,2026-03-29 02:00:00,Commerce Casino,Commerce Casino - High Limit Kitchen | FOH | MON - TH,101,with Runner duties,Cashier
2026-03-28,2026-03-28 20:00:00,2026-03-29 04:30:00,Commerce Casino,Commerce Casino - Banquets | BOH,105,Overnight Shift,Dishwasher
2026-03-28,2026-03-28 22:00:00,2026-03-29 06:00:00,Commerce Casino,Commerce Casino - High Limit Kitchen | FOH | MON - TH,101,with Runner duties | overnight shift,Cashier
2026-03-28,2026-03-28 22:00:00,2026-03-29 06:30:00,Commerce Casino,Commerce Casino - Employee Dining Room,102,Overnight Shift,Cook 2
2026-03-28,2026-03-28 22:00:00,2026-03-29 06:00:00,Commerce Casino,Commerce Casino - Employee Dining Room,115,"Overnight shift, FOH EDR attend. ",Server 2
2026-03-29,2026-03-29 02:00:00,2026-03-29 10:00:00,Commerce Casino,Commerce Casino - High Limit Kitchen | FOH | MON - TH,101,with Limited runner duties | Overnight shift,Cashier
2026-03-29,2026-03-29 05:00:00,2026-03-29 13:30:00,Martin Luther King Jr Hospital,Martin Luther King Jr. Hospital | BOH,102,,Cook 2
2026-03-29,2026-03-29 05:00:00,2026-03-29 13:30:00,People Assisting the Homeless,People Assisting the Homeless - Madison Ave.,110,,Prep Cook 2
2026-03-29,2026-03-29 05:00:00,2026-03-29 13:30:00,PIH Health - Whittier Hospital,PIH Health - Whittier Hospital,110,,Prep Cook 2
2026-03-29,2026-03-29 05:30:00,2026-03-29 14:30:00,"Fox Studio Lot, LLC",Fox Studio - Moe's Cafe BoH,102,,Cook 2
2026-03-29,2026-03-29 05:30:00,2026-03-29 14:30:00,"Fox Studio Lot, LLC",Fox Studio - Moe's Cafe BoH,102,,Cook 2
2026-03-29,2026-03-29 06:00:00,2026-03-29 14:00:00,Camp Ronald McDonald,Camp Ronald McDonald,105,,Dishwasher
2026-03-29,2026-03-29 06:00:00,2026-03-29 14:00:00,Commerce Casino,Commerce Casino - High Limit Kitchen | FOH | MON - TH,101,with runner duties,Cashier
2026-03-29,2026-03-29 06:00:00,2026-03-29 14:30:00,PIH Health - Downey Hospital,PIH Health - Downey Hospital,105,,Dishwasher
2026-03-29,2026-03-29 06:00:00,2026-03-29 12:00:00,SBLP Warner Center OPCO LLC - The Variel,The Variel of Woodland Hills,102,,Cook 2
2026-03-29,2026-03-29 06:00:00,2026-03-29 14:30:00,The Getty Center,The Getty Center - Cafe,102,,Cook 2
2026-03-29,2026-03-29 06:30:00,2026-03-29 15:00:00,Childrens Hospital Los Angeles,Childrens Hospital Los Angeles,105,,Dishwasher
2026-03-29,2026-03-29 06:30:00,2026-03-29 14:30:00,"Fox Studio Lot, LLC",Fox Studio - Moe's Cafe FoH,99,,Busser
2026-03-29,2026-03-29 07:00:00,2026-03-29 11:00:00,Commerce Casino,Commerce Casino - Banquets | BOH,102,,Cook 2
2026-03-29,2026-03-29 07:00:00,2026-03-29 15:00:00,Malibu Beach Inn,Malibu Beach Inn - BOH,105,,Dishwasher
2026-03-29,2026-03-29 07:00:00,2026-03-29 14:30:00,Martin Luther King Jr Hospital,Martin Luther King Jr. Hospital | BOH,105,Ongoing Sat and Sun,Dishwasher
2026-03-29,2026-03-29 07:00:00,2026-03-29 15:00:00,Newport Harbor Yacht Club,Newport Harbor Yacht Club | Banquets,105,Heavy Lifting - Read Description,Dishwasher
2026-03-29,2026-03-29 07:00:00,2026-03-29 15:30:00,The Getty Center,The Getty Center - Cafe,102,,Cook 2
2026-03-29,2026-03-29 07:00:00,2026-03-29 15:30:00,University Village Thousand Oaks,University Village Thousand Oaks ,102,,Cook 2
2026-03-29,2026-03-29 07:00:00,2026-03-29 15:30:00,University Village Thousand Oaks,University Village Thousand Oaks ,102,,Cook 2
2026-03-29,2026-03-29 07:00:00,2026-03-29 15:30:00,VH Property Corp. dba Trump National Golf Club Los Angeles,Trump National Golf Course Los Angeles | BOH,102,,Cook 2
2026-03-29,2026-03-29 07:30:00,2026-03-29 15:30:00,The Getty Villa,The Getty Villa BOH,102,,Cook 2
2026-03-29,2026-03-29 08:00:00,2026-03-29 16:00:00,Hotel Bel Air,Hotel Bel Air - Main Kitchen,110,,Prep Cook 2
2026-03-29,2026-03-29 08:00:00,2026-03-29 16:30:00,VEA Hotel - Newport Beach,VEA Hotel - Newport Beach | Cooks,102,,Cook 2
2026-03-29,2026-03-29 08:00:00,2026-03-29 14:00:00,West Angeles Church of God in Christ Inc,West Angeles Church of God,115,,Server 2
2026-03-29,2026-03-29 09:00:00,2026-03-29 16:00:00,Commerce Casino,Commerce Casino - Banquets | FOH,115,,Server 2
2026-03-29,2026-03-29 09:30:00,2026-03-29 17:30:00,Malibu Beach Inn,Malibu Beach Inn - BOH,107,Housekeeping,Houseperson
2026-03-29,2026-03-29 10:00:00,2026-03-29 20:30:00,Beverly Hills Hotel,Beverly Hills Hotel - Main Kitchen,102,,Cook 2
2026-03-29,2026-03-29 10:00:00,2026-03-29 20:00:00,Commerce Casino,Commerce Casino - Banquets | BOH,105,,Dishwasher
2026-03-29,2026-03-29 10:00:00,2026-03-29 18:30:00,Griffin Club Los Angeles,Griffin Club Los Angeles,102,,Cook 2
2026-03-29,2026-03-29 10:00:00,2026-03-29 18:30:00,Griffin Club Los Angeles,Griffin Club Los Angeles,102,,Cook 2
2026-03-29,2026-03-29 10:00:00,2026-03-29 20:30:00,Griffin Club Los Angeles,Griffin Club Los Angeles,102,,Cook 2
2026-03-29,2026-03-29 10:00:00,2026-03-29 15:30:00,The Getty Center,The Getty Center - Cafe,102,,Cook 2
2026-03-29,2026-03-29 10:30:00,2026-03-29 17:00:00,VH Property Corp. dba Trump National Golf Club Los Angeles,Trump National Golf Course Los Angeles | Vista Grill,102,,Cook 2
2026-03-29,2026-03-29 10:30:00,2026-03-29 15:30:00,Wolfgang Puck Catering,Wolfgang Puck Catering - Temple | AIP,105,,Dishwasher
2026-03-29,2026-03-29 11:00:00,2026-03-29 17:00:00,Griffin Club Los Angeles,Griffin Club Los Angeles,102,Grill ,Cook 2
2026-03-29,2026-03-29 11:00:00,2026-03-29 15:30:00,SBLP Warner Center OPCO LLC - The Variel,The Variel of Woodland Hills,102,Omelette,Cook 2
2026-03-29,2026-03-29 12:00:00,2026-03-29 20:30:00,Childrens Hospital Los Angeles,Childrens Hospital Los Angeles,104,Food Service Worker,General
2026-03-29,2026-03-29 12:00:00,2026-03-29 16:00:00,Crescent Heights Ten Thousand,Crescent Heights Ten Thousand - Events,115,Event Server,Server 2
2026-03-29,2026-03-29 12:00:00,2026-03-29 20:30:00,PIH Health - Whittier Hospital,PIH Health - Whittier Hospital,110,,Prep Cook 2
2026-03-29,2026-03-29 13:00:00,2026-03-29 21:30:00,Crescent Heights Ten Thousand,Crescent Heights Ten Thousand - Butler Department,115,Butler/Porter,Server 2
2026-03-29,2026-03-29 13:00:00,2026-03-29 21:30:00,Griffin Club Los Angeles,Griffin Club Los Angeles,105,,Dishwasher
2026-03-29,2026-03-29 13:00:00,2026-03-29 20:30:00,The Music Center - DTLA,The Music Center | FOH,115,,Server 2
2026-03-29,2026-03-29 13:30:00,2026-03-29 22:00:00,Griffin Club Los Angeles,Griffin Club Los Angeles,98,Ongoing - Sat and Sun - temp to hire.,Bartender 2
2026-03-29,2026-03-29 14:00:00,2026-03-29 22:00:00,Commerce Casino,Commerce Casino - High Limit Kitchen | FOH | MON - TH,101,with limited runner duties,Cashier
2026-03-29,2026-03-29 14:00:00,2026-03-29 22:00:00,Hotel Bel Air,Hotel Bel Air - Swan Cafe,102,,Cook 2
2026-03-29,2026-03-29 14:00:00,2026-03-29 22:30:00,Martin Luther King Jr Hospital,Martin Luther King Jr. Hospital | BOH,102,,Cook 2
2026-03-29,2026-03-29 14:00:00,2026-03-29 22:30:00,SBLP Warner Center OPCO LLC - The Variel,The Variel of Woodland Hills,105,,Dishwasher
2026-03-29,2026-03-29 14:00:00,2026-03-29 22:00:00,Viceroy Santa Monica Hotel,Viceroy Santa Monica Hotel,264,,Event Supervisor
2026-03-29,2026-03-29 14:30:00,2026-03-29 23:00:00,Commerce Casino,Commerce Casino - Employee Dining Room,102,,Cook 2
2026-03-29,2026-03-29 15:00:00,2026-03-30 20:00:00,Home At Last Community Development Corporation,@ Home At Last Corporation | SixSevenFive Lounge,99,,Busser
2026-03-29,2026-03-29 15:30:00,2026-03-29 22:00:00,Griffin Club Los Angeles,Griffin Club Los Angeles,105,,Dishwasher
2026-03-29,2026-03-29 15:30:00,2026-03-29 23:00:00,Malibu Beach Inn,Malibu Beach Inn - BOH,105,,Dishwasher
2026-03-29,2026-03-29 15:30:00,2026-03-30 00:00:00,VH Property Corp. dba Trump National Golf Club Los Angeles,Trump National Golf Course Los Angeles | BOH,102,,Cook 2
2026-03-29,2026-03-29 16:00:00,2026-03-29 22:00:00,Avalon Hollywood,Avalon Hollywood - FOH,115,,Server 2
2026-03-29,2026-03-29 16:00:00,2026-03-29 23:00:00,Canyon Palm Springs Hotel dba Thompson Palm Springs,Thompson Palm Springs |  FOH,99,,Busser
2026-03-29,2026-03-29 16:00:00,2026-03-29 22:00:00,Griffin Club Los Angeles,Griffin Club Los Angeles,105,,Dishwasher
2026-03-29,2026-03-29 16:30:00,2026-03-30 00:00:00,The Music Center - DTLA,The Music Center | FOH,115,,Server 2
2026-03-29,2026-03-29 17:00:00,2026-03-30 01:00:00,Commerce Casino,Commerce Casino - High Limit Kitchen | FOH | MON - TH,98,with Cashier Duties,Bartender 2
2026-03-29,2026-03-29 17:00:00,2026-03-30 01:00:00,Commerce Casino,Commerce Casino - High Limit Kitchen | FOH | MON - TH,98,with Cashier Duties,Bartender 2
2026-03-29,2026-03-29 17:00:00,2026-03-30 01:30:00,Pepperdine University,Pepperdine University - HAWC Cafe & Store,102,,Cook 2
2026-03-29,2026-03-29 18:00:00,2026-03-30 02:00:00,Commerce Casino,Commerce Casino - High Limit Kitchen | FOH | MON - TH,101,with Runner duties,Cashier
2026-03-29,2026-03-29 22:00:00,2026-03-30 06:30:00,Commerce Casino,Commerce Casino - Employee Dining Room,102,Overnight Shift,Cook 2
2026-03-29,2026-03-29 22:00:00,2026-03-30 06:00:00,Commerce Casino,Commerce Casino - High Limit Kitchen | FOH | MON - TH,101,with Runner duties | overnight shift,Cashier
2026-03-30,2026-03-30 02:00:00,2026-03-30 10:00:00,Commerce Casino,Commerce Casino - High Limit Kitchen | FOH | MON - TH,101,with Limited runner duties | Overnight shift,Cashier
2026-03-30,2026-03-30 05:00:00,2026-03-30 13:30:00,Google Spruce Goose Offices,Google Spruce Goose - Catering Operations,102,,Cook 2
2026-03-30,2026-03-30 05:00:00,2026-03-30 13:30:00,People Assisting the Homeless,People Assisting the Homeless - Madison Ave.,110,,Prep Cook 2
2026-03-30,2026-03-30 05:00:00,2026-03-30 13:30:00,PIH Health - Good Samaritan Hospital,PIH Health - Good Samaritan Hospital,290,,Cook 3
2026-03-30,2026-03-30 05:00:00,2026-03-30 13:30:00,PIH Health - Whittier Hospital,PIH Health - Whittier Hospital,102,,Cook 2
2026-03-30,2026-03-30 05:00:00,2026-03-30 13:30:00,PIH Health - Whittier Hospital,PIH Health - Whittier Hospital,110,,Prep Cook 2
2026-03-30,2026-03-30 05:30:00,2026-03-30 11:00:00,Empowered 4 Life Foundation,@ Empowered 4 Life Foundation,110,,Prep Cook 2
2026-03-30,2026-03-30 05:30:00,2026-03-30 15:00:00,"Fox Studio Lot, LLC",Fox Studio - Moe's Cafe BoH,102,,Cook 2
2026-03-30,2026-03-30 05:30:00,2026-03-30 14:00:00,Teledyne,Teledyne,102,,Cook 2
2026-03-30,2026-03-30 06:00:00,2026-03-30 14:30:00,Capital Group - Irvine,Capital Group - Irvine | BOH,102,,Cook 2
2026-03-30,2026-03-30 06:00:00,2026-03-30 14:30:00,Capital Group - Irvine,Capital Group - Irvine | FOH,101,,Cashier
2026-03-30,2026-03-30 06:00:00,2026-03-30 14:00:00,Commerce Casino,Commerce Casino - High Limit Kitchen | FOH | MON - TH,101,with runner duties,Cashier
2026-03-30,2026-03-30 06:00:00,2026-03-30 12:00:00,Crescent Heights Ten Thousand,Crescent Heights Ten Thousand - Buffet,115,,Server 2
2026-03-30,2026-03-30 06:00:00,2026-03-30 14:30:00,"Fox Studio Lot, LLC",Fox Studio - Commissary,102,,Cook 2
2026-03-30,2026-03-30 06:00:00,2026-03-30 15:00:00,"Fox Studio Lot, LLC",Fox Studio - News Cafe BoH,102,,Cook 2
2026-03-30,2026-03-30 06:00:00,2026-03-30 14:30:00,Martin Luther King Jr Hospital,Martin Luther King Jr. Hospital | BOH,102,,Cook 2
2026-03-30,2026-03-30 06:00:00,2026-03-30 14:30:00,Park Place Plaza,Park Place Plaza,110,,Prep Cook 2
2026-03-30,2026-03-30 06:00:00,2026-03-30 14:30:00,PIH Health - Downey Hospital,PIH Health - Downey Hospital,105,,Dishwasher
2026-03-30,2026-03-30 06:00:00,2026-03-30 12:00:00,SBLP Warner Center OPCO LLC - The Variel,The Variel of Woodland Hills,102,,Cook 2
2026-03-30,2026-03-30 06:00:00,2026-03-30 14:30:00,USC Verdugo Hills Hospital,USC Verdugo Hills Hospital,102,,Cook 2
2026-03-30,2026-03-30 06:15:00,2026-03-30 14:45:00,Disney Studios,Disney Studios | Big D Cafe Glendale,102,,Cook 2
2026-03-30,2026-03-30 06:30:00,2026-03-30 14:30:00,Amgen Thousand Oaks,Amgen Thousand Oaks - Bistro Cafe,102,,Cook 2
2026-03-30,2026-03-30 06:30:00,2026-03-30 15:00:00,Park Place Plaza,Park Place Plaza,115,with Barista Duties,Server 2
2026-03-30,2026-03-30 06:30:00,2026-03-30 15:00:00,Pepperdine University,Pepperdine University - Calabasas Campus,102,,Cook 2
2026-03-30,2026-03-30 07:00:00,2026-03-30 12:00:00,Beverly Hills Unified School District,BHUSD - Beverly Hills High School,104,,General
2026-03-30,2026-03-30 07:00:00,2026-03-30 15:30:00,Martin Luther King Jr Hospital,Martin Luther King Jr. Hospital | BOH,102,,Cook 2
2026-03-30,2026-03-30 07:00:00,2026-03-30 15:30:00,"Platinum Equity, LLC",Platinum Equity LLC,105,,Dishwasher
2026-03-30,2026-03-30 07:00:00,2026-03-30 15:30:00,"Platinum Equity, LLC",Platinum Equity LLC,102,,Cook 2
2026-03-30,2026-03-30 07:00:00,2026-03-30 15:00:00,RAND Corporation,RAND Corporation,102,,Cook 2
2026-03-30,2026-03-30 07:00:00,2026-03-30 15:30:00,The Meadowglade LLC,The Meadowglade,102,On going/ read description,Cook 2
2026-03-30,2026-03-30 07:00:00,2026-03-30 15:30:00,Union Station Homeless Services,Union Station Homeless Services - Adult Center,102,,Cook 2
2026-03-30,2026-03-30 07:00:00,2026-03-30 14:00:00,Union Station Homeless Services,Union Station Homeless Services - Adult Center,102,,Cook 2
2026-03-30,2026-03-30 07:30:00,2026-03-30 15:30:00,Amgen Thousand Oaks,Amgen Thousand Oaks - Bistro Cafe,105,,Dishwasher
2026-03-30,2026-03-30 07:30:00,2026-03-30 16:00:00,Google Spruce Goose Offices,Google Spruce Goose - Catering Operations,115,"Alex Welsh, Ernesto Moreno, Jose Ceballos",Server 2
2026-03-30,2026-03-30 08:00:00,2026-03-30 15:00:00,Disney Studios,Disney Studios | Rotunda Restaurant,99,,Busser
2026-03-30,2026-03-30 08:00:00,2026-03-30 16:00:00,"Fox Studio Lot, LLC",Fox Studio - Moe's Cafe BoH,105,,Dishwasher
2026-03-30,2026-03-30 08:00:00,2026-03-30 17:00:00,Google Spruce Goose Offices,Google Spruce Goose - Catering Operations,317,Miguel Sanchez ,Captain
2026-03-30,2026-03-30 08:00:00,2026-03-30 16:00:00,Hotel Bel Air,Hotel Bel Air - Main Kitchen,110,,Prep Cook 2
2026-03-30,2026-03-30 08:00:00,2026-03-30 14:00:00,Malibu Beach Inn,Malibu Beach Inn - BOH,105,,Dishwasher
2026-03-30,2026-03-30 08:00:00,2026-03-30 16:00:00,"Platinum Equity, LLC",Platinum Equity LLC,102,,Cook 2
2026-03-30,2026-03-30 08:00:00,2026-03-30 16:00:00,SBLP Warner Center OPCO LLC - The Variel,The Variel of Woodland Hills,105,,Dishwasher
2026-03-30,2026-03-30 09:00:00,2026-03-30 15:00:00,"Fox Studio Lot, LLC",Fox Studio - Moe's Cafe BoH,102,,Cook 2
2026-03-30,2026-03-30 09:00:00,2026-03-30 17:30:00,"Fox Studio Lot, LLC",Fox Studio - Moe's Cafe FoH,99,,Busser
2026-03-30,2026-03-30 09:00:00,2026-03-30 15:00:00,Google Spruce Goose Offices,Google Spruce Goose - Cafe,112,,Runner
2026-03-30,2026-03-30 09:00:00,2026-03-30 17:00:00,Riviera Country Club,Riviera Country Club - Kitchen,105,,Dishwasher
2026-03-30,2026-03-30 09:00:00,2026-03-30 15:00:00,The Vered,The Vered,102,TB and LIVE Scan Required - Ongoing Shift - Do not publish,Cook 2
2026-03-30,2026-03-30 10:00:00,2026-03-30 18:30:00,Childrens Hospital Los Angeles,Childrens Hospital Los Angeles,105,,Dishwasher
2026-03-30,2026-03-30 10:00:00,2026-03-30 14:30:00,Google Spruce Goose Offices,Google Spruce Goose - Cafe,104,,General
2026-03-30,2026-03-30 10:00:00,2026-03-30 18:30:00,Griffin Club Los Angeles,Griffin Club Los Angeles,102,,Cook 2
2026-03-30,2026-03-30 10:00:00,2026-03-30 15:00:00,Universal Music Group,Universal Music Group,105,,Dishwasher
2026-03-30,2026-03-30 10:00:00,2026-03-30 18:30:00,USC Verdugo Hills Hospital,USC Verdugo Hills Hospital,102,,Cook 2
2026-03-30,2026-03-30 11:00:00,2026-03-30 19:30:00,University Village Thousand Oaks,University Village Thousand Oaks ,102,,Cook 2
2026-03-30,2026-03-30 11:30:00,2026-03-30 20:00:00,People Assisting the Homeless,People Assisting the Homeless - Madison Ave.,110,,Prep Cook 2
2026-03-30,2026-03-30 12:00:00,2026-03-30 20:30:00,Cedars Sinai Medical Center,Cedars Sinai - Plaza & Cafe,102,Grill Cook,Cook 2
2026-03-30,2026-03-30 12:00:00,2026-03-30 20:30:00,Childrens Hospital Los Angeles,Childrens Hospital Los Angeles,104,Food Service Worker,General
2026-03-30,2026-03-30 12:00:00,2026-03-30 20:30:00,SBLP Warner Center OPCO LLC - The Variel,The Variel of Woodland Hills,102,,Cook 2
2026-03-30,2026-03-30 12:00:00,2026-03-30 18:00:00,St. Anne's Maternity,St. Anne's Maternity,105,,Dishwasher
2026-03-30,2026-03-30 12:30:00,2026-03-30 21:30:00,Griffin Club Los Angeles,Griffin Club Los Angeles,105,,Dishwasher
2026-03-30,2026-03-30 13:00:00,2026-03-30 20:30:00,PIH Health - Whittier Hospital,PIH Health - Whittier Hospital,110,,Prep Cook 2
2026-03-30,2026-03-30 13:00:00,2026-03-30 20:30:00,VEA Hotel - Newport Beach,VEA Hotel - Newport Beach | Cooks,102,,Cook 2
2026-03-30,2026-03-30 13:00:00,2026-03-30 20:00:00,VEA Hotel - Newport Beach,VEA Hotel - Newport Beach | Cooks,102,,Cook 2
2026-03-30,2026-03-30 14:00:00,2026-03-30 22:00:00,Commerce Casino,Commerce Casino - High Limit Kitchen | FOH | MON - TH,101,with limited runner duties,Cashier
2026-03-30,2026-03-30 14:00:00,2026-03-30 22:30:00,Martin Luther King Jr Hospital,Martin Luther King Jr. Hospital | BOH,102,,Cook 2
2026-03-30,2026-03-30 14:00:00,2026-03-30 22:30:00,Martin Luther King Jr Hospital,Martin Luther King Jr. Hospital | BOH,105,,Dishwasher
2026-03-30,2026-03-30 14:00:00,2026-03-30 22:30:00,SBLP Warner Center OPCO LLC - The Variel,The Variel of Woodland Hills,105,,Dishwasher
2026-03-30,2026-03-30 14:00:00,2026-03-30 22:30:00,Viceroy Santa Monica Hotel,Viceroy Santa Monica Hotel,264,,Event Supervisor
2026-03-30,2026-03-30 15:00:00,2026-03-30 23:30:00,Crescent Heights Ten Thousand,Crescent Heights Ten Thousand - Butler Department,115,Butler/Porter,Server 2
2026-03-30,2026-03-30 15:30:00,2026-03-30 22:00:00,Malibu Beach Inn,Malibu Beach Inn - BOH,105,,Dishwasher
2026-03-30,2026-03-30 15:30:00,2026-03-30 21:30:00,Riviera Country Club,Riviera Country Club - Kitchen,105,,Dishwasher
2026-03-30,2026-03-30 16:00:00,2026-03-30 23:00:00,Canyon Palm Springs Hotel dba Thompson Palm Springs,Thompson Palm Springs |  FOH,99,,Busser
2026-03-30,2026-03-30 16:00:00,2026-03-30 21:00:00,Henry Mayo Newhall Hospital,Henry Mayo Newhall Hospital,98,,Bartender 2
2026-03-30,2026-03-30 17:00:00,2026-03-31 01:30:00,Pepperdine University,Pepperdine University - HAWC Cafe & Store,102,,Cook 2
2026-03-30,2026-03-30 18:30:00,2026-03-30 23:00:00,Canyon Palm Springs Hotel dba Thompson Palm Springs,Thompson Palm Springs |  FOH,99,,Busser
2026-03-30,2026-03-30 22:00:00,2026-03-31 06:30:00,Commerce Casino,Commerce Casino - Employee Dining Room,102,overnight shift,Cook 2
2026-03-30,2026-03-30 22:00:00,2026-03-31 06:00:00,Commerce Casino,Commerce Casino - High Limit Kitchen | FOH | MON - TH,101,with Runner duties | overnight shift,Cashier
2026-03-31,2026-03-31 02:00:00,2026-03-31 10:00:00,Commerce Casino,Commerce Casino - High Limit Kitchen | FOH | MON - TH,101,with Limited runner duties | Overnight shift,Cashier
2026-03-31,2026-03-31 05:00:00,2026-03-31 13:30:00,Google Spruce Goose Offices,Google Spruce Goose - Catering Operations,102,,Cook 2
2026-03-31,2026-03-31 05:00:00,2026-03-31 13:30:00,People Assisting the Homeless,People Assisting the Homeless - Madison Ave.,110,,Prep Cook 2
2026-03-31,2026-03-31 05:00:00,2026-03-31 13:30:00,PIH Health - Good Samaritan Hospital,PIH Health - Good Samaritan Hospital,290,,Cook 3
2026-03-31,2026-03-31 05:00:00,2026-03-31 13:30:00,PIH Health - Whittier Hospital,PIH Health - Whittier Hospital,102,,Cook 2
2026-03-31,2026-03-31 05:00:00,2026-03-31 13:30:00,PIH Health - Whittier Hospital,PIH Health - Whittier Hospital,110,,Prep Cook 2
2026-03-31,2026-03-31 05:30:00,2026-03-31 11:00:00,Empowered 4 Life Foundation,@ Empowered 4 Life Foundation,110,,Prep Cook 2
2026-03-31,2026-03-31 05:30:00,2026-03-31 14:30:00,"Fox Studio Lot, LLC",Fox Studio - Moe's Cafe BoH,102,,Cook 2
2026-03-31,2026-03-31 05:30:00,2026-03-31 14:00:00,Olive Grove Cafe,Kirkland and Ellis,102,,Cook 2
2026-03-31,2026-03-31 06:00:00,2026-03-31 13:30:00,Beverly Hills Unified School District,BHUSD - Beverly Hills High School,104,,General
2026-03-31,2026-03-31 06:00:00,2026-03-31 14:30:00,Capital Group - Irvine,Capital Group - Irvine | BOH,102,,Cook 2
2026-03-31,2026-03-31 06:00:00,2026-03-31 14:30:00,Capital Group - Irvine,Capital Group - Irvine | FOH,101,,Cashier
2026-03-31,2026-03-31 06:00:00,2026-03-31 14:30:00,City National Bank,City National Bank - Blue Ladder Cafe,105,,Dishwasher
2026-03-31,2026-03-31 06:00:00,2026-03-31 14:00:00,Commerce Casino,Commerce Casino - High Limit Kitchen | FOH | MON - TH,101,with runner duties,Cashier
2026-03-31,2026-03-31 06:00:00,2026-03-31 12:00:00,Crescent Heights Ten Thousand,Crescent Heights Ten Thousand - Buffet,115,,Server 2
2026-03-31,2026-03-31 06:00:00,2026-03-31 14:30:00,Edwards Lifesciences,Edwards Lifesciences FOH Bldg. C,101,,Cashier
2026-03-31,2026-03-31 06:00:00,2026-03-31 14:30:00,"Fox Studio Lot, LLC",Fox Studio - Commissary,102,,Cook 2
2026-03-31,2026-03-31 06:00:00,2026-03-31 15:00:00,"Fox Studio Lot, LLC",Fox Studio - News Cafe BoH,102,,Cook 2
2026-03-31,2026-03-31 06:00:00,2026-03-31 14:30:00,Martin Luther King Jr Hospital,Martin Luther King Jr. Hospital | BOH,102,,Cook 2
2026-03-31,2026-03-31 06:00:00,2026-03-31 14:30:00,Park Place Plaza,Park Place Plaza,110,,Prep Cook 2
2026-03-31,2026-03-31 06:00:00,2026-03-31 14:30:00,PIH Health - Downey Hospital,PIH Health - Downey Hospital,105,,Dishwasher
2026-03-31,2026-03-31 06:00:00,2026-03-31 15:00:00,Riviera Resort & Spa,Riviera Resort & Spa,102,,Cook 2
2026-03-31,2026-03-31 06:00:00,2026-03-31 15:00:00,Riviera Resort & Spa,Riviera Resort & Spa,102,,Cook 2
2026-03-31,2026-03-31 06:00:00,2026-03-31 14:30:00,USC Verdugo Hills Hospital,USC Verdugo Hills Hospital,102,,Cook 2
2026-03-31,2026-03-31 06:00:00,2026-03-31 14:30:00,VEA Hotel - Newport Beach,VEA Hotel - Newport Beach | Cooks,102,,Cook 2
2026-03-31,2026-03-31 06:15:00,2026-03-31 14:45:00,Disney Studios,Disney Studios | Big D Cafe Glendale,102,,Cook 2
2026-03-31,2026-03-31 06:30:00,2026-03-31 14:30:00,Amgen Thousand Oaks,Amgen Thousand Oaks - Bistro Cafe,102,,Cook 2
2026-03-31,2026-03-31 06:30:00,2026-03-31 15:00:00,Beverly Hills Hotel,Beverly Hills Hotel - Main Kitchen,102,,Cook 2
2026-03-31,2026-03-31 06:30:00,2026-03-31 14:30:00,City National Bank,City National Bank - Blue Ladder Cafe,101,,Cashier
2026-03-31,2026-03-31 06:30:00,2026-03-31 14:30:00,"LBVH Hotel, LLC - L'Ermitage Beverly Hills",L'Ermitage Beverly Hills,102,Only Experienced Cook,Cook 2
2026-03-31,2026-03-31 06:30:00,2026-03-31 15:00:00,Masimo Technology Cafe,Masimo Technology Cafe | FOH,115,,Server 2
2026-03-31,2026-03-31 06:30:00,2026-03-31 15:00:00,Park Place Plaza,Park Place Plaza,115,with Barista Duties,Server 2
2026-03-31,2026-03-31 06:30:00,2026-03-31 15:00:00,Pepperdine University,Pepperdine University - Calabasas Campus,102,,Cook 2
2026-03-31,2026-03-31 06:30:00,2026-03-31 15:00:00,SBLP Warner Center OPCO LLC - The Variel,The Variel of Woodland Hills,105,,Dishwasher
2026-03-31,2026-03-31 07:00:00,2026-03-31 14:30:00,Guckenheimer Cafe at Red Bull,Guckenheimer Cafe at Red Bull - Front of House,97,,Barista 2
2026-03-31,2026-03-31 07:00:00,2026-03-31 15:30:00,Martin Luther King Jr Hospital,Martin Luther King Jr. Hospital | BOH,102,,Cook 2
2026-03-31,2026-03-31 07:00:00,2026-03-31 15:30:00,NBC Universal,NBC Universal Studios | The Market Place,102,,Cook 2
2026-03-31,2026-03-31 07:00:00,2026-03-31 14:30:00,Park Place Plaza,Park Place Plaza,105,,Dishwasher
2026-03-31,2026-03-31 07:00:00,2026-03-31 15:30:00,"Platinum Equity, LLC",Platinum Equity LLC,102,,Cook 2
2026-03-31,2026-03-31 07:00:00,2026-03-31 15:30:00,"Platinum Equity, LLC",Platinum Equity LLC,105,,Dishwasher
2026-03-31,2026-03-31 07:00:00,2026-03-31 15:00:00,RAND Corporation,RAND Corporation,102,,Cook 2
2026-03-31,2026-03-31 07:00:00,2026-03-31 15:30:00,The Getty Center,The Getty Center - Cafe,102,,Cook 2
2026-03-31,2026-03-31 07:00:00,2026-03-31 15:30:00,The Meadowglade LLC,The Meadowglade,102,On going/ read description,Cook 2
2026-03-31,2026-03-31 07:00:00,2026-03-31 15:30:00,Union Station Homeless Services,Union Station Homeless Services - Adult Center,102,,Cook 2
2026-03-31,2026-03-31 07:00:00,2026-03-31 14:00:00,Union Station Homeless Services,Union Station Homeless Services - Adult Center,102,,Cook 2
2026-03-31,2026-03-31 07:00:00,2026-03-31 15:30:00,Warner Brothers,Warner Brothers,102,BRING KITCHEN KNIVES AND WEAR PROPER/SAFE KITCHEN SHOES. ,Cook 2
2026-03-31,2026-03-31 07:30:00,2026-03-31 15:30:00,Amgen Thousand Oaks,Amgen Thousand Oaks - Bistro Cafe,105,,Dishwasher
2026-03-31,2026-03-31 08:00:00,2026-03-31 16:00:00,"Fox Studio Lot, LLC",Fox Studio - Moe's Cafe BoH,105,,Dishwasher
2026-03-31,2026-03-31 08:00:00,2026-03-31 16:00:00,Hotel Bel Air,Hotel Bel Air - Main Kitchen,110,,Prep Cook 2
2026-03-31,2026-03-31 08:00:00,2026-03-31 14:00:00,Malibu Beach Inn,Malibu Beach Inn - BOH,105,,Dishwasher
2026-03-31,2026-03-31 08:00:00,2026-03-31 16:30:00,NFL LA Huddle Cafe,NFL LA Huddle Cafe,102,Must work 3 day assignment Tues- Thur,Cook 2
2026-03-31,2026-03-31 08:00:00,2026-03-31 16:00:00,"Platinum Equity, LLC",Platinum Equity LLC,102,,Cook 2
2026-03-31,2026-03-31 08:00:00,2026-03-31 14:30:00,Santa Clarita Valley Senior Center,Santa Clarita Valley Senior Center,105,,Dishwasher
2026-03-31,2026-03-31 08:00:00,2026-03-31 16:00:00,The Garland,The Garland,102,,Cook 2
2026-03-31,2026-03-31 08:30:00,2026-03-31 15:30:00,L.A. Galaxy,L.A. Galaxy,105,,Dishwasher
2026-03-31,2026-03-31 09:00:00,2026-03-31 17:30:00,"Platinum Equity, LLC",Platinum Equity LLC,105,,Dishwasher
2026-03-31,2026-03-31 09:00:00,2026-03-31 15:00:00,The Vered,The Vered,102,TB and LIVE Scan Required - Ongoing Shift - Do not publish,Cook 2
2026-03-31,2026-03-31 09:30:00,2026-03-31 14:00:00,Olive Grove Cafe,Olive Grove Cafe,101,with Food Runner Duties,Cashier
2026-03-31,2026-03-31 10:00:00,2026-03-31 18:30:00,Childrens Hospital Los Angeles,Childrens Hospital Los Angeles,105,,Dishwasher
2026-03-31,2026-03-31 10:00:00,2026-03-31 18:30:00,Griffin Club Los Angeles,Griffin Club Los Angeles,102,,Cook 2
2026-03-31,2026-03-31 10:00:00,2026-03-31 15:00:00,Pepperdine University,Pepperdine University - Calabasas Campus,102,,Cook 2
2026-03-31,2026-03-31 10:00:00,2026-03-31 15:00:00,Universal Music Group,Universal Music Group,105,,Dishwasher
2026-03-31,2026-03-31 11:00:00,2026-03-31 15:30:00,Guckenheimer Cafe at Red Bull,Guckenheimer Cafe at Red Bull - Back of House,105,,Dishwasher
2026-03-31,2026-03-31 11:00:00,2026-03-31 15:00:00,Pepperdine University,Pepperdine University - Calabasas Campus,102,,Cook 2
2026-03-31,2026-03-31 11:00:00,2026-03-31 19:30:00,PIH Health - Whittier Hospital,PIH Health - Whittier Hospital,102,,Cook 2
2026-03-31,2026-03-31 11:00:00,2026-03-31 19:00:00,The Vered,The Vered,102,,Cook 2
2026-03-31,2026-03-31 11:00:00,2026-03-31 19:30:00,University Village Thousand Oaks,University Village Thousand Oaks ,102,,Cook 2
2026-03-31,2026-03-31 11:30:00,2026-03-31 16:30:00,Google Spruce Goose Offices,Google Spruce Goose - Cafe,104,Dishwasher,General
2026-03-31,2026-03-31 12:00:00,2026-03-31 20:30:00,Cedars Sinai Medical Center,Cedars Sinai - Plaza & Cafe,102,Grill Cook,Cook 2
2026-03-31,2026-03-31 12:00:00,2026-03-31 20:30:00,Childrens Hospital Los Angeles,Childrens Hospital Los Angeles,104,Food Service Worker,General
2026-03-31,2026-03-31 12:00:00,2026-03-31 20:30:00,Griffin Club Los Angeles,Griffin Club Los Angeles,102,,Cook 2
2026-03-31,2026-03-31 12:00:00,2026-03-31 20:30:00,PIH Health - Whittier Hospital,PIH Health - Whittier Hospital,110,,Prep Cook 2
2026-03-31,2026-03-31 12:00:00,2026-03-31 20:30:00,SBLP Warner Center OPCO LLC - The Variel,The Variel of Woodland Hills,102,,Cook 2
2026-03-31,2026-03-31 12:00:00,2026-03-31 20:30:00,SBLP Warner Center OPCO LLC - The Variel,The Variel of Woodland Hills,102,,Cook 2
2026-03-31,2026-03-31 12:00:00,2026-03-31 18:00:00,St. Anne's Maternity,St. Anne's Maternity,105,,Dishwasher
2026-03-31,2026-03-31 12:00:00,2026-03-31 18:30:00,Terra  American Bistro Inc dba Terra Catering and Terra Hospitality Group,@ Terra American Bistro | OFFSITE,98,,Bartender 2
2026-03-31,2026-03-31 12:30:00,2026-03-31 21:00:00,Athenaeum Club,Athenaeum Kitchen,102,,Cook 2
2026-03-31,2026-03-31 13:00:00,2026-03-31 21:30:00,Griffin Club Los Angeles,Griffin Club Los Angeles,105,,Dishwasher
2026-03-31,2026-03-31 14:00:00,2026-03-31 22:30:00,Blue Devils Lessee LLC | Hyatt Centric Delfina Santa Monica,Hyatt Centric Delfina Santa Monica,264,Ongoing Assignment - Read description before signing up,Event Supervisor
2026-03-31,2026-03-31 14:00:00,2026-03-31 22:00:00,Commerce Casino,Commerce Casino - High Limit Kitchen | FOH | MON - TH,101,with limited runner duties,Cashier
2026-03-31,2026-03-31 14:00:00,2026-03-31 22:30:00,Martin Luther King Jr Hospital,Martin Luther King Jr. Hospital | BOH,102,,Cook 2
2026-03-31,2026-03-31 14:00:00,2026-03-31 22:30:00,SBLP Warner Center OPCO LLC - The Variel,The Variel of Woodland Hills,105,,Dishwasher
2026-03-31,2026-03-31 14:00:00,2026-03-31 22:30:00,SBLP Warner Center OPCO LLC - The Variel,The Variel of Woodland Hills,105,,Dishwasher
2026-03-31,2026-03-31 14:30:00,2026-03-31 23:00:00,Commerce Casino,Commerce Casino - Employee Dining Room,102,,Cook 2
2026-03-31,2026-03-31 14:30:00,2026-03-31 22:30:00,Viceroy Santa Monica Hotel,Viceroy Santa Monica Hotel,264,,Event Supervisor
2026-03-31,2026-03-31 15:00:00,2026-03-31 23:30:00,Crescent Heights Ten Thousand,Crescent Heights Ten Thousand - Butler Department,115,Butler/Porter,Server 2
2026-03-31,2026-03-31 15:00:00,2026-04-01 00:00:00,Riviera Resort & Spa,Riviera Resort & Spa,102,,Cook 2
2026-03-31,2026-03-31 15:00:00,2026-04-01 00:00:00,Riviera Resort & Spa,Riviera Resort & Spa,102,,Cook 2
2026-03-31,2026-03-31 15:00:00,2026-03-31 23:00:00,Viceroy Santa Monica Hotel,Viceroy Santa Monica Hotel,105,,Dishwasher
2026-03-31,2026-03-31 15:30:00,2026-03-31 23:00:00,Country Market Catering Inc dba Contemporary Catering,@ Contemporary Catering,102,,Cook 2
2026-03-31,2026-03-31 15:30:00,2026-03-31 22:00:00,Malibu Beach Inn,Malibu Beach Inn - BOH,105,,Dishwasher
2026-03-31,2026-03-31 16:00:00,2026-03-31 23:00:00,Canyon Palm Springs Hotel dba Thompson Palm Springs,Thompson Palm Springs |  FOH,99,,Busser
2026-03-31,2026-03-31 16:00:00,2026-03-31 22:30:00,Glen Arden Club,Glen Arden Club,98,,Bartender 2
2026-03-31,2026-03-31 17:00:00,2026-04-01 01:30:00,Pepperdine University,Pepperdine University - HAWC Cafe & Store,102,,Cook 2
2026-03-31,2026-03-31 17:30:00,2026-03-31 23:00:00,Country Market Catering Inc dba Contemporary Catering,@ Contemporary Catering,102,,Cook 2
2026-03-31,2026-03-31 17:30:00,2026-03-31 21:30:00,USC Verdugo Hills Hospital,USC Verdugo Hills Hospital,98,,Bartender 2
2026-03-31,2026-03-31 19:00:00,2026-04-01 01:30:00,Academy Museum of Motion Pictures,Academy Museum of Motion Pictures - Catering Kitchen,105,Report to Eddie,Dishwasher
2026-03-31,2026-03-31 22:00:00,2026-04-01 06:00:00,Commerce Casino,Commerce Casino - High Limit Kitchen | FOH | MON - TH,101,with Runner duties | overnight shift,Cashier
2026-03-31,2026-03-31 22:00:00,2026-04-01 06:30:00,Commerce Casino,Commerce Casino - Employee Dining Room,102,overnight shift,Cook 2
2026-04-01,2026-04-01 05:00:00,2026-04-01 13:30:00,Google Spruce Goose Offices,Google Spruce Goose - Catering Operations,102,,Cook 2
2026-04-01,2026-04-01 05:00:00,2026-04-01 13:30:00,People Assisting the Homeless,People Assisting the Homeless - YWCA,110,,Prep Cook 2
2026-04-01,2026-04-01 05:00:00,2026-04-01 13:30:00,PIH Health - Good Samaritan Hospital,PIH Health - Good Samaritan Hospital,290,,Cook 3
2026-04-01,2026-04-01 05:00:00,2026-04-01 13:30:00,PIH Health - Whittier Hospital,PIH Health - Whittier Hospital,102,,Cook 2
2026-04-01,2026-04-01 05:00:00,2026-04-01 13:30:00,PIH Health - Whittier Hospital,PIH Health - Whittier Hospital,110,,Prep Cook 2
2026-04-01,2026-04-01 05:30:00,2026-04-01 11:00:00,Empowered 4 Life Foundation,@ Empowered 4 Life Foundation,110,,Prep Cook 2
2026-04-01,2026-04-01 05:30:00,2026-04-01 14:30:00,"Fox Studio Lot, LLC",Fox Studio - Moe's Cafe BoH,102,,Cook 2
2026-04-01,2026-04-01 05:30:00,2026-04-01 14:00:00,Olive Grove Cafe,Kirkland and Ellis,102,,Cook 2
2026-04-01,2026-04-01 06:00:00,2026-04-01 14:00:00,Beverly Hills Unified School District,BHUSD - Beverly Hills High School,104,,General
2026-04-01,2026-04-01 06:00:00,2026-04-01 13:30:00,Beverly Hills Unified School District,BHUSD - Beverly Hills High School,102,,Cook 2
2026-04-01,2026-04-01 06:00:00,2026-04-01 14:30:00,Capital Group - Irvine,Capital Group - Irvine | BOH,102,,Cook 2
2026-04-01,2026-04-01 06:00:00,2026-04-01 14:30:00,Capital Group - Irvine,Capital Group - Irvine | FOH,101,,Cashier
2026-04-01,2026-04-01 06:00:00,2026-04-01 14:30:00,Disney Studios,Disney Studios | GC3 Cafe Glendale,102,,Cook 2
2026-04-01,2026-04-01 06:00:00,2026-04-01 14:30:00,Edwards Lifesciences,Edwards Lifesciences FOH Bldg. C,101,,Cashier
2026-04-01,2026-04-01 06:00:00,2026-04-01 14:30:00,Edwards Lifesciences,Edwards Lifesciences FOH Bldg. C,97,,Barista 2
2026-04-01,2026-04-01 06:00:00,2026-04-01 15:00:00,"Fox Studio Lot, LLC",Fox Studio - News Cafe BoH,102,,Cook 2
2026-04-01,2026-04-01 06:00:00,2026-04-01 14:30:00,"Fox Studio Lot, LLC",Fox Studio - Commissary,102,,Cook 2
2026-04-01,2026-04-01 06:00:00,2026-04-01 14:30:00,"LBVH Hotel, LLC - L'Ermitage Beverly Hills",L'Ermitage Beverly Hills,102,Only Experienced Cook,Cook 2
2026-04-01,2026-04-01 06:00:00,2026-04-01 14:30:00,Martin Luther King Jr Hospital,Martin Luther King Jr. Hospital | BOH,102,,Cook 2
2026-04-01,2026-04-01 06:00:00,2026-04-01 14:30:00,Park Place Plaza,Park Place Plaza,110,,Prep Cook 2
2026-04-01,2026-04-01 06:00:00,2026-04-01 14:30:00,PIH Health - Downey Hospital,PIH Health - Downey Hospital,105,,Dishwasher
2026-04-01,2026-04-01 06:00:00,2026-04-01 15:00:00,Riviera Resort & Spa,Riviera Resort & Spa,102,,Cook 2
2026-04-01,2026-04-01 06:00:00,2026-04-01 15:00:00,Riviera Resort & Spa,Riviera Resort & Spa,102,,Cook 2
2026-04-01,2026-04-01 06:00:00,2026-04-01 11:00:00,SBLP Warner Center OPCO LLC - The Variel,The Variel of Woodland Hills,102,,Cook 2
2026-04-01,2026-04-01 06:00:00,2026-04-01 14:30:00,VEA Hotel - Newport Beach,VEA Hotel - Newport Beach | Cooks,102,,Cook 2
2026-04-01,2026-04-01 06:15:00,2026-04-01 14:45:00,Disney Studios,Disney Studios | Big D Cafe Glendale,102,,Cook 2
2026-04-01,2026-04-01 06:30:00,2026-04-01 15:00:00,Amgen Thousand Oaks,Amgen Thousand Oaks - Terrace Cafe,102,,Cook 2
2026-04-01,2026-04-01 06:30:00,2026-04-01 14:30:00,Amgen Thousand Oaks,Amgen Thousand Oaks - Bistro Cafe,102,,Cook 2
2026-04-01,2026-04-01 06:30:00,2026-04-01 15:00:00,Childrens Hospital Los Angeles,Childrens Hospital Los Angeles,105,,Dishwasher
2026-04-01,2026-04-01 06:30:00,2026-04-01 15:00:00,Masimo Technology Cafe,Masimo Technology Cafe | FOH,115,,Server 2
2026-04-01,2026-04-01 06:30:00,2026-04-01 15:00:00,Park Place Plaza,Park Place Plaza,115,with Barista Duties,Server 2
2026-04-01,2026-04-01 06:30:00,2026-04-01 15:00:00,Pepperdine University,Pepperdine University - Calabasas Campus,102,,Cook 2
2026-04-01,2026-04-01 07:00:00,2026-04-01 15:30:00,Martin Luther King Jr Hospital,Martin Luther King Jr. Hospital | BOH,102,,Cook 2
2026-04-01,2026-04-01 07:00:00,2026-04-01 15:30:00,NBC Universal,NBC Universal Studios | The Market Place,102,,Cook 2
2026-04-01,2026-04-01 07:00:00,2026-04-01 15:00:00,Newport Harbor Yacht Club,Newport Harbor Yacht Club | Banquets,105,Heavy Lifting - Read Description,Dishwasher
2026-04-01,2026-04-01 07:00:00,2026-04-01 14:30:00,Park Place Plaza,Park Place Plaza,105,,Dishwasher
2026-04-01,2026-04-01 07:00:00,2026-04-01 15:30:00,"Platinum Equity, LLC",Platinum Equity LLC,105,,Dishwasher
2026-04-01,2026-04-01 07:00:00,2026-04-01 15:30:00,"Platinum Equity, LLC",Platinum Equity LLC,102,,Cook 2
2026-04-01,2026-04-01 07:00:00,2026-04-01 15:00:00,RAND Corporation,RAND Corporation,102,,Cook 2
2026-04-01,2026-04-01 07:00:00,2026-04-01 15:30:00,The Meadowglade LLC,The Meadowglade,102,On going/ read description,Cook 2
2026-04-01,2026-04-01 07:00:00,2026-04-01 15:30:00,Union Station Homeless Services,Union Station Homeless Services - Adult Center,102,,Cook 2
2026-04-01,2026-04-01 07:00:00,2026-04-01 14:00:00,Union Station Homeless Services,Union Station Homeless Services - Adult Center,102,,Cook 2
2026-04-01,2026-04-01 07:30:00,2026-04-01 15:30:00,Amgen Thousand Oaks,Amgen Thousand Oaks - Bistro Cafe,105,,Dishwasher
2026-04-01,2026-04-01 08:00:00,2026-04-01 16:00:00,"Fox Studio Lot, LLC",Fox Studio - Moe's Cafe BoH,105,,Dishwasher
2026-04-01,2026-04-01 08:00:00,2026-04-01 16:00:00,Hotel Bel Air,Hotel Bel Air - Main Kitchen,110,,Prep Cook 2
2026-04-01,2026-04-01 08:00:00,2026-04-01 14:00:00,Malibu Beach Inn,Malibu Beach Inn - BOH,105,,Dishwasher
2026-04-01,2026-04-01 08:00:00,2026-04-01 16:30:00,NFL LA Huddle Cafe,NFL LA Huddle Cafe,102,Must work 3 day assignment Tues- Thur,Cook 2
2026-04-01,2026-04-01 08:00:00,2026-04-01 16:00:00,"Platinum Equity, LLC",Platinum Equity LLC,102,,Cook 2
2026-04-01,2026-04-01 08:00:00,2026-04-01 14:30:00,Santa Clarita Valley Senior Center,Santa Clarita Valley Senior Center,105,,Dishwasher
2026-04-01,2026-04-01 08:00:00,2026-04-01 16:00:00,SBLP Warner Center OPCO LLC - The Variel,The Variel of Woodland Hills,105,,Dishwasher
2026-04-01,2026-04-01 08:00:00,2026-04-01 16:30:00,SBLP Warner Center OPCO LLC - The Variel,The Variel of Woodland Hills,102,,Cook 2
2026-04-01,2026-04-01 08:00:00,2026-04-01 12:00:00,St. Anne's Maternity,St. Anne's Maternity,115,,Server 2
2026-04-01,2026-04-01 09:00:00,2026-04-01 17:30:00,"Platinum Equity, LLC",Platinum Equity LLC,105,,Dishwasher
2026-04-01,2026-04-01 09:00:00,2026-04-01 15:00:00,The Vered,The Vered,102,TB and LIVE Scan Required - Ongoing Shift - Do not publish,Cook 2
2026-04-01,2026-04-01 09:30:00,2026-04-01 17:30:00,Malibu Beach Inn,Malibu Beach Inn - BOH,107,Housekeeping,Houseperson
2026-04-01,2026-04-01 10:00:00,2026-04-01 18:30:00,Four Seasons Hotel Westlake Village,Four Seasons Hotel Westlake Village ,102,pastry experience preferred,Cook 2
2026-04-01,2026-04-01 10:00:00,2026-04-01 18:30:00,Griffin Club Los Angeles,Griffin Club Los Angeles,102,,Cook 2
2026-04-01,2026-04-01 10:00:00,2026-04-01 15:00:00,Universal Music Group,Universal Music Group,105,,Dishwasher
2026-04-01,2026-04-01 11:00:00,2026-04-01 15:30:00,Guckenheimer Cafe at Red Bull,Guckenheimer Cafe at Red Bull - Back of House,105,,Dishwasher
2026-04-01,2026-04-01 11:00:00,2026-04-01 19:30:00,PIH Health - Whittier Hospital,PIH Health - Whittier Hospital,102,,Cook 2
2026-04-01,2026-04-01 11:00:00,2026-04-01 19:30:00,University Village Thousand Oaks,University Village Thousand Oaks ,102,,Cook 2
2026-04-01,2026-04-01 11:00:00,2026-04-01 19:30:00,VEA Hotel - Newport Beach,VEA Hotel - Newport Beach | Cooks,102,,Cook 2
2026-04-01,2026-04-01 12:00:00,2026-04-01 20:00:00,Academy Museum of Motion Pictures,Academy Museum of Motion Pictures - Fanny's Restaurant,105,,Dishwasher
2026-04-01,2026-04-01 12:00:00,2026-04-01 20:30:00,Cedars Sinai Medical Center,Cedars Sinai - Plaza & Cafe,102,Grill Cook,Cook 2
2026-04-01,2026-04-01 12:00:00,2026-04-01 20:30:00,Childrens Hospital Los Angeles,Childrens Hospital Los Angeles,104,Food Service Worker,General
2026-04-01,2026-04-01 12:00:00,2026-04-01 20:30:00,Griffin Club Los Angeles,Griffin Club Los Angeles,102,,Cook 2
2026-04-01,2026-04-01 12:00:00,2026-04-01 20:30:00,PIH Health - Whittier Hospital,PIH Health - Whittier Hospital,110,,Prep Cook 2
2026-04-01,2026-04-01 12:00:00,2026-04-01 20:30:00,SBLP Warner Center OPCO LLC - The Variel,The Variel of Woodland Hills,102,,Cook 2
2026-04-01,2026-04-01 12:30:00,2026-04-01 21:00:00,Athenaeum Club,Athenaeum Kitchen,102,,Cook 2
2026-04-01,2026-04-01 13:00:00,2026-04-01 21:30:00,Griffin Club Los Angeles,Griffin Club Los Angeles,105,,Dishwasher
2026-04-01,2026-04-01 14:00:00,2026-04-01 21:30:00,"Nowsta Labor Marketplace, LLC",Legends - SoFi Stadium,264,,Event Supervisor
2026-04-01,2026-04-01 14:00:00,2026-04-01 22:30:00,SBLP Warner Center OPCO LLC - The Variel,The Variel of Woodland Hills,105,,Dishwasher
2026-04-01,2026-04-01 14:00:00,2026-04-01 22:30:00,SBLP Warner Center OPCO LLC - The Variel,The Variel of Woodland Hills,105,,Dishwasher
2026-04-01,2026-04-01 14:30:00,2026-04-01 22:30:00,Hilton Palm Springs,Hilton Palm Springs,115,URGENT,Server 2
2026-04-01,2026-04-01 14:30:00,2026-04-01 20:00:00,"Nowsta Labor Marketplace, LLC",Legends - SoFi Stadium,229,,Concessions Worker
2026-04-01,2026-04-01 14:30:00,2026-04-01 23:00:00,VH Property Corp. dba Trump National Golf Club Los Angeles,Trump National Golf Course Los Angeles | BOH,102,,Cook 2
2026-04-01,2026-04-01 14:30:00,2026-04-01 22:30:00,Viceroy Santa Monica Hotel,Viceroy Santa Monica Hotel,264,,Event Supervisor
2026-04-01,2026-04-01 15:00:00,2026-04-01 23:30:00,Crescent Heights Ten Thousand,Crescent Heights Ten Thousand - Butler Department,115,Butler/Porter,Server 2
2026-04-01,2026-04-01 15:00:00,2026-04-01 20:00:00,Middleby Residential SoCal,Middleby Residential SoCal,105,,Dishwasher
2026-04-01,2026-04-01 15:00:00,2026-04-02 00:00:00,Riviera Resort & Spa,Riviera Resort & Spa,102,,Cook 2
2026-04-01,2026-04-01 15:30:00,2026-04-01 22:00:00,Malibu Beach Inn,Malibu Beach Inn - BOH,105,,Dishwasher
2026-04-01,2026-04-01 15:30:00,2026-04-01 21:00:00,"Nowsta Labor Marketplace, LLC",Legends - SoFi Stadium,98,,Bartender 2
2026-04-01,2026-04-01 16:00:00,2026-04-01 23:00:00,Canyon Palm Springs Hotel dba Thompson Palm Springs,Thompson Palm Springs |  FOH,99,,Busser
2026-04-01,2026-04-01 16:00:00,2026-04-01 20:00:00,Middleby Residential SoCal,Middleby Residential SoCal,98,,Bartender 2
2026-04-01,2026-04-01 16:00:00,2026-04-01 20:00:00,Middleby Residential SoCal,Middleby Residential SoCal,115,,Server 2
2026-04-01,2026-04-01 17:00:00,2026-04-02 01:30:00,Pepperdine University,Pepperdine University - HAWC Cafe & Store,102,,Cook 2
2026-04-01,2026-04-01 17:00:00,2026-04-01 22:30:00,Private - Kathryn Strom,@ Private - Kathryn Strom,287,,Server 3
2026-04-01,2026-04-01 18:00:00,2026-04-01 22:00:00,Martin Luther King Jr Hospital,Martin Luther King Jr. Hospital | BOH,102,,Cook 2
2026-04-01,2026-04-01 18:00:00,2026-04-01 22:30:00,Private - Kathryn Strom,@ Private - Kathryn Strom,287,,Server 3
2026-04-01,2026-04-01 22:00:00,2026-04-02 06:30:00,Commerce Casino,Commerce Casino - Employee Dining Room,102,overnight shift,Cook 2
2026-04-02,2026-04-02 05:00:00,2026-04-02 13:30:00,Google Spruce Goose Offices,Google Spruce Goose - Catering Operations,102,,Cook 2
2026-04-02,2026-04-02 05:00:00,2026-04-02 13:30:00,People Assisting the Homeless,People Assisting the Homeless - YWCA,110,,Prep Cook 2
2026-04-02,2026-04-02 05:00:00,2026-04-02 13:30:00,PIH Health - Good Samaritan Hospital,PIH Health - Good Samaritan Hospital,290,,Cook 3
2026-04-02,2026-04-02 05:00:00,2026-04-02 13:30:00,PIH Health - Whittier Hospital,PIH Health - Whittier Hospital,102,,Cook 2
2026-04-02,2026-04-02 05:00:00,2026-04-02 13:30:00,PIH Health - Whittier Hospital,PIH Health - Whittier Hospital,110,,Prep Cook 2
2026-04-02,2026-04-02 05:30:00,2026-04-02 11:00:00,Empowered 4 Life Foundation,@ Empowered 4 Life Foundation,110,,Prep Cook 2
2026-04-02,2026-04-02 05:30:00,2026-04-02 14:30:00,"Fox Studio Lot, LLC",Fox Studio - Moe's Cafe BoH,102,,Cook 2
2026-04-02,2026-04-02 05:30:00,2026-04-02 14:00:00,Olive Grove Cafe,Kirkland and Ellis,102,,Cook 2
2026-04-02,2026-04-02 05:30:00,2026-04-02 14:00:00,Teledyne,Teledyne,102,,Cook 2
2026-04-02,2026-04-02 06:00:00,2026-04-02 14:30:00,Capital Group - Irvine,Capital Group - Irvine | FOH,101,,Cashier
2026-04-02,2026-04-02 06:00:00,2026-04-02 14:30:00,Capital Group - Irvine,Capital Group - Irvine | BOH,102,,Cook 2
2026-04-02,2026-04-02 06:00:00,2026-04-02 14:30:00,Disney Studios,Disney Studios | GC3 Cafe Glendale,102,,Cook 2
2026-04-02,2026-04-02 06:00:00,2026-04-02 14:30:00,Edwards Lifesciences,Edwards Lifesciences FOH Bldg. C,101,,Cashier
2026-04-02,2026-04-02 06:00:00,2026-04-02 14:30:00,Edwards Lifesciences,Edwards Lifesciences FOH Bldg. C,101,,Cashier
2026-04-02,2026-04-02 06:00:00,2026-04-02 15:00:00,"Fox Studio Lot, LLC",Fox Studio - News Cafe BoH,102,,Cook 2
2026-04-02,2026-04-02 06:00:00,2026-04-02 14:30:00,"Fox Studio Lot, LLC",Fox Studio - Commissary,102,,Cook 2
2026-04-02,2026-04-02 06:00:00,2026-04-02 14:30:00,"LBVH Hotel, LLC - L'Ermitage Beverly Hills",L'Ermitage Beverly Hills,102,Only Experienced Cook,Cook 2
2026-04-02,2026-04-02 06:00:00,2026-04-02 14:30:00,Martin Luther King Jr Hospital,Martin Luther King Jr. Hospital | BOH,102,,Cook 2
2026-04-02,2026-04-02 06:00:00,2026-04-02 14:30:00,Park Place Plaza,Park Place Plaza,110,,Prep Cook 2
2026-04-02,2026-04-02 06:00:00,2026-04-02 15:00:00,Riviera Resort & Spa,Riviera Resort & Spa,102,,Cook 2
2026-04-02,2026-04-02 06:00:00,2026-04-02 15:00:00,Riviera Resort & Spa,Riviera Resort & Spa,102,,Cook 2
2026-04-02,2026-04-02 06:30:00,2026-04-02 14:30:00,Amgen Thousand Oaks,Amgen Thousand Oaks - Bistro Cafe,102,,Cook 2
2026-04-02,2026-04-02 06:30:00,2026-04-02 15:00:00,Amgen Thousand Oaks,Amgen Thousand Oaks - Terrace Cafe,102,,Cook 2
2026-04-02,2026-04-02 06:30:00,2026-04-02 15:00:00,Childrens Hospital Los Angeles,Childrens Hospital Los Angeles,105,,Dishwasher
2026-04-02,2026-04-02 06:30:00,2026-04-02 15:00:00,Park Place Plaza,Park Place Plaza,115,with Barista Duties,Server 2
2026-04-02,2026-04-02 06:30:00,2026-04-02 15:00:00,Pepperdine University,Pepperdine University - Calabasas Campus,102,,Cook 2
2026-04-02,2026-04-02 06:30:00,2026-04-02 15:00:00,SBLP Warner Center OPCO LLC - The Variel,The Variel of Woodland Hills,105,,Dishwasher
2026-04-02,2026-04-02 07:00:00,2026-04-02 15:30:00,Crescent Heights Ten Thousand,Crescent Heights Ten Thousand - Butler Department,115,Butler/Porter,Server 2
2026-04-02,2026-04-02 07:00:00,2026-04-02 14:30:00,Guckenheimer Cafe at Red Bull,Guckenheimer Cafe at Red Bull - Front of House,97,,Barista 2
2026-04-02,2026-04-02 07:00:00,2026-04-02 11:00:00,KMR Gourmet Catering,KMR Gourmet Catering - Offsite,287,,Server 3
2026-04-02,2026-04-02 07:00:00,2026-04-02 15:30:00,Martin Luther King Jr Hospital,Martin Luther King Jr. Hospital | BOH,102,,Cook 2
2026-04-02,2026-04-02 07:00:00,2026-04-02 15:30:00,NBC Universal,NBC Universal Studios | The Market Place,102,,Cook 2
2026-04-02,2026-04-02 07:00:00,2026-04-02 15:00:00,Newport Harbor Yacht Club,Newport Harbor Yacht Club | Banquets,105,Heavy Lifting - Read Description,Dishwasher
2026-04-02,2026-04-02 07:00:00,2026-04-02 15:30:00,"Platinum Equity, LLC",Platinum Equity LLC,102,,Cook 2
2026-04-02,2026-04-02 07:00:00,2026-04-02 15:30:00,"Platinum Equity, LLC",Platinum Equity LLC,105,,Dishwasher
2026-04-02,2026-04-02 07:00:00,2026-04-02 15:00:00,RAND Corporation,RAND Corporation,102,,Cook 2
2026-04-02,2026-04-02 07:00:00,2026-04-02 15:30:00,The Meadowglade LLC,The Meadowglade,102,On going/ read description,Cook 2
2026-04-02,2026-04-02 07:00:00,2026-04-02 15:30:00,Union Station Homeless Services,Union Station Homeless Services - Adult Center,102,,Cook 2
2026-04-02,2026-04-02 07:00:00,2026-04-02 14:00:00,Union Station Homeless Services,Union Station Homeless Services - Adult Center,102,,Cook 2
2026-04-02,2026-04-02 07:30:00,2026-04-02 15:30:00,Amgen Thousand Oaks,Amgen Thousand Oaks - Bistro Cafe,105,,Dishwasher
2026-04-02,2026-04-02 07:30:00,2026-04-02 15:30:00,Disney Studios,Disney Studios | Rotunda Restaurant,99,,Busser
2026-04-02,2026-04-02 07:30:00,2026-04-02 15:30:00,Edwards Lifesciences,Edwards Lifesciences FOH Bldg. C,97,,Barista 2
2026-04-02,2026-04-02 08:00:00,2026-04-02 16:00:00,"Fox Studio Lot, LLC",Fox Studio - Moe's Cafe BoH,105,,Dishwasher
2026-04-02,2026-04-02 08:00:00,2026-04-02 16:00:00,Hotel Bel Air,Hotel Bel Air - Main Kitchen,110,,Prep Cook 2
2026-04-02,2026-04-02 08:00:00,2026-04-02 14:00:00,Malibu Beach Inn,Malibu Beach Inn - BOH,105,,Dishwasher
2026-04-02,2026-04-02 08:00:00,2026-04-02 16:30:00,NFL LA Huddle Cafe,NFL LA Huddle Cafe,102,Must work 3 day assignment Tues- Thur,Cook 2
2026-04-02,2026-04-02 08:00:00,2026-04-02 16:00:00,"Platinum Equity, LLC",Platinum Equity LLC,102,,Cook 2
2026-04-02,2026-04-02 08:00:00,2026-04-02 14:30:00,Santa Clarita Valley Senior Center,Santa Clarita Valley Senior Center,105,,Dishwasher
2026-04-02,2026-04-02 08:00:00,2026-04-02 16:30:00,SBLP Warner Center OPCO LLC - The Variel,The Variel of Woodland Hills,102,,Cook 2
2026-04-02,2026-04-02 08:00:00,2026-04-02 16:30:00,USC Verdugo Hills Hospital,USC Verdugo Hills Hospital,105,,Dishwasher
2026-04-02,2026-04-02 09:00:00,2026-04-02 15:00:00,The Vered,The Vered,102,TB and LIVE Scan Required - Ongoing Shift - Do not publish,Cook 2
2026-04-02,2026-04-02 09:30:00,2026-04-02 17:30:00,Malibu Beach Inn,Malibu Beach Inn - BOH,107,Housekeeping,Houseperson
2026-04-02,2026-04-02 10:00:00,2026-04-02 18:30:00,Four Seasons Hotel Westlake Village,Four Seasons Hotel Westlake Village ,102,pastry experience preferred,Cook 2
2026-04-02,2026-04-02 10:00:00,2026-04-02 15:00:00,Universal Music Group,Universal Music Group,105,,Dishwasher
2026-04-02,2026-04-02 11:00:00,2026-04-02 19:30:00,PIH Health - Whittier Hospital,PIH Health - Whittier Hospital,102,,Cook 2
2026-04-02,2026-04-02 11:00:00,2026-04-02 19:30:00,The Vered,The Vered,102,,Cook 2
2026-04-02,2026-04-02 11:00:00,2026-04-02 19:30:00,University Village Thousand Oaks,University Village Thousand Oaks ,102,,Cook 2
2026-04-02,2026-04-02 11:30:00,2026-04-02 20:00:00,People Assisting the Homeless,People Assisting the Homeless - YWCA,110,,Prep Cook 2
2026-04-02,2026-04-02 12:00:00,2026-04-02 20:30:00,Cedars Sinai Medical Center,Cedars Sinai - Plaza & Cafe,102,Grill Cook,Cook 2
2026-04-02,2026-04-02 12:00:00,2026-04-02 20:30:00,PIH Health - Whittier Hospital,PIH Health - Whittier Hospital,110,,Prep Cook 2
2026-04-02,2026-04-02 12:00:00,2026-04-02 20:30:00,SBLP Warner Center OPCO LLC - The Variel,The Variel of Woodland Hills,102,,Cook 2
2026-04-02,2026-04-02 12:00:00,2026-04-02 18:00:00,St. Anne's Maternity,St. Anne's Maternity,105,,Dishwasher
2026-04-02,2026-04-02 12:30:00,2026-04-02 21:00:00,Athenaeum Club,Athenaeum Kitchen,102,,Cook 2
2026-04-02,2026-04-02 12:30:00,2026-04-02 21:00:00,Henry Mayo Newhall Hospital,Henry Mayo Newhall Hospital,102,MUST BE TB TESTED AND PHYSICAL before 1st shift | ongoing ass. ,Cook 2
2026-04-02,2026-04-02 13:00:00,2026-04-02 21:30:00,Griffin Club Los Angeles,Griffin Club Los Angeles,102,,Cook 2
2026-04-02,2026-04-02 13:00:00,2026-04-02 21:30:00,Griffin Club Los Angeles,Griffin Club Los Angeles,105,,Dishwasher
2026-04-02,2026-04-02 14:00:00,2026-04-02 22:30:00,Griffin Club Los Angeles,Griffin Club Los Angeles,105,,Dishwasher
2026-04-02,2026-04-02 14:00:00,2026-04-02 22:30:00,Martin Luther King Jr Hospital,Martin Luther King Jr. Hospital | BOH,102,,Cook 2
2026-04-02,2026-04-02 14:00:00,2026-04-02 22:30:00,SBLP Warner Center OPCO LLC - The Variel,The Variel of Woodland Hills,105,,Dishwasher
2026-04-02,2026-04-02 14:30:00,2026-04-02 23:00:00,Commerce Casino,Commerce Casino - Employee Dining Room,102,,Cook 2
2026-04-02,2026-04-02 14:30:00,2026-04-02 23:00:00,VH Property Corp. dba Trump National Golf Club Los Angeles,Trump National Golf Course Los Angeles | BOH,102,,Cook 2
2026-04-02,2026-04-02 15:00:00,2026-04-02 23:30:00,Crescent Heights Ten Thousand,Crescent Heights Ten Thousand - Butler Department,115,Butler/Porter,Server 2
2026-04-02,2026-04-02 15:00:00,2026-04-02 22:00:00,Malibu Beach Inn,Malibu Beach Inn - BOH,105,,Dishwasher
2026-04-02,2026-04-02 15:00:00,2026-04-03 00:00:00,Riviera Resort & Spa,Riviera Resort & Spa,102,,Cook 2
2026-04-02,2026-04-02 16:00:00,2026-04-02 21:00:00,Academy Museum of Motion Pictures,Academy Museum of Motion Pictures - Fanny's Restaurant,105,,Dishwasher
2026-04-02,2026-04-02 16:00:00,2026-04-02 23:00:00,Canyon Palm Springs Hotel dba Thompson Palm Springs,Thompson Palm Springs |  FOH,99,,Busser
2026-04-02,2026-04-02 16:00:00,2026-04-02 23:00:00,Canyon Palm Springs Hotel dba Thompson Palm Springs,Thompson Palm Springs |  FOH,99,,Busser
2026-04-02,2026-04-02 16:00:00,2026-04-02 21:00:00,Villa Portofino,Villa Portofino,115,,Server 2
2026-04-02,2026-04-02 16:00:00,2026-04-02 20:30:00,Villa Portofino,Villa Portofino,105,,Dishwasher
2026-04-02,2026-04-02 17:00:00,2026-04-02 22:30:00,Griffin Club Los Angeles,Griffin Club Los Angeles,105,,Dishwasher
2026-04-02,2026-04-02 17:00:00,2026-04-03 01:30:00,Pepperdine University,Pepperdine University - HAWC Cafe & Store,102,,Cook 2
2026-04-02,2026-04-02 22:00:00,2026-04-03 06:30:00,Commerce Casino,Commerce Casino - Employee Dining Room,102,overnight shift,Cook 2
2026-04-03,2026-04-03 05:00:00,2026-04-03 13:30:00,Google Spruce Goose Offices,Google Spruce Goose - Catering Operations,102,,Cook 2
2026-04-03,2026-04-03 05:00:00,2026-04-03 13:30:00,People Assisting the Homeless,People Assisting the Homeless - YWCA,110,,Prep Cook 2
2026-04-03,2026-04-03 05:00:00,2026-04-03 13:30:00,PIH Health - Good Samaritan Hospital,PIH Health - Good Samaritan Hospital,290,,Cook 3
2026-04-03,2026-04-03 05:00:00,2026-04-03 13:30:00,PIH Health - Whittier Hospital,PIH Health - Whittier Hospital,102,,Cook 2
2026-04-03,2026-04-03 05:30:00,2026-04-03 11:00:00,Empowered 4 Life Foundation,@ Empowered 4 Life Foundation,110,,Prep Cook 2
2026-04-03,2026-04-03 05:30:00,2026-04-03 14:30:00,"Fox Studio Lot, LLC",Fox Studio - Moe's Cafe BoH,102,,Cook 2
2026-04-03,2026-04-03 06:00:00,2026-04-03 14:30:00,City National Bank,City National Bank - Blue Ladder Cafe,105,,Dishwasher
2026-04-03,2026-04-03 06:00:00,2026-04-03 12:00:00,Crescent Heights Ten Thousand,Crescent Heights Ten Thousand - Buffet,115,,Server 2
2026-04-03,2026-04-03 06:00:00,2026-04-03 12:00:00,Disney Studios,Disney Studios | Rotunda Restaurant,102,,Cook 2
2026-04-03,2026-04-03 06:00:00,2026-04-03 14:30:00,Edwards Lifesciences,Edwards Lifesciences FOH Bldg. C,101,,Cashier
2026-04-03,2026-04-03 06:00:00,2026-04-03 14:30:00,Edwards Lifesciences,Edwards Lifesciences FOH Bldg. C,101,,Cashier
2026-04-03,2026-04-03 06:00:00,2026-04-03 14:30:00,"LBVH Hotel, LLC - L'Ermitage Beverly Hills",L'Ermitage Beverly Hills,102,Only Experienced Cook,Cook 2
2026-04-03,2026-04-03 06:00:00,2026-04-03 14:30:00,Martin Luther King Jr Hospital,Martin Luther King Jr. Hospital | BOH,102,,Cook 2
2026-04-03,2026-04-03 06:00:00,2026-04-03 14:30:00,PIH Health - Downey Hospital,PIH Health - Downey Hospital,105,,Dishwasher
2026-04-03,2026-04-03 06:00:00,2026-04-03 15:00:00,Riviera Resort & Spa,Riviera Resort & Spa,102,,Cook 2
2026-04-03,2026-04-03 06:00:00,2026-04-03 12:00:00,SBLP Warner Center OPCO LLC - The Variel,The Variel of Woodland Hills,102,,Cook 2
2026-04-03,2026-04-03 06:00:00,2026-04-03 14:30:00,The Getty Center,The Getty Center - Cafe,102,,Cook 2
2026-04-03,2026-04-03 06:00:00,2026-04-03 14:30:00,USC Verdugo Hills Hospital,USC Verdugo Hills Hospital,102,,Cook 2
2026-04-03,2026-04-03 06:00:00,2026-04-03 14:30:00,VEA Hotel - Newport Beach,VEA Hotel - Newport Beach | Cooks,102,,Cook 2
2026-04-03,2026-04-03 06:30:00,2026-04-03 15:00:00,Amgen Thousand Oaks,Amgen Thousand Oaks - Terrace Cafe,102,,Cook 2
2026-04-03,2026-04-03 06:30:00,2026-04-03 14:30:00,Amgen Thousand Oaks,Amgen Thousand Oaks - Bistro Cafe,102,,Cook 2
2026-04-03,2026-04-03 06:30:00,2026-04-03 15:00:00,Childrens Hospital Los Angeles,Childrens Hospital Los Angeles,105,,Dishwasher
2026-04-03,2026-04-03 06:30:00,2026-04-03 15:00:00,Park Place Plaza,Park Place Plaza,115,with Barista Duties,Server 2
2026-04-03,2026-04-03 07:00:00,2026-04-03 11:00:00,Beverly Hills Unified School District,BHUSD - Beverly Hills High School,104,,General
2026-04-03,2026-04-03 07:00:00,2026-04-03 15:30:00,Martin Luther King Jr Hospital,Martin Luther King Jr. Hospital | BOH,102,,Cook 2
2026-04-03,2026-04-03 07:00:00,2026-04-03 15:00:00,Newport Harbor Yacht Club,Newport Harbor Yacht Club | Banquets,105,Heavy Lifting - Read Description,Dishwasher
2026-04-03,2026-04-03 07:00:00,2026-04-03 15:00:00,PIH Health - Good Samaritan Hospital,PIH Health - Good Samaritan Hospital,104,Utility,General
2026-04-03,2026-04-03 07:00:00,2026-04-03 15:00:00,RAND Corporation,RAND Corporation,105,,Dishwasher
2026-04-03,2026-04-03 07:00:00,2026-04-03 15:30:00,The Getty Center,The Getty Center - Cafe,102,,Cook 2
2026-04-03,2026-04-03 07:00:00,2026-04-03 15:30:00,The Getty Villa,The Getty Villa BOH,102,,Cook 2
2026-04-03,2026-04-03 07:00:00,2026-04-03 15:30:00,The Meadowglade LLC,The Meadowglade,102,,Cook 2
2026-04-03,2026-04-03 07:00:00,2026-04-03 14:00:00,Union Station Homeless Services,Union Station Homeless Services - Adult Center,102,,Cook 2
2026-04-03,2026-04-03 07:00:00,2026-04-03 15:30:00,Union Station Homeless Services,Union Station Homeless Services - Adult Center,102,,Cook 2
2026-04-03,2026-04-03 07:30:00,2026-04-03 15:30:00,Amgen Thousand Oaks,Amgen Thousand Oaks - Bistro Cafe,105,,Dishwasher
2026-04-03,2026-04-03 07:30:00,2026-04-03 15:30:00,Edwards Lifesciences,Edwards Lifesciences FOH Bldg. C,97,,Barista 2
2026-04-03,2026-04-03 08:00:00,2026-04-03 16:30:00,Athenaeum Club,Athenaeum Housekeeping,104,assistance with deep cleaning and window washing in some areas of the club.,General
2026-04-03,2026-04-03 08:00:00,2026-04-03 16:30:00,Crescent Heights Ten Thousand,Crescent Heights Ten Thousand - Butler Department,115,Butler/Porter,Server 2
2026-04-03,2026-04-03 08:00:00,2026-04-03 16:00:00,"Fox Studio Lot, LLC",Fox Studio - Moe's Cafe BoH,105,,Dishwasher
2026-04-03,2026-04-03 08:00:00,2026-04-03 16:00:00,Hotel Bel Air,Hotel Bel Air - Main Kitchen,110,,Prep Cook 2
2026-04-03,2026-04-03 08:00:00,2026-04-03 15:00:00,Malibu Beach Inn,Malibu Beach Inn - BOH,105,,Dishwasher
2026-04-03,2026-04-03 08:00:00,2026-04-03 14:30:00,Santa Clarita Valley Senior Center,Santa Clarita Valley Senior Center,105,,Dishwasher
2026-04-03,2026-04-03 08:00:00,2026-04-03 16:00:00,SBLP Warner Center OPCO LLC - The Variel,The Variel of Woodland Hills,105,,Dishwasher
2026-04-03,2026-04-03 08:00:00,2026-04-03 16:00:00,The Garland,The Garland,102,,Cook 2
2026-04-03,2026-04-03 09:00:00,2026-04-03 17:30:00,Edwards Lifesciences,Edwards Lifesciences FOH Bldg. C,101,,Cashier
2026-04-03,2026-04-03 09:00:00,2026-04-03 15:00:00,The Vered,The Vered,102,TB and LIVE Scan Required - Ongoing Shift - Do not publish,Cook 2
2026-04-03,2026-04-03 09:30:00,2026-04-03 17:30:00,Malibu Beach Inn,Malibu Beach Inn - BOH,107,Housekeeping,Houseperson
2026-04-03,2026-04-03 10:00:00,2026-04-03 18:30:00,Four Seasons Hotel Westlake Village,Four Seasons Hotel Westlake Village ,102,pastry experience preferred,Cook 2
2026-04-03,2026-04-03 10:00:00,2026-04-03 16:00:00,"Fox Studio Lot, LLC",Fox Studio - Moe's Cafe FoH,99,,Busser
2026-04-03,2026-04-03 10:00:00,2026-04-03 18:30:00,Griffin Club Los Angeles,Griffin Club Los Angeles,102,,Cook 2
2026-04-03,2026-04-03 11:00:00,2026-04-03 19:30:00,PIH Health - Whittier Hospital,PIH Health - Whittier Hospital,102,,Cook 2
2026-04-03,2026-04-03 11:00:00,2026-04-03 19:30:00,University Village Thousand Oaks,University Village Thousand Oaks ,102,,Cook 2
2026-04-03,2026-04-03 11:30:00,2026-04-03 16:00:00,Google Spruce Goose Offices,Google Spruce Goose - Cafe,104,Dishwasher,General
2026-04-03,2026-04-03 12:00:00,2026-04-03 17:00:00,Griffin Club Los Angeles,Griffin Club Los Angeles,102,,Cook 2
2026-04-03,2026-04-03 12:00:00,2026-04-03 20:30:00,USC Verdugo Hills Hospital,USC Verdugo Hills Hospital,105,,Dishwasher
2026-04-03,2026-04-03 12:30:00,2026-04-03 21:00:00,Athenaeum Club,Athenaeum Kitchen,102,,Cook 2
2026-04-03,2026-04-03 12:30:00,2026-04-03 21:00:00,Henry Mayo Newhall Hospital,Henry Mayo Newhall Hospital,102,MUST BE TB TESTED AND PHYSICAL before 1st shift | ongoing ass. ,Cook 2
2026-04-03,2026-04-03 13:00:00,2026-04-03 21:30:00,Crescent Heights Ten Thousand,Crescent Heights Ten Thousand - Butler Department,115,Butler/Porter,Server 2
2026-04-03,2026-04-03 13:00:00,2026-04-03 22:00:00,Griffin Club Los Angeles,Griffin Club Los Angeles,105,,Dishwasher
2026-04-03,2026-04-03 13:30:00,2026-04-03 20:30:00,"Nowsta Labor Marketplace, LLC",Legends - SoFi Stadium,264,,Event Supervisor
2026-04-03,2026-04-03 14:00:00,2026-04-03 22:30:00,Griffin Club Los Angeles,Griffin Club Los Angeles,105,,Dishwasher
2026-04-03,2026-04-03 14:00:00,2026-04-03 22:30:00,Martin Luther King Jr Hospital,Martin Luther King Jr. Hospital | BOH,102,,Cook 2
2026-04-03,2026-04-03 14:00:00,2026-04-03 22:30:00,SBLP Warner Center OPCO LLC - The Variel,The Variel of Woodland Hills,105,,Dishwasher
2026-04-03,2026-04-03 14:30:00,2026-04-03 23:00:00,Commerce Casino,Commerce Casino - Employee Dining Room,102,,Cook 2
2026-04-03,2026-04-03 14:30:00,2026-04-03 23:00:00,"Lido House, Autograph Collection","Lido House, Autograph Collection",102,,Cook 2
2026-04-03,2026-04-03 14:30:00,2026-04-03 20:00:00,"Nowsta Labor Marketplace, LLC",Legends - SoFi Stadium,229,,Concessions Worker
2026-04-03,2026-04-03 14:30:00,2026-04-03 23:00:00,VH Property Corp. dba Trump National Golf Club Los Angeles,Trump National Golf Course Los Angeles | BOH,102,,Cook 2
2026-04-03,2026-04-03 15:00:00,2026-04-03 23:30:00,Crescent Heights Ten Thousand,Crescent Heights Ten Thousand - Butler Department,115,Butler/Porter,Server 2
2026-04-03,2026-04-03 15:00:00,2026-04-03 23:30:00,Crescent Heights Ten Thousand,Crescent Heights Ten Thousand - Butler Department,115,Butler/Porter,Server 2
2026-04-03,2026-04-03 15:00:00,2026-04-03 22:00:00,"Nowsta Labor Marketplace, LLC",Legends - Angel Stadium,264,,Event Supervisor
2026-04-03,2026-04-03 15:00:00,2026-04-04 00:00:00,Riviera Resort & Spa,Riviera Resort & Spa,102,,Cook 2
2026-04-03,2026-04-03 15:00:00,2026-04-04 00:00:00,Riviera Resort & Spa,Riviera Resort & Spa,102,,Cook 2
2026-04-03,2026-04-03 15:30:00,2026-04-04 00:00:00,Cedars Sinai Medical Center,Cedars Sinai - Plaza & Cafe,102,Grill Cook,Cook 2
2026-04-03,2026-04-03 15:30:00,2026-04-03 23:00:00,Malibu Beach Inn,Malibu Beach Inn - BOH,105,,Dishwasher
2026-04-03,2026-04-03 15:30:00,2026-04-03 21:00:00,"Nowsta Labor Marketplace, LLC",Legends - Angel Stadium,229,,Concessions Worker
2026-04-03,2026-04-03 16:00:00,2026-04-03 23:00:00,Canyon Palm Springs Hotel dba Thompson Palm Springs,Thompson Palm Springs |  FOH,99,,Busser
2026-04-03,2026-04-03 16:00:00,2026-04-03 23:00:00,Canyon Palm Springs Hotel dba Thompson Palm Springs,Thompson Palm Springs |  FOH,99,,Busser
2026-04-03,2026-04-03 16:00:00,2026-04-03 21:30:00,"Nowsta Labor Marketplace, LLC",Legends - Angel Stadium,229,,Concessions Worker
2026-04-03,2026-04-03 17:00:00,2026-04-03 22:30:00,Griffin Club Los Angeles,Griffin Club Los Angeles,105,,Dishwasher
2026-04-03,2026-04-03 17:00:00,2026-04-04 01:30:00,Pepperdine University,Pepperdine University - HAWC Cafe & Store,102,,Cook 2
2026-04-03,2026-04-03 18:00:00,2026-04-04 00:00:00,Garibaldina Society ,Garibaldina Society,96,to include dishwashing duties,Barback
2026-04-03,2026-04-03 18:00:00,2026-04-03 22:30:00,SBLP Warner Center OPCO LLC - The Variel,The Variel of Woodland Hills,105,,Dishwasher
2026-04-03,2026-04-03 22:00:00,2026-04-04 06:30:00,Commerce Casino,Commerce Casino - Employee Dining Room,102,overnight shift,Cook 2
2026-04-04,2026-04-04 05:00:00,2026-04-04 13:30:00,People Assisting the Homeless,People Assisting the Homeless - YWCA,110,,Prep Cook 2
2026-04-04,2026-04-04 05:30:00,2026-04-04 14:30:00,"Fox Studio Lot, LLC",Fox Studio - Moe's Cafe BoH,102,,Cook 2
2026-04-04,2026-04-04 05:30:00,2026-04-04 14:30:00,"Fox Studio Lot, LLC",Fox Studio - Moe's Cafe BoH,102,,Cook 2
2026-04-04,2026-04-04 05:30:00,2026-04-04 14:30:00,"Fox Studio Lot, LLC",Fox Studio - Moe's Cafe BoH,102,,Cook 2
2026-04-04,2026-04-04 06:00:00,2026-04-04 14:30:00,"Fox Studio Lot, LLC",Fox Studio - Moe's Cafe BoH,102,,Cook 2
2026-04-04,2026-04-04 06:00:00,2026-04-04 14:30:00,"LBVH Hotel, LLC - L'Ermitage Beverly Hills",L'Ermitage Beverly Hills,102,,Cook 2
2026-04-04,2026-04-04 06:00:00,2026-04-04 14:30:00,PIH Health - Downey Hospital,PIH Health - Downey Hospital,105,,Dishwasher
2026-04-04,2026-04-04 06:00:00,2026-04-04 15:00:00,Riviera Resort & Spa,Riviera Resort & Spa,102,,Cook 2
2026-04-04,2026-04-04 06:00:00,2026-04-04 15:00:00,Riviera Resort & Spa,Riviera Resort & Spa,102,,Cook 2
2026-04-04,2026-04-04 06:00:00,2026-04-04 14:30:00,The Getty Center,The Getty Center - Cafe,102,,Cook 2
2026-04-04,2026-04-04 06:00:00,2026-04-04 14:30:00,Union Station Homeless Services,Union Station Homeless Services - Adult Center,102,,Cook 2
2026-04-04,2026-04-04 06:30:00,2026-04-04 15:00:00,Childrens Hospital Los Angeles,Childrens Hospital Los Angeles,105,,Dishwasher
2026-04-04,2026-04-04 06:30:00,2026-04-04 14:30:00,"Fox Studio Lot, LLC",Fox Studio - Moe's Cafe FoH,99,,Busser
2026-04-04,2026-04-04 06:30:00,2026-04-04 14:30:00,Hotel Bel Air,Hotel Bel Air - Swan Cafe,102,,Cook 2
2026-04-04,2026-04-04 06:30:00,2026-04-04 15:00:00,SBLP Warner Center OPCO LLC - The Variel,The Variel of Woodland Hills,105,,Dishwasher
2026-04-04,2026-04-04 07:00:00,2026-04-04 15:30:00,"Fox Studio Lot, LLC",Fox Studio - Moe's Cafe BoH,105,,Dishwasher
2026-04-04,2026-04-04 07:00:00,2026-04-04 15:00:00,Malibu Beach Inn,Malibu Beach Inn - BOH,105,,Dishwasher
2026-04-04,2026-04-04 07:00:00,2026-04-04 15:00:00,Newport Harbor Yacht Club,Newport Harbor Yacht Club | Banquets,105,Heavy Lifting - Read Description,Dishwasher
2026-04-04,2026-04-04 07:00:00,2026-04-04 15:30:00,The Getty Center,The Getty Center - Cafe,102,,Cook 2
2026-04-04,2026-04-04 07:00:00,2026-04-04 15:30:00,The Getty Villa,The Getty Villa BOH,102,,Cook 2
2026-04-04,2026-04-04 07:00:00,2026-04-04 15:30:00,VH Property Corp. dba Trump National Golf Club Los Angeles,Trump National Golf Course Los Angeles | BOH,102,,Cook 2
2026-04-04,2026-04-04 08:00:00,2026-04-04 16:00:00,Hotel Bel Air,Hotel Bel Air - Main Kitchen,110,,Prep Cook 2
2026-04-04,2026-04-04 08:00:00,2026-04-04 16:00:00,The Garland,The Garland,102,,Cook 2
2026-04-04,2026-04-04 09:00:00,2026-04-04 15:30:00,PIH Health - Good Samaritan Hospital,PIH Health - Good Samaritan Hospital,104,Utility,General
2026-04-04,2026-04-04 09:30:00,2026-04-04 14:30:00,Villa Portofino,Villa Portofino,115,Easter Brunch Buffet,Server 2
2026-04-04,2026-04-04 10:00:00,2026-04-04 18:30:00,Griffin Club Los Angeles,Griffin Club Los Angeles,102,,Cook 2
2026-04-04,2026-04-04 10:00:00,2026-04-04 18:30:00,Griffin Club Los Angeles,Griffin Club Los Angeles,102,,Cook 2
2026-04-04,2026-04-04 10:30:00,2026-04-04 17:00:00,VH Property Corp. dba Trump National Golf Club Los Angeles,Trump National Golf Course Los Angeles | Vista Grill,102,,Cook 2
2026-04-04,2026-04-04 11:00:00,2026-04-04 19:30:00,PIH Health - Whittier Hospital,PIH Health - Whittier Hospital,102,,Cook 2
2026-04-04,2026-04-04 11:00:00,2026-04-04 19:30:00,The Vered,The Vered,102,,Cook 2
2026-04-04,2026-04-04 11:00:00,2026-04-04 19:30:00,University Village Thousand Oaks,University Village Thousand Oaks ,102,,Cook 2
2026-04-04,2026-04-04 11:00:00,2026-04-04 19:30:00,VH Property Corp. dba Trump National Golf Club Los Angeles,Trump National Golf Course Los Angeles | BOH,102,,Cook 2
2026-04-04,2026-04-04 12:00:00,2026-04-04 20:30:00,Childrens Hospital Los Angeles,Childrens Hospital Los Angeles,104,Food Service Worker,General
2026-04-04,2026-04-04 12:00:00,2026-04-04 20:30:00,Martin Luther King Jr Hospital,Martin Luther King Jr. Hospital | BOH,105,Ongoing Sat and Sun,Dishwasher
2026-04-04,2026-04-04 12:00:00,2026-04-04 20:30:00,SBLP Warner Center OPCO LLC - The Variel,The Variel of Woodland Hills,102,,Cook 2
2026-04-04,2026-04-04 12:00:00,2026-04-04 20:30:00,USC Verdugo Hills Hospital,USC Verdugo Hills Hospital,105,,Dishwasher
2026-04-04,2026-04-04 13:00:00,2026-04-04 21:30:00,Griffin Club Los Angeles,Griffin Club Los Angeles,102,,Cook 2
2026-04-04,2026-04-04 13:00:00,2026-04-04 21:30:00,VEA Hotel - Newport Beach,VEA Hotel - Newport Beach | Cooks,102,,Cook 2
2026-04-04,2026-04-04 13:30:00,2026-04-04 22:00:00,Griffin Club Los Angeles,Griffin Club Los Angeles,98,,Bartender 2
2026-04-04,2026-04-04 13:30:00,2026-04-04 22:00:00,Griffin Club Los Angeles,Griffin Club Los Angeles,105,,Dishwasher
2026-04-04,2026-04-04 14:00:00,2026-04-04 22:30:00,Martin Luther King Jr Hospital,Martin Luther King Jr. Hospital | BOH,102,,Cook 2
2026-04-04,2026-04-04 14:00:00,2026-04-04 22:30:00,SBLP Warner Center OPCO LLC - The Variel,The Variel of Woodland Hills,105,,Dishwasher
2026-04-04,2026-04-04 14:30:00,2026-04-04 23:00:00,Commerce Casino,Commerce Casino - Employee Dining Room,102,,Cook 2
2026-04-04,2026-04-04 14:30:00,2026-04-04 23:00:00,Crescent Heights Ten Thousand,Crescent Heights Ten Thousand - Butler Department,115,Butler/Porter,Server 2
2026-04-04,2026-04-04 14:30:00,2026-04-04 23:00:00,"Lido House, Autograph Collection","Lido House, Autograph Collection",102,,Cook 2
2026-04-04,2026-04-04 14:30:00,2026-04-04 22:30:00,Viceroy Santa Monica Hotel,Viceroy Santa Monica Hotel,264,,Event Supervisor
2026-04-04,2026-04-04 15:00:00,2026-04-04 23:30:00,Commerce Casino,Commerce Casino - Employee Dining Room,105,,Dishwasher
2026-04-04,2026-04-04 15:00:00,2026-04-04 23:30:00,Crescent Heights Ten Thousand,Crescent Heights Ten Thousand - Butler Department,115,Butler/Porter,Server 2
2026-04-04,2026-04-04 15:00:00,2026-04-04 16:00:00,"Manhattan Beach Hotel TRS LLC., dba Westdrift Manhattan Beach",Manhattan Beach Hotel | Banquet,264,Interview,Event Supervisor
2026-04-04,2026-04-04 15:00:00,2026-04-04 21:30:00,"Nowsta Labor Marketplace, LLC",Legends - Angel Stadium,264,,Event Supervisor
2026-04-04,2026-04-04 15:00:00,2026-04-05 00:00:00,Riviera Resort & Spa,Riviera Resort & Spa,102,,Cook 2
2026-04-04,2026-04-04 15:30:00,2026-04-04 23:00:00,Malibu Beach Inn,Malibu Beach Inn - BOH,105,,Dishwasher
2026-04-04,2026-04-04 15:30:00,2026-04-04 21:00:00,"Nowsta Labor Marketplace, LLC",Legends - Angel Stadium,229,,Concessions Worker
2026-04-04,2026-04-04 15:30:00,2026-04-05 00:00:00,VH Property Corp. dba Trump National Golf Club Los Angeles,Trump National Golf Course Los Angeles | BOH,102,,Cook 2
2026-04-04,2026-04-04 16:00:00,2026-04-04 23:00:00,Canyon Palm Springs Hotel dba Thompson Palm Springs,Thompson Palm Springs |  FOH,99,,Busser
2026-04-04,2026-04-04 16:00:00,2026-04-04 22:00:00,Stone Eagle Operations,Stone Eagle Operations,115,,Server 2
2026-04-04,2026-04-04 17:00:00,2026-04-05 01:00:00,Commerce Casino,Commerce Casino - High Limit Kitchen | FOH | MON - TH,112,with Cashier Duties,Runner
2026-04-04,2026-04-04 17:00:00,2026-04-04 22:30:00,Griffin Club Los Angeles,Griffin Club Los Angeles,105,,Dishwasher
2026-04-04,2026-04-04 17:00:00,2026-04-05 01:30:00,Pepperdine University,Pepperdine University - HAWC Cafe & Store,102,,Cook 2
2026-04-04,2026-04-04 22:00:00,2026-04-05 06:30:00,Commerce Casino,Commerce Casino - Employee Dining Room,102,overnight shift,Cook 2
2026-04-05,2026-04-05 05:00:00,2026-04-05 13:30:00,People Assisting the Homeless,People Assisting the Homeless - YWCA,110,,Prep Cook 2
2026-04-05,2026-04-05 05:00:00,2026-04-05 13:30:00,PIH Health - Whittier Hospital,PIH Health - Whittier Hospital,110,,Prep Cook 2
2026-04-05,2026-04-05 05:30:00,2026-04-05 14:30:00,"Fox Studio Lot, LLC",Fox Studio - Moe's Cafe BoH,102,,Cook 2
2026-04-05,2026-04-05 05:30:00,2026-04-05 14:30:00,"Fox Studio Lot, LLC",Fox Studio - Moe's Cafe BoH,102,,Cook 2
2026-04-05,2026-04-05 06:00:00,2026-04-05 14:30:00,"Fox Studio Lot, LLC",Fox Studio - Moe's Cafe BoH,102,Sandwich Station,Cook 2
2026-04-05,2026-04-05 06:00:00,2026-04-05 14:30:00,"LBVH Hotel, LLC - L'Ermitage Beverly Hills",L'Ermitage Beverly Hills,102,,Cook 2
2026-04-05,2026-04-05 06:00:00,2026-04-05 15:00:00,Riviera Resort & Spa,Riviera Resort & Spa,102,,Cook 2
2026-04-05,2026-04-05 06:00:00,2026-04-05 15:00:00,Riviera Resort & Spa,Riviera Resort & Spa,102,,Cook 2
2026-04-05,2026-04-05 06:00:00,2026-04-05 12:00:00,SBLP Warner Center OPCO LLC - The Variel,The Variel of Woodland Hills,102,,Cook 2
2026-04-05,2026-04-05 06:00:00,2026-04-05 14:30:00,The Getty Center,The Getty Center - Cafe,102,,Cook 2
2026-04-05,2026-04-05 06:30:00,2026-04-05 15:00:00,Childrens Hospital Los Angeles,Childrens Hospital Los Angeles,105,,Dishwasher
2026-04-05,2026-04-05 06:30:00,2026-04-05 14:30:00,"Fox Studio Lot, LLC",Fox Studio - Moe's Cafe FoH,99,,Busser
2026-04-05,2026-04-05 06:30:00,2026-04-05 14:30:00,Hotel Bel Air,Hotel Bel Air - Swan Cafe,102,,Cook 2
2026-04-05,2026-04-05 06:30:00,2026-04-05 15:00:00,Pepperdine University,Pepperdine University - Calabasas Campus,102,,Cook 2
2026-04-05,2026-04-05 07:00:00,2026-04-05 15:30:00,Athenaeum Club,Athenaeum Kitchen,102,,Cook 2
2026-04-05,2026-04-05 07:00:00,2026-04-05 15:00:00,Blue Devils Lessee LLC | Hyatt Centric Delfina Santa Monica,Hyatt Centric Delfina Santa Monica,105,Steward,Dishwasher
2026-04-05,2026-04-05 07:00:00,2026-04-05 16:30:00,Griffin Club Los Angeles,Griffin Club Los Angeles,102,,Cook 2
2026-04-05,2026-04-05 07:00:00,2026-04-05 15:00:00,Malibu Beach Inn,Malibu Beach Inn - BOH,105,,Dishwasher
2026-04-05,2026-04-05 07:00:00,2026-04-05 14:30:00,Martin Luther King Jr Hospital,Martin Luther King Jr. Hospital | BOH,105,Ongoing Sat and Sun,Dishwasher
2026-04-05,2026-04-05 07:00:00,2026-04-05 15:00:00,Newport Harbor Yacht Club,Newport Harbor Yacht Club | Banquets,105,Heavy Lifting - Read Description,Dishwasher
2026-04-05,2026-04-05 07:00:00,2026-04-05 15:30:00,The Getty Center,The Getty Center - Cafe,102,,Cook 2
2026-04-05,2026-04-05 07:00:00,2026-04-05 15:30:00,The Getty Villa,The Getty Villa BOH,102,,Cook 2
2026-04-05,2026-04-05 07:00:00,2026-04-05 15:30:00,University Village Thousand Oaks,University Village Thousand Oaks ,102,,Cook 2
2026-04-05,2026-04-05 07:00:00,2026-04-05 15:30:00,VH Property Corp. dba Trump National Golf Club Los Angeles,Trump National Golf Course Los Angeles | BOH,102,,Cook 2
2026-04-05,2026-04-05 07:00:00,2026-04-05 15:00:00,West Angeles Church of God in Christ Inc,West Angeles Church of God,102,,Cook 2
2026-04-05,2026-04-05 07:30:00,2026-04-05 14:30:00,Canyon Palm Springs Hotel dba Thompson Palm Springs,Thompson Palm Springs |  FOH,99,,Busser
2026-04-05,2026-04-05 07:30:00,2026-04-05 14:30:00,Canyon Palm Springs Hotel dba Thompson Palm Springs,Thompson Palm Springs |  FOH,99,,Busser
2026-04-05,2026-04-05 08:00:00,2026-04-05 16:30:00,Beverly Hills Hotel,Beverly Hills Hotel - Main Kitchen,102,,Cook 2
2026-04-05,2026-04-05 08:00:00,2026-04-05 16:30:00,Four Seasons Hotel Westlake Village,Four Seasons Hotel Westlake Village ,105,,Dishwasher
2026-04-05,2026-04-05 08:00:00,2026-04-05 16:00:00,Hotel Bel Air,Hotel Bel Air - Main Kitchen,110,,Prep Cook 2
2026-04-05,2026-04-05 08:00:00,2026-04-05 16:30:00,"LBVH Hotel, LLC - L'Ermitage Beverly Hills",L'Ermitage Beverly Hills,102,Only Experienced Cook,Cook 2
2026-04-05,2026-04-05 08:00:00,2026-04-05 16:30:00,VH Property Corp. dba Trump National Golf Club Los Angeles,Trump National Golf Course Los Angeles | BOH,102,,Cook 2
2026-04-05,2026-04-05 08:00:00,2026-04-05 14:00:00,West Angeles Church of God in Christ Inc,West Angeles Church of God,115,,Server 2
2026-04-05,2026-04-05 08:30:00,2026-04-05 17:00:00,Shady Canyon Golf Club,Shady Canyon Golf Club,102,,Cook 2
2026-04-05,2026-04-05 08:30:00,2026-04-05 15:00:00,West Angeles Church of God in Christ Inc,West Angeles Church of God,115,,Server 2
2026-04-05,2026-04-05 09:00:00,2026-04-05 15:00:00,@Bella Collina,Bella Collina,99,,Busser
2026-04-05,2026-04-05 09:00:00,2026-04-05 15:00:00,@Bella Collina,Bella Collina,115,Champagne Service to Guests ,Server 2
2026-04-05,2026-04-05 09:00:00,2026-04-05 16:00:00,Athenaeum Club,Athenaeum Kitchen,104,Valet Cashier,General
2026-04-05,2026-04-05 09:00:00,2026-04-05 15:30:00,Lakeside Golf Club,@ Lakeside Golf Club,115,Include some light knife work slicing cakes.,Server 2
2026-04-05,2026-04-05 09:00:00,2026-04-05 17:00:00,The Valley Hunt Club,The Valley Hunt Club,99,,Busser
2026-04-05,2026-04-05 09:00:00,2026-04-05 17:00:00,The Valley Hunt Club,The Valley Hunt Club,115,,Server 2
2026-04-05,2026-04-05 09:00:00,2026-04-05 17:30:00,VH Property Corp. dba Trump National Golf Club Los Angeles,Trump National Golf Course Los Angeles | BOH,102,,Cook 2
2026-04-05,2026-04-05 09:00:00,2026-04-05 15:00:00,West Angeles Church of God in Christ Inc,West Angeles Church of God,105,,Dishwasher
2026-04-05,2026-04-05 09:30:00,2026-04-05 15:30:00,Griffin Club Los Angeles,Griffin Club Los Angeles,110,,Prep Cook 2
2026-04-05,2026-04-05 09:30:00,2026-04-05 18:00:00,Shady Canyon Golf Club,Shady Canyon Golf Club,102,,Cook 2
2026-04-05,2026-04-05 09:30:00,2026-04-05 15:30:00,The Valley Hunt Club,The Valley Hunt Club,98,,Bartender 2
2026-04-05,2026-04-05 10:00:00,2026-04-05 18:30:00,Griffin Club Los Angeles,Griffin Club Los Angeles,105,,Dishwasher
2026-04-05,2026-04-05 10:00:00,2026-04-05 18:30:00,Griffin Club Los Angeles,Griffin Club Los Angeles,102,,Cook 2
2026-04-05,2026-04-05 10:00:00,2026-04-05 18:30:00,SBLP Warner Center OPCO LLC - The Variel,The Variel of Woodland Hills,102,Carving and Omelete Station - MUST KNOW HOW TO CARVE & Cook Omeletes,Cook 2
2026-04-05,2026-04-05 10:00:00,2026-04-05 16:00:00,The Valley Hunt Club,The Valley Hunt Club,126,,Host
2026-04-05,2026-04-05 10:00:00,2026-04-05 15:00:00,The Valley Hunt Club,The Valley Hunt Club,102,,Cook 2
2026-04-05,2026-04-05 10:00:00,2026-04-05 18:00:00,The Valley Hunt Club,The Valley Hunt Club,107,,Houseperson
2026-04-05,2026-04-05 10:00:00,2026-04-05 18:30:00,VH Property Corp. dba Trump National Golf Club Los Angeles,Trump National Golf Course Los Angeles | BOH,102,,Cook 2
2026-04-05,2026-04-05 10:00:00,2026-04-05 16:00:00,VH Property Corp. dba Trump National Golf Club Los Angeles,Trump National Golf Course Los Angeles | BOH,105,Scullery,Dishwasher
2026-04-05,2026-04-05 10:00:00,2026-04-05 18:30:00,VH Property Corp. dba Trump National Golf Club Los Angeles,Trump National Golf Course Los Angeles | BOH,102,,Cook 2
2026-04-05,2026-04-05 10:00:00,2026-04-05 18:30:00,VH Property Corp. dba Trump National Golf Club Los Angeles,Trump National Golf Course Los Angeles | BOH,102,,Cook 2
2026-04-05,2026-04-05 11:00:00,2026-04-05 19:30:00,Four Seasons Hotel Westlake Village,Four Seasons Hotel Westlake Village ,105,,Dishwasher
2026-04-05,2026-04-05 11:00:00,2026-04-05 19:00:00,Malibu Beach Inn,Malibu Beach Inn - BOH,105,,Dishwasher
2026-04-05,2026-04-05 11:00:00,2026-04-05 19:00:00,Riviera Country Club,Riviera Country Club - Kitchen,105,,Dishwasher
2026-04-05,2026-04-05 11:00:00,2026-04-05 19:30:00,The Vered,The Vered,102,,Cook 2
2026-04-05,2026-04-05 11:30:00,2026-04-05 16:00:00,West Angeles Church of God in Christ Inc,West Angeles Church of God,115,,Server 2
2026-04-05,2026-04-05 12:00:00,2026-04-05 20:30:00,Childrens Hospital Los Angeles,Childrens Hospital Los Angeles,104,Food Service Worker,General
2026-04-05,2026-04-05 12:00:00,2026-04-05 20:30:00,Martin Luther King Jr Hospital,Martin Luther King Jr. Hospital | BOH,105,,Dishwasher
2026-04-05,2026-04-05 12:00:00,2026-04-05 20:30:00,PIH Health - Whittier Hospital,PIH Health - Whittier Hospital,110,,Prep Cook 2
2026-04-05,2026-04-05 12:00:00,2026-04-05 20:30:00,VH Property Corp. dba Trump National Golf Club Los Angeles,Trump National Golf Course Los Angeles | BOH,105,,Dishwasher
2026-04-05,2026-04-05 12:30:00,2026-04-05 16:30:00,Dacha,@ Dacha,115,Experienced Server and Should be professional.,Server 2
2026-04-05,2026-04-05 13:00:00,2026-04-05 21:30:00,Griffin Club Los Angeles,Griffin Club Los Angeles,105,,Dishwasher
2026-04-05,2026-04-05 13:30:00,2026-04-05 21:30:00,PIH Health - Good Samaritan Hospital,PIH Health - Good Samaritan Hospital,104,Utility,General
2026-04-05,2026-04-05 14:00:00,2026-04-05 22:30:00,Blue Devils Lessee LLC | Hyatt Centric Delfina Santa Monica,Hyatt Centric Delfina Santa Monica,264,Ongoing Assignment - Read description before signing up,Event Supervisor
2026-04-05,2026-04-05 14:00:00,2026-04-05 22:00:00,Hotel Bel Air,Hotel Bel Air - Swan Cafe,102,,Cook 2
2026-04-05,2026-04-05 14:00:00,2026-04-05 22:30:00,Martin Luther King Jr Hospital,Martin Luther King Jr. Hospital | BOH,102,,Cook 2
2026-04-05,2026-04-05 14:00:00,2026-04-05 22:30:00,SBLP Warner Center OPCO LLC - The Variel,The Variel of Woodland Hills,105,,Dishwasher
2026-04-05,2026-04-05 14:30:00,2026-04-05 23:00:00,Commerce Casino,Commerce Casino - Employee Dining Room,102,,Cook 2
2026-04-05,2026-04-05 14:30:00,2026-04-05 23:00:00,Crescent Heights Ten Thousand,Crescent Heights Ten Thousand - Butler Department,115,Butler/Porter,Server 2
2026-04-05,2026-04-05 14:30:00,2026-04-05 23:00:00,Crescent Heights Ten Thousand,Crescent Heights Ten Thousand - Butler Department,115,Butler/Porter,Server 2
2026-04-05,2026-04-05 14:30:00,2026-04-05 22:30:00,Viceroy Santa Monica Hotel,Viceroy Santa Monica Hotel,264,,Event Supervisor
2026-04-05,2026-04-05 15:00:00,2026-04-06 00:00:00,Riviera Resort & Spa,Riviera Resort & Spa,102,,Cook 2
2026-04-05,2026-04-05 15:00:00,2026-04-06 00:00:00,Riviera Resort & Spa,Riviera Resort & Spa,102,,Cook 2
2026-04-05,2026-04-05 15:30:00,2026-04-06 00:00:00,Cedars Sinai Medical Center,Cedars Sinai - Plaza & Cafe,102,Grill Cook,Cook 2
2026-04-05,2026-04-05 15:30:00,2026-04-05 23:00:00,Malibu Beach Inn,Malibu Beach Inn - BOH,105,,Dishwasher
2026-04-05,2026-04-05 15:30:00,2026-04-05 21:30:00,Riviera Country Club,Riviera Country Club - Kitchen,105,,Dishwasher
2026-04-05,2026-04-05 16:00:00,2026-04-05 23:00:00,Canyon Palm Springs Hotel dba Thompson Palm Springs,Thompson Palm Springs |  FOH,99,,Busser
2026-04-05,2026-04-05 16:00:00,2026-04-05 22:00:00,Four Seasons Hotel Westlake Village,Four Seasons Hotel Westlake Village ,105,,Dishwasher
2026-04-05,2026-04-05 16:00:00,2026-04-05 22:30:00,SBLP Warner Center OPCO LLC - The Variel,The Variel of Woodland Hills,105,,Dishwasher
2026-04-05,2026-04-05 17:30:00,2026-04-06 01:30:00,Pepperdine University,Pepperdine University - HAWC Cafe & Store,102,,Cook 2
2026-04-05,2026-04-05 22:00:00,2026-04-06 06:30:00,Commerce Casino,Commerce Casino - Employee Dining Room,102,overnight shift,Cook 2
2026-04-06,2026-04-06 02:00:00,2026-04-06 10:30:00,Commerce Casino,Commerce Casino - High Limit Kitchen | BOH,105,Overnight shift,Dishwasher
2026-04-06,2026-04-06 05:00:00,2026-04-06 13:00:00,Netflix,Netflix - NOV - WPC- Catering Service,110,,Prep Cook 2
2026-04-06,2026-04-06 05:00:00,2026-04-06 13:30:00,PIH Health - Good Samaritan Hospital,PIH Health - Good Samaritan Hospital,290,,Cook 3
2026-04-06,2026-04-06 05:00:00,2026-04-06 13:30:00,PIH Health - Whittier Hospital,PIH Health - Whittier Hospital,102,,Cook 2
2026-04-06,2026-04-06 05:00:00,2026-04-06 13:30:00,PIH Health - Whittier Hospital,PIH Health - Whittier Hospital,110,,Prep Cook 2
2026-04-06,2026-04-06 05:30:00,2026-04-06 11:00:00,Empowered 4 Life Foundation,@ Empowered 4 Life Foundation,110,,Prep Cook 2
2026-04-06,2026-04-06 05:30:00,2026-04-06 14:00:00,Masimo Technology Cafe,Masimo Technology Cafe | BOH,102,Two week ongoing shift Must work both weeks,Cook 2
2026-04-06,2026-04-06 06:00:00,2026-04-06 13:30:00,Beverly Hills Unified School District,BHUSD - Beverly Hills High School,102,,Cook 2
2026-04-06,2026-04-06 06:00:00,2026-04-06 14:00:00,Beverly Hills Unified School District,BHUSD - Beverly Hills High School,110,,Prep Cook 2
2026-04-06,2026-04-06 06:00:00,2026-04-06 13:30:00,Beverly Hills Unified School District,BHUSD - Beverly Hills High School,104,,General
2026-04-06,2026-04-06 06:00:00,2026-04-06 14:30:00,Capital Group - Irvine,Capital Group - Irvine | FOH,101,,Cashier
2026-04-06,2026-04-06 06:00:00,2026-04-06 14:30:00,Capital Group - Irvine,Capital Group - Irvine | BOH,102,,Cook 2
2026-04-06,2026-04-06 06:00:00,2026-04-06 12:00:00,Crescent Heights Ten Thousand,Crescent Heights Ten Thousand - Buffet,115,,Server 2
2026-04-06,2026-04-06 06:00:00,2026-04-06 14:30:00,Edwards Lifesciences,Edwards Lifesciences FOH Bldg. C,101,,Cashier
2026-04-06,2026-04-06 06:00:00,2026-04-06 14:30:00,Edwards Lifesciences,Edwards Lifesciences FOH Bldg. C,97,,Barista 2
2026-04-06,2026-04-06 06:00:00,2026-04-06 14:30:00,Edwards Lifesciences,Edwards Lifesciences FOH Bldg. C,101,,Cashier
2026-04-06,2026-04-06 06:00:00,2026-04-06 14:30:00,Edwards Lifesciences,Edwards Lifesciences FOH Bldg. C,101,,Cashier
2026-04-06,2026-04-06 06:00:00,2026-04-06 15:00:00,"Fox Studio Lot, LLC",Fox Studio - Moe's Cafe BoH,102,,Cook 2
2026-04-06,2026-04-06 06:00:00,2026-04-06 14:30:00,"Fox Studio Lot, LLC",Fox Studio - Commissary,102,,Cook 2
2026-04-06,2026-04-06 06:00:00,2026-04-06 15:00:00,"Fox Studio Lot, LLC",Fox Studio - Commissary,102,,Cook 2
2026-04-06,2026-04-06 06:00:00,2026-04-06 15:00:00,"Fox Studio Lot, LLC",Fox Studio - News Cafe BoH,102,,Cook 2
2026-04-06,2026-04-06 06:00:00,2026-04-06 14:30:00,"LBVH Hotel, LLC - L'Ermitage Beverly Hills",L'Ermitage Beverly Hills,102,,Cook 2
2026-04-06,2026-04-06 06:00:00,2026-04-06 14:30:00,Martin Luther King Jr Hospital,Martin Luther King Jr. Hospital | BOH,102,,Cook 2
2026-04-06,2026-04-06 06:00:00,2026-04-06 15:00:00,Riviera Resort & Spa,Riviera Resort & Spa,102,,Cook 2
2026-04-06,2026-04-06 06:00:00,2026-04-06 12:00:00,SBLP Warner Center OPCO LLC - The Variel,The Variel of Woodland Hills,102,,Cook 2
2026-04-06,2026-04-06 06:00:00,2026-04-06 14:30:00,The Getty Center,The Getty Center - Catering,102,,Cook 2
2026-04-06,2026-04-06 06:00:00,2026-04-06 14:30:00,USC Verdugo Hills Hospital,USC Verdugo Hills Hospital,102,,Cook 2
2026-04-06,2026-04-06 06:15:00,2026-04-06 14:45:00,Disney Studios,Disney Studios | Big D Cafe Glendale,102,,Cook 2
2026-04-06,2026-04-06 06:30:00,2026-04-06 15:00:00,Amgen Thousand Oaks,Amgen Thousand Oaks - Terrace Cafe,105,,Dishwasher
2026-04-06,2026-04-06 06:30:00,2026-04-06 14:30:00,Amgen Thousand Oaks,Amgen Thousand Oaks - Bistro Cafe,102,,Cook 2
2026-04-06,2026-04-06 06:30:00,2026-04-06 14:30:00,Hotel Bel Air,Hotel Bel Air - Swan Cafe,102,,Cook 2
2026-04-06,2026-04-06 06:30:00,2026-04-06 15:00:00,Park Place Plaza,Park Place Plaza,115,with Barista Duties,Server 2
2026-04-06,2026-04-06 06:30:00,2026-04-06 15:00:00,Pepperdine University,Pepperdine University - Calabasas Campus,102,,Cook 2
2026-04-06,2026-04-06 07:00:00,2026-04-06 13:30:00,Beverly Hills Unified School District,BHUSD - Horace Mann Elementary School,104,,General
2026-04-06,2026-04-06 07:00:00,2026-04-06 13:30:00,Beverly Hills Unified School District,BHUSD- El Rodeo Elementary,104,,General
2026-04-06,2026-04-06 07:00:00,2026-04-06 11:00:00,"Broadview, Inc.","@ Broadview, Inc.",102,,Cook 2
2026-04-06,2026-04-06 07:00:00,2026-04-06 15:30:00,Crescent Heights Ten Thousand,Crescent Heights Ten Thousand - Butler Department,115,,Server 2
2026-04-06,2026-04-06 07:00:00,2026-04-06 15:30:00,Martin Luther King Jr Hospital,Martin Luther King Jr. Hospital | BOH,102,,Cook 2
2026-04-06,2026-04-06 07:00:00,2026-04-06 15:00:00,Netflix,Netflix - NOV - WPC- Catering Service,110,,Prep Cook 2
2026-04-06,2026-04-06 07:00:00,2026-04-06 15:30:00,"Platinum Equity, LLC",Platinum Equity LLC,105,,Dishwasher
2026-04-06,2026-04-06 07:00:00,2026-04-06 15:30:00,"Platinum Equity, LLC",Platinum Equity LLC,102,,Cook 2
2026-04-06,2026-04-06 07:00:00,2026-04-06 15:30:00,The Getty Villa,The Getty Villa BOH,102,,Cook 2
2026-04-06,2026-04-06 07:00:00,2026-04-06 15:30:00,The Meadowglade LLC,The Meadowglade,102,,Cook 2
2026-04-06,2026-04-06 07:00:00,2026-04-06 15:30:00,Union Station Homeless Services,Union Station Homeless Services - Adult Center,102,,Cook 2
2026-04-06,2026-04-06 07:00:00,2026-04-06 14:00:00,Union Station Homeless Services,Union Station Homeless Services - Adult Center,102,,Cook 2
2026-04-06,2026-04-06 07:00:00,2026-04-06 15:00:00,Viceroy Santa Monica Hotel,Viceroy Santa Monica Hotel,105,,Dishwasher
2026-04-06,2026-04-06 07:30:00,2026-04-06 15:30:00,Amgen Thousand Oaks,Amgen Thousand Oaks - Bistro Cafe,105,,Dishwasher
2026-04-06,2026-04-06 07:30:00,2026-04-06 16:00:00,Amgen Thousand Oaks,Amgen Thousand Oaks - Terrace Cafe,105,,Dishwasher
2026-04-06,2026-04-06 07:30:00,2026-04-06 14:00:00,Beverly Hills Unified School District,BHUSD - Beverly Hills High School,105,,Dishwasher
2026-04-06,2026-04-06 07:30:00,2026-04-06 16:00:00,"Fox Studio Lot, LLC",Fox Studio - Moe's Cafe BoH,105,,Dishwasher
2026-04-06,2026-04-06 07:30:00,2026-04-06 16:00:00,NFL LA Huddle Cafe,NFL LA Huddle Cafe,102,,Cook 2
2026-04-06,2026-04-06 08:00:00,2026-04-06 13:30:00,Beverly Hills Unified School District,BHUSD - Beverly Vista Middle School,104,,General
2026-04-06,2026-04-06 08:00:00,2026-04-06 16:00:00,Hotel Bel Air,Hotel Bel Air - Main Kitchen,110,,Prep Cook 2
2026-04-06,2026-04-06 08:00:00,2026-04-06 16:30:00,"LBVH Hotel, LLC - L'Ermitage Beverly Hills",L'Ermitage Beverly Hills,102,Only Experienced Cook,Cook 2
2026-04-06,2026-04-06 08:00:00,2026-04-06 14:00:00,Malibu Beach Inn,Malibu Beach Inn - BOH,105,,Dishwasher
2026-04-06,2026-04-06 08:00:00,2026-04-06 16:30:00,NFL LA Huddle Cafe,NFL LA Huddle Cafe,102,Must work 3 day assignment Tues- Thur,Cook 2
2026-04-06,2026-04-06 08:00:00,2026-04-06 16:30:00,"Platinum Equity, LLC",Platinum Equity LLC,102,,Cook 2
2026-04-06,2026-04-06 08:00:00,2026-04-06 14:30:00,Santa Clarita Valley Senior Center,Santa Clarita Valley Senior Center,105,,Dishwasher
2026-04-06,2026-04-06 08:00:00,2026-04-06 16:00:00,SBLP Warner Center OPCO LLC - The Variel,The Variel of Woodland Hills,105,,Dishwasher
2026-04-06,2026-04-06 09:00:00,2026-04-06 17:00:00,Netflix,Netflix - NOV - WPC- Catering Service,110,,Prep Cook 2
2026-04-06,2026-04-06 09:00:00,2026-04-06 14:00:00,New West Charter School,New West Charter School - ARMACOST Location,115,,Server 2
2026-04-06,2026-04-06 09:00:00,2026-04-06 17:30:00,"Platinum Equity, LLC",Platinum Equity LLC,102,,Cook 2
2026-04-06,2026-04-06 09:00:00,2026-04-06 17:00:00,Riviera Country Club,Riviera Country Club - Kitchen,105,,Dishwasher
2026-04-06,2026-04-06 09:00:00,2026-04-06 15:00:00,The Vered,The Vered,102,TB and LIVE Scan Required - Ongoing Shift - Do not publish,Cook 2
2026-04-06,2026-04-06 09:30:00,2026-04-06 18:30:00,Netflix,Netflix - NOV - WPC- Catering Service,97,,Barista 2
2026-04-06,2026-04-06 10:00:00,2026-04-06 18:30:00,Griffin Club Los Angeles,Griffin Club Los Angeles,102,,Cook 2
2026-04-06,2026-04-06 11:30:00,2026-04-06 20:00:00,People Assisting the Homeless,People Assisting the Homeless - YWCA,102,,Cook 2
2026-04-06,2026-04-06 12:00:00,2026-04-06 20:30:00,Childrens Hospital Los Angeles,Childrens Hospital Los Angeles,104,Food Service Worker,General
2026-04-06,2026-04-06 12:00:00,2026-04-06 20:30:00,SBLP Warner Center OPCO LLC - The Variel,The Variel of Woodland Hills,102,,Cook 2
2026-04-06,2026-04-06 12:30:00,2026-04-06 21:00:00,Griffin Club Los Angeles,Griffin Club Los Angeles,105,,Dishwasher
2026-04-06,2026-04-06 13:00:00,2026-04-06 21:30:00,"Manhattan Beach Hotel TRS LLC., dba Westdrift Manhattan Beach",Manhattan Beach Hotel | Banquet,264,,Event Supervisor
2026-04-06,2026-04-06 13:00:00,2026-04-06 20:30:00,PIH Health - Whittier Hospital,PIH Health - Whittier Hospital,110,,Prep Cook 2
2026-04-06,2026-04-06 14:00:00,2026-04-06 22:30:00,Martin Luther King Jr Hospital,Martin Luther King Jr. Hospital | BOH,102,,Cook 2
2026-04-06,2026-04-06 14:00:00,2026-04-06 22:30:00,SBLP Warner Center OPCO LLC - The Variel,The Variel of Woodland Hills,105,,Dishwasher
2026-04-06,2026-04-06 14:00:00,2026-04-06 22:30:00,SBLP Warner Center OPCO LLC - The Variel,The Variel of Woodland Hills,105,,Dishwasher
2026-04-06,2026-04-06 14:00:00,2026-04-06 22:00:00,Viceroy Santa Monica Hotel,Viceroy Santa Monica Hotel,264,,Event Supervisor
2026-04-06,2026-04-06 15:00:00,2026-04-07 00:00:00,Riviera Resort & Spa,Riviera Resort & Spa,102,,Cook 2
2026-04-06,2026-04-06 15:30:00,2026-04-06 22:00:00,Malibu Beach Inn,Malibu Beach Inn - BOH,105,,Dishwasher
2026-04-06,2026-04-06 15:30:00,2026-04-06 21:30:00,Riviera Country Club,Riviera Country Club - Kitchen,105,,Dishwasher
2026-04-06,2026-04-06 16:00:00,2026-04-06 23:00:00,Canyon Palm Springs Hotel dba Thompson Palm Springs,Thompson Palm Springs |  FOH,99,,Busser
2026-04-06,2026-04-06 16:00:00,2026-04-06 22:00:00,VEA Hotel - Newport Beach,VEA Hotel - Newport Beach | Cooks,102,,Cook 2
2026-04-06,2026-04-06 17:00:00,2026-04-07 01:30:00,Pepperdine University,Pepperdine University - HAWC Cafe & Store,102,,Cook 2
2026-04-06,2026-04-06 22:00:00,2026-04-07 06:30:00,Commerce Casino,Commerce Casino - Employee Dining Room,102,Overnight Shift,Cook 2
2026-04-07,2026-04-07 02:00:00,2026-04-07 10:30:00,Commerce Casino,Commerce Casino - High Limit Kitchen | BOH,105,Overnight shift,Dishwasher
2026-04-07,2026-04-07 05:00:00,2026-04-07 13:30:00,PIH Health - Good Samaritan Hospital,PIH Health - Good Samaritan Hospital,290,,Cook 3
2026-04-07,2026-04-07 05:00:00,2026-04-07 13:30:00,PIH Health - Whittier Hospital,PIH Health - Whittier Hospital,110,,Prep Cook 2
2026-04-07,2026-04-07 05:00:00,2026-04-07 13:30:00,PIH Health - Whittier Hospital,PIH Health - Whittier Hospital,102,,Cook 2
2026-04-07,2026-04-07 05:30:00,2026-04-07 11:00:00,Empowered 4 Life Foundation,@ Empowered 4 Life Foundation,110,,Prep Cook 2
2026-04-07,2026-04-07 05:30:00,2026-04-07 11:00:00,Empowered 4 Life Foundation,@ Empowered 4 Life Foundation,110,On Going Project Monday to Friday. No end date.,Prep Cook 2
2026-04-07,2026-04-07 05:30:00,2026-04-07 14:30:00,"Fox Studio Lot, LLC",Fox Studio - Moe's Cafe BoH,102,,Cook 2
2026-04-07,2026-04-07 05:30:00,2026-04-07 14:00:00,Masimo Technology Cafe,Masimo Technology Cafe | BOH,102,Two week ongoing shift Must work both weeks,Cook 2
2026-04-07,2026-04-07 06:00:00,2026-04-07 13:30:00,Beverly Hills Unified School District,BHUSD - Beverly Hills High School,102,,Cook 2
2026-04-07,2026-04-07 06:00:00,2026-04-07 14:00:00,Beverly Hills Unified School District,BHUSD - Beverly Hills High School,110,,Prep Cook 2
2026-04-07,2026-04-07 06:00:00,2026-04-07 13:30:00,Beverly Hills Unified School District,BHUSD - Beverly Hills High School,104,,General
2026-04-07,2026-04-07 06:00:00,2026-04-07 14:30:00,Capital Group - Irvine,Capital Group - Irvine | FOH,101,,Cashier
2026-04-07,2026-04-07 06:00:00,2026-04-07 14:30:00,Capital Group - Irvine,Capital Group - Irvine | BOH,102,,Cook 2
2026-04-07,2026-04-07 06:00:00,2026-04-07 12:00:00,Crescent Heights Ten Thousand,Crescent Heights Ten Thousand - Buffet,115,,Server 2
2026-04-07,2026-04-07 06:00:00,2026-04-07 14:30:00,Edwards Lifesciences,Edwards Lifesciences FOH Bldg. C,101,,Cashier
2026-04-07,2026-04-07 06:00:00,2026-04-07 14:30:00,Edwards Lifesciences,Edwards Lifesciences FOH Bldg. C,97,,Barista 2
2026-04-07,2026-04-07 06:00:00,2026-04-07 14:30:00,Edwards Lifesciences,Edwards Lifesciences FOH Bldg. C,101,,Cashier
2026-04-07,2026-04-07 06:00:00,2026-04-07 15:00:00,"Fox Studio Lot, LLC",Fox Studio - News Cafe BoH,102,,Cook 2
2026-04-07,2026-04-07 06:00:00,2026-04-07 14:30:00,"Fox Studio Lot, LLC",Fox Studio - Commissary,102,,Cook 2
2026-04-07,2026-04-07 06:00:00,2026-04-07 14:30:00,Martin Luther King Jr Hospital,Martin Luther King Jr. Hospital | BOH,102,,Cook 2
2026-04-07,2026-04-07 06:00:00,2026-04-07 15:00:00,Riviera Resort & Spa,Riviera Resort & Spa,102,,Cook 2
2026-04-07,2026-04-07 06:00:00,2026-04-07 14:30:00,USC Verdugo Hills Hospital,USC Verdugo Hills Hospital,102,,Cook 2
2026-04-07,2026-04-07 06:15:00,2026-04-07 14:45:00,Disney Studios,Disney Studios | Big D Cafe Glendale,102,,Cook 2
2026-04-07,2026-04-07 06:30:00,2026-04-07 14:30:00,Amgen Thousand Oaks,Amgen Thousand Oaks - Bistro Cafe,102,,Cook 2
2026-04-07,2026-04-07 06:30:00,2026-04-07 15:00:00,Park Place Plaza,Park Place Plaza,115,with Barista Duties,Server 2
2026-04-07,2026-04-07 06:30:00,2026-04-07 15:00:00,Pepperdine University,Pepperdine University - Calabasas Campus,102,,Cook 2
2026-04-07,2026-04-07 07:00:00,2026-04-07 13:30:00,Beverly Hills Unified School District,BHUSD- El Rodeo Elementary,104,,General
2026-04-07,2026-04-07 07:00:00,2026-04-07 13:30:00,Beverly Hills Unified School District,BHUSD - Beverly Vista Middle School,104,,General
2026-04-07,2026-04-07 07:00:00,2026-04-07 13:30:00,Beverly Hills Unified School District,BHUSD - Horace Mann Elementary School,104,,General
2026-04-07,2026-04-07 07:00:00,2026-04-07 14:00:00,Beverly Hills Unified School District,BHUSD - Beverly Hills High School,105,,Dishwasher
2026-04-07,2026-04-07 07:00:00,2026-04-07 15:00:00,Blue Devils Lessee LLC | Hyatt Centric Delfina Santa Monica,Hyatt Centric Delfina Santa Monica,105,,Dishwasher
2026-04-07,2026-04-07 07:00:00,2026-04-07 15:30:00,Crescent Heights Ten Thousand,Crescent Heights Ten Thousand - Butler Department,115,Butler/Porter,Server 2
2026-04-07,2026-04-07 07:00:00,2026-04-07 15:30:00,Martin Luther King Jr Hospital,Martin Luther King Jr. Hospital | BOH,102,,Cook 2
2026-04-07,2026-04-07 07:00:00,2026-04-07 15:30:00,NBC Universal,NBC Universal Studios | The Market Place,102,,Cook 2
2026-04-07,2026-04-07 07:00:00,2026-04-07 15:30:00,NFL LA Huddle Cafe,NFL LA Huddle Cafe,102,,Cook 2
2026-04-07,2026-04-07 07:00:00,2026-04-07 15:30:00,"Platinum Equity, LLC",Platinum Equity LLC,105,,Dishwasher
2026-04-07,2026-04-07 07:00:00,2026-04-07 15:30:00,"Platinum Equity, LLC",Platinum Equity LLC,102,,Cook 2
2026-04-07,2026-04-07 07:00:00,2026-04-07 15:00:00,RAND Corporation,RAND Corporation,102,,Cook 2
2026-04-07,2026-04-07 07:00:00,2026-04-07 15:30:00,The Getty Center,The Getty Center - Cafe,102,,Cook 2
2026-04-07,2026-04-07 07:00:00,2026-04-07 15:30:00,The Getty Villa,The Getty Villa BOH,102,,Cook 2
2026-04-07,2026-04-07 07:00:00,2026-04-07 15:30:00,The Meadowglade LLC,The Meadowglade,102,,Cook 2
2026-04-07,2026-04-07 07:00:00,2026-04-07 15:30:00,Union Station Homeless Services,Union Station Homeless Services - Adult Center,102,,Cook 2
2026-04-07,2026-04-07 07:00:00,2026-04-07 14:00:00,Union Station Homeless Services,Union Station Homeless Services - Adult Center,102,,Cook 2
2026-04-07,2026-04-07 07:30:00,2026-04-07 15:30:00,Amgen Thousand Oaks,Amgen Thousand Oaks - Bistro Cafe,105,,Dishwasher
2026-04-07,2026-04-07 07:30:00,2026-04-07 15:30:00,Disney Studios,Disney Studios | Rotunda Restaurant,99,,Busser
2026-04-07,2026-04-07 07:30:00,2026-04-07 16:00:00,"Fox Studio Lot, LLC",Fox Studio - Moe's Cafe BoH,105,,Dishwasher
2026-04-07,2026-04-07 08:00:00,2026-04-07 12:00:00,@Palm Springs Surf Club,@Palm Springs Surf Club - Ballroom,104,Event Set Up,General
2026-04-07,2026-04-07 08:00:00,2026-04-07 13:30:00,Beverly Hills Unified School District,BHUSD - Beverly Vista Middle School,104,,General
2026-04-07,2026-04-07 08:00:00,2026-04-07 16:00:00,Hotel Bel Air,Hotel Bel Air - Main Kitchen,110,,Prep Cook 2
2026-04-07,2026-04-07 08:00:00,2026-04-07 14:00:00,Malibu Beach Inn,Malibu Beach Inn - BOH,105,,Dishwasher
2026-04-07,2026-04-07 08:00:00,2026-04-07 16:30:00,"Manhattan Beach Hotel TRS LLC., dba Westdrift Manhattan Beach",Manhattan Beach Hotel | Banquet,264,,Event Supervisor
2026-04-07,2026-04-07 08:00:00,2026-04-07 16:30:00,NFL LA Huddle Cafe,NFL LA Huddle Cafe,102,,Cook 2
2026-04-07,2026-04-07 08:00:00,2026-04-07 16:30:00,Pepperdine University,Pepperdine University - Waves Cafe - Front of House,115,,Server 2
2026-04-07,2026-04-07 08:00:00,2026-04-07 16:30:00,"Platinum Equity, LLC",Platinum Equity LLC,102,,Cook 2
2026-04-07,2026-04-07 08:00:00,2026-04-07 14:30:00,Santa Clarita Valley Senior Center,Santa Clarita Valley Senior Center,105,,Dishwasher
2026-04-07,2026-04-07 08:00:00,2026-04-07 16:00:00,SBLP Warner Center OPCO LLC - The Variel,The Variel of Woodland Hills,105,,Dishwasher
2026-04-07,2026-04-07 08:00:00,2026-04-07 16:30:00,The Wonderful Company,The Wonderful Company,97,,Barista 2
2026-04-07,2026-04-07 09:00:00,2026-04-07 14:00:00,New West Charter School,New West Charter School - ARMACOST Location,115,,Server 2
2026-04-07,2026-04-07 09:00:00,2026-04-07 17:30:00,NFL LA Huddle Cafe,NFL LA Huddle Cafe,105,,Dishwasher
2026-04-07,2026-04-07 09:00:00,2026-04-07 17:30:00,"Platinum Equity, LLC",Platinum Equity LLC,102,,Cook 2
2026-04-07,2026-04-07 09:00:00,2026-04-07 15:00:00,The Vered,The Vered,102,TB and LIVE Scan Required - Ongoing Shift - Do not publish,Cook 2
2026-04-07,2026-04-07 09:30:00,2026-04-07 18:30:00,Netflix,Netflix - NOV - WPC- Catering Service,97,,Barista 2
2026-04-07,2026-04-07 10:00:00,2026-04-07 14:30:00,Google Spruce Goose Offices,Google Spruce Goose - Cafe,104,Dishwasher,General
2026-04-07,2026-04-07 10:00:00,2026-04-07 18:30:00,Griffin Club Los Angeles,Griffin Club Los Angeles,102,,Cook 2
2026-04-07,2026-04-07 10:00:00,2026-04-07 18:00:00,The Garland,The Garland,102,,Cook 2
2026-04-07,2026-04-07 10:30:00,2026-04-07 19:00:00,Pepperdine University,Pepperdine University - Waves Cafe - Back of House,105,,Dishwasher
2026-04-07,2026-04-07 10:30:00,2026-04-07 19:00:00,Warner Brothers,Warner Brothers,105,Please wear black pants and proper kitchen shoes. We'll provide kitchen coat and apron. ,Dishwasher
2026-04-07,2026-04-07 11:00:00,2026-04-07 15:30:00,Guckenheimer Cafe at Red Bull,Guckenheimer Cafe at Red Bull - Back of House,105,,Dishwasher
2026-04-07,2026-04-07 11:00:00,2026-04-07 19:30:00,PIH Health - Whittier Hospital,PIH Health - Whittier Hospital,102,,Cook 2
2026-04-07,2026-04-07 11:00:00,2026-04-07 19:30:00,University Village Thousand Oaks,University Village Thousand Oaks ,102,,Cook 2
2026-04-07,2026-04-07 12:00:00,2026-04-07 20:30:00,Childrens Hospital Los Angeles,Childrens Hospital Los Angeles,104,Food Service Worker,General
2026-04-07,2026-04-07 12:00:00,2026-04-07 20:30:00,Griffin Club Los Angeles,Griffin Club Los Angeles,102,,Cook 2
2026-04-07,2026-04-07 12:00:00,2026-04-07 20:30:00,PIH Health - Whittier Hospital,PIH Health - Whittier Hospital,110,,Prep Cook 2
2026-04-07,2026-04-07 12:00:00,2026-04-07 20:30:00,SBLP Warner Center OPCO LLC - The Variel,The Variel of Woodland Hills,102,,Cook 2
2026-04-07,2026-04-07 12:00:00,2026-04-07 18:00:00,St. Anne's Maternity,St. Anne's Maternity,105,,Dishwasher
2026-04-07,2026-04-07 12:30:00,2026-04-07 21:00:00,Athenaeum Club,Athenaeum Kitchen,102,,Cook 2
2026-04-07,2026-04-07 14:00:00,2026-04-07 22:30:00,Blue Devils Lessee LLC | Hyatt Centric Delfina Santa Monica,Hyatt Centric Delfina Santa Monica,264,Ongoing Assignment - Read description before signing up,Event Supervisor
2026-04-07,2026-04-07 14:00:00,2026-04-07 22:30:00,Martin Luther King Jr Hospital,Martin Luther King Jr. Hospital | BOH,102,,Cook 2
2026-04-07,2026-04-07 14:00:00,2026-04-07 20:00:00,Pepperdine University,Pepperdine University - Catering,115,Brock House Event (President's Home),Server 2
2026-04-07,2026-04-07 14:00:00,2026-04-07 22:30:00,SBLP Warner Center OPCO LLC - The Variel,The Variel of Woodland Hills,105,,Dishwasher
2026-04-07,2026-04-07 14:00:00,2026-04-07 22:00:00,Viceroy Santa Monica Hotel,Viceroy Santa Monica Hotel,264,,Event Supervisor
2026-04-07,2026-04-07 14:30:00,2026-04-07 23:00:00,Commerce Casino,Commerce Casino - Employee Dining Room,102,,Cook 2
2026-04-07,2026-04-07 15:00:00,2026-04-07 23:30:00,Carmelized Productions,@ Carmelized Productions - Offsite,102,,Cook 2
2026-04-07,2026-04-07 15:00:00,2026-04-07 23:30:00,Crescent Heights Ten Thousand,Crescent Heights Ten Thousand - Butler Department,115,Butler/Porter,Server 2
2026-04-07,2026-04-07 15:00:00,2026-04-07 23:30:00,"Manhattan Beach Hotel TRS LLC., dba Westdrift Manhattan Beach",Manhattan Beach Hotel | Banquet,98,,Bartender 2
2026-04-07,2026-04-07 15:00:00,2026-04-07 23:30:00,"Manhattan Beach Hotel TRS LLC., dba Westdrift Manhattan Beach",Manhattan Beach Hotel | Banquet,96,,Barback
2026-04-07,2026-04-07 15:00:00,2026-04-08 00:00:00,Riviera Resort & Spa,Riviera Resort & Spa,102,,Cook 2
2026-04-07,2026-04-07 15:30:00,2026-04-07 20:30:00,@Palm Springs Surf Club,@Palm Springs Surf Club - Ballroom,115,,Server 2
2026-04-07,2026-04-07 15:30:00,2026-04-07 20:30:00,@Palm Springs Surf Club,@Palm Springs Surf Club - Ballroom,104,Server Assistants | Busser,General
2026-04-07,2026-04-07 15:30:00,2026-04-07 20:30:00,@Palm Springs Surf Club,@Palm Springs Surf Club - Ballroom,98,,Bartender 2
2026-04-07,2026-04-07 15:30:00,2026-04-08 00:00:00,Cedars Sinai Medical Center,Cedars Sinai - Plaza & Cafe,102,Grill Cook,Cook 2
2026-04-07,2026-04-07 15:30:00,2026-04-07 22:00:00,Malibu Beach Inn,Malibu Beach Inn - BOH,105,,Dishwasher
2026-04-07,2026-04-07 16:00:00,2026-04-07 23:00:00,Canyon Palm Springs Hotel dba Thompson Palm Springs,Thompson Palm Springs |  FOH,99,,Busser
2026-04-07,2026-04-07 16:00:00,2026-04-07 21:30:00,Griffin Club Los Angeles,Griffin Club Los Angeles,105,,Dishwasher
2026-04-07,2026-04-07 16:00:00,2026-04-07 22:00:00,"Manhattan Beach Hotel TRS LLC., dba Westdrift Manhattan Beach",Manhattan Beach Hotel | Banquet,115,,Server 2
2026-04-07,2026-04-07 16:00:00,2026-04-07 22:00:00,VEA Hotel - Newport Beach,VEA Hotel - Newport Beach | Cooks,102,,Cook 2
2026-04-07,2026-04-07 16:30:00,2026-04-07 22:00:00,"Nowsta Labor Marketplace, LLC",Legends - Angel Stadium,264,,Event Supervisor
2026-04-07,2026-04-07 17:00:00,2026-04-08 01:30:00,Pepperdine University,Pepperdine University - HAWC Cafe & Store,102,,Cook 2
2026-04-07,2026-04-07 17:30:00,2026-04-07 21:30:00,"Nowsta Labor Marketplace, LLC",Legends - Angel Stadium,229,,Concessions Worker
2026-04-07,2026-04-07 22:00:00,2026-04-08 06:30:00,Commerce Casino,Commerce Casino - Employee Dining Room,102,Overnight Shift,Cook 2
2026-04-08,2026-04-08 02:00:00,2026-04-08 10:30:00,Commerce Casino,Commerce Casino - High Limit Kitchen | BOH,105,Overnight shift,Dishwasher
2026-04-08,2026-04-08 05:00:00,2026-04-08 10:00:00,"Broadview, Inc.","@ Broadview, Inc.",102,,Cook 2
2026-04-08,2026-04-08 05:00:00,2026-04-08 13:30:00,Google Spruce Goose Offices,Google Spruce Goose - Catering Operations,102,,Cook 2
2026-04-08,2026-04-08 05:00:00,2026-04-08 13:30:00,People Assisting the Homeless,People Assisting the Homeless - YWCA,102,,Cook 2
2026-04-08,2026-04-08 05:00:00,2026-04-08 13:30:00,PIH Health - Good Samaritan Hospital,PIH Health - Good Samaritan Hospital,290,,Cook 3
2026-04-08,2026-04-08 05:00:00,2026-04-08 13:30:00,PIH Health - Whittier Hospital,PIH Health - Whittier Hospital,102,,Cook 2
2026-04-08,2026-04-08 05:00:00,2026-04-08 13:30:00,PIH Health - Whittier Hospital,PIH Health - Whittier Hospital,110,,Prep Cook 2
2026-04-08,2026-04-08 05:30:00,2026-04-08 11:00:00,Empowered 4 Life Foundation,@ Empowered 4 Life Foundation,110,,Prep Cook 2
2026-04-08,2026-04-08 05:30:00,2026-04-08 14:30:00,"Fox Studio Lot, LLC",Fox Studio - Moe's Cafe BoH,102,,Cook 2
2026-04-08,2026-04-08 05:30:00,2026-04-08 14:00:00,Masimo Technology Cafe,Masimo Technology Cafe | BOH,102,Two week ongoing shift Must work both weeks,Cook 2
2026-04-08,2026-04-08 06:00:00,2026-04-08 13:30:00,Beverly Hills Unified School District,BHUSD - Beverly Hills High School,102,,Cook 2
2026-04-08,2026-04-08 06:00:00,2026-04-08 13:30:00,Beverly Hills Unified School District,BHUSD - Beverly Hills High School,110,,Prep Cook 2
2026-04-08,2026-04-08 06:00:00,2026-04-08 13:30:00,Beverly Hills Unified School District,BHUSD - Beverly Hills High School,104,,General
2026-04-08,2026-04-08 06:00:00,2026-04-08 14:30:00,Capital Group - Irvine,Capital Group - Irvine | FOH,101,,Cashier
2026-04-08,2026-04-08 06:00:00,2026-04-08 14:30:00,Capital Group - Irvine,Capital Group - Irvine | BOH,102,,Cook 2
2026-04-08,2026-04-08 06:00:00,2026-04-08 14:30:00,Disney Studios,Disney Studios | GC3 Cafe Glendale,102,,Cook 2
2026-04-08,2026-04-08 06:00:00,2026-04-08 14:30:00,Edwards Lifesciences,Edwards Lifesciences FOH Bldg. C,101,,Cashier
2026-04-08,2026-04-08 06:00:00,2026-04-08 14:30:00,Edwards Lifesciences,Edwards Lifesciences FOH Bldg. C,97,,Barista 2
2026-04-08,2026-04-08 06:00:00,2026-04-08 14:30:00,Edwards Lifesciences,Edwards Lifesciences FOH Bldg. C,101,,Cashier
2026-04-08,2026-04-08 06:00:00,2026-04-08 14:30:00,"Fox Studio Lot, LLC",Fox Studio - Commissary,102,,Cook 2
2026-04-08,2026-04-08 06:00:00,2026-04-08 15:00:00,"Fox Studio Lot, LLC",Fox Studio - News Cafe BoH,102,,Cook 2
2026-04-08,2026-04-08 06:00:00,2026-04-08 14:30:00,Martin Luther King Jr Hospital,Martin Luther King Jr. Hospital | BOH,102,,Cook 2
2026-04-08,2026-04-08 06:00:00,2026-04-08 15:00:00,Riviera Resort & Spa,Riviera Resort & Spa,102,,Cook 2
2026-04-08,2026-04-08 06:15:00,2026-04-08 14:45:00,Disney Studios,Disney Studios | Big D Cafe Glendale,102,,Cook 2
2026-04-08,2026-04-08 06:30:00,2026-04-08 15:00:00,Amgen Thousand Oaks,Amgen Thousand Oaks - Terrace Cafe,102,,Cook 2
2026-04-08,2026-04-08 06:30:00,2026-04-08 14:30:00,Amgen Thousand Oaks,Amgen Thousand Oaks - Bistro Cafe,102,,Cook 2
2026-04-08,2026-04-08 06:30:00,2026-04-08 15:00:00,Childrens Hospital Los Angeles,Childrens Hospital Los Angeles,105,,Dishwasher
2026-04-08,2026-04-08 06:30:00,2026-04-08 15:00:00,Park Place Plaza,Park Place Plaza,115,with Barista Duties,Server 2
2026-04-08,2026-04-08 06:30:00,2026-04-08 15:00:00,Pepperdine University,Pepperdine University - Calabasas Campus,102,,Cook 2
2026-04-08,2026-04-08 06:30:00,2026-04-08 15:00:00,SBLP Warner Center OPCO LLC - The Variel,The Variel of Woodland Hills,105,,Dishwasher
2026-04-08,2026-04-08 07:00:00,2026-04-08 14:00:00,Beverly Hills Unified School District,BHUSD - Horace Mann Elementary School,104,,General
2026-04-08,2026-04-08 07:00:00,2026-04-08 13:30:00,Beverly Hills Unified School District,BHUSD- El Rodeo Elementary,104,,General
2026-04-08,2026-04-08 07:00:00,2026-04-08 13:30:00,Beverly Hills Unified School District,BHUSD - Beverly Hills High School,105,,Dishwasher
2026-04-08,2026-04-08 07:00:00,2026-04-08 15:30:00,Crescent Heights Ten Thousand,Crescent Heights Ten Thousand - Butler Department,115,Butler/Porter,Server 2
2026-04-08,2026-04-08 07:00:00,2026-04-08 15:30:00,Martin Luther King Jr Hospital,Martin Luther King Jr. Hospital | BOH,102,,Cook 2
2026-04-08,2026-04-08 07:00:00,2026-04-08 15:30:00,NBC Universal,NBC Universal Studios | The Market Place,102,,Cook 2
2026-04-08,2026-04-08 07:00:00,2026-04-08 15:00:00,Newport Harbor Yacht Club,Newport Harbor Yacht Club | Banquets,105,Heavy Lifting - Read Description,Dishwasher
2026-04-08,2026-04-08 07:00:00,2026-04-08 15:30:00,NFL LA Huddle Cafe,NFL LA Huddle Cafe,102,,Cook 2
2026-04-08,2026-04-08 07:00:00,2026-04-08 15:00:00,PIH Health - Good Samaritan Hospital,PIH Health - Good Samaritan Hospital,104,Utility,General
2026-04-08,2026-04-08 07:00:00,2026-04-08 15:30:00,"Platinum Equity, LLC",Platinum Equity LLC,102,,Cook 2
2026-04-08,2026-04-08 07:00:00,2026-04-08 15:30:00,"Platinum Equity, LLC",Platinum Equity LLC,105,,Dishwasher
2026-04-08,2026-04-08 07:00:00,2026-04-08 15:00:00,RAND Corporation,RAND Corporation,102,,Cook 2
2026-04-08,2026-04-08 07:00:00,2026-04-08 15:30:00,The Getty Villa,The Getty Villa BOH,102,,Cook 2
2026-04-08,2026-04-08 07:00:00,2026-04-08 15:30:00,The Meadowglade LLC,The Meadowglade,102,,Cook 2
2026-04-08,2026-04-08 07:00:00,2026-04-08 15:30:00,Union Station Homeless Services,Union Station Homeless Services - Adult Center,102,,Cook 2
2026-04-08,2026-04-08 07:00:00,2026-04-08 14:00:00,Union Station Homeless Services,Union Station Homeless Services - Adult Center,102,,Cook 2
2026-04-08,2026-04-08 07:30:00,2026-04-08 15:30:00,Amgen Thousand Oaks,Amgen Thousand Oaks - Bistro Cafe,105,,Dishwasher
2026-04-08,2026-04-08 07:30:00,2026-04-08 16:00:00,"Fox Studio Lot, LLC",Fox Studio - Moe's Cafe BoH,105,,Dishwasher
2026-04-08,2026-04-08 08:00:00,2026-04-08 12:00:00,@Palm Springs Surf Club,@Palm Springs Surf Club - Ballroom,104,Event Set Up,General
2026-04-08,2026-04-08 08:00:00,2026-04-08 13:30:00,Beverly Hills Unified School District,BHUSD - Beverly Vista Middle School,104,,General
2026-04-08,2026-04-08 08:00:00,2026-04-08 16:00:00,Hotel Bel Air,Hotel Bel Air - Main Kitchen,110,,Prep Cook 2
2026-04-08,2026-04-08 08:00:00,2026-04-08 14:00:00,Malibu Beach Inn,Malibu Beach Inn - BOH,105,,Dishwasher
2026-04-08,2026-04-08 08:00:00,2026-04-08 16:30:00,"Manhattan Beach Hotel TRS LLC., dba Westdrift Manhattan Beach",Manhattan Beach Hotel | Banquet,264,,Event Supervisor
2026-04-08,2026-04-08 08:00:00,2026-04-08 16:30:00,NFL LA Huddle Cafe,NFL LA Huddle Cafe,97,,Barista 2
2026-04-08,2026-04-08 08:00:00,2026-04-08 16:30:00,NFL LA Huddle Cafe,NFL LA Huddle Cafe,102,,Cook 2
2026-04-08,2026-04-08 08:00:00,2026-04-08 16:30:00,Pepperdine University,Pepperdine University - Waves Cafe - Front of House,115,,Server 2
2026-04-08,2026-04-08 08:00:00,2026-04-08 16:30:00,PIH Health - Downey Hospital,PIH Health - Downey Hospital,105,,Dishwasher
2026-04-08,2026-04-08 08:00:00,2026-04-08 16:30:00,"Platinum Equity, LLC",Platinum Equity LLC,102,,Cook 2
2026-04-08,2026-04-08 08:00:00,2026-04-08 14:30:00,Santa Clarita Valley Senior Center,Santa Clarita Valley Senior Center,105,,Dishwasher
2026-04-08,2026-04-08 08:00:00,2026-04-08 16:30:00,The Wonderful Company,The Wonderful Company,97,,Barista 2
2026-04-08,2026-04-08 09:00:00,2026-04-08 14:00:00,New West Charter School,New West Charter School - ARMACOST Location,115,,Server 2
2026-04-08,2026-04-08 09:00:00,2026-04-08 17:30:00,NFL LA Huddle Cafe,NFL LA Huddle Cafe,105,,Dishwasher
2026-04-08,2026-04-08 09:00:00,2026-04-08 15:00:00,NFL LA Huddle Cafe,NFL LA Huddle Cafe,105,,Dishwasher
2026-04-08,2026-04-08 09:00:00,2026-04-08 17:30:00,"Platinum Equity, LLC",Platinum Equity LLC,102,,Cook 2
2026-04-08,2026-04-08 09:00:00,2026-04-08 15:00:00,The Vered,The Vered,102,TB and LIVE Scan Required - Ongoing Shift - Do not publish,Cook 2
2026-04-08,2026-04-08 09:30:00,2026-04-08 17:30:00,Malibu Beach Inn,Malibu Beach Inn - BOH,107,Housekeeping,Houseperson
2026-04-08,2026-04-08 10:00:00,2026-04-08 14:30:00,Google Spruce Goose Offices,Google Spruce Goose - Cafe,104,,General
2026-04-08,2026-04-08 10:00:00,2026-04-08 18:30:00,Griffin Club Los Angeles,Griffin Club Los Angeles,102,,Cook 2
2026-04-08,2026-04-08 11:00:00,2026-04-08 15:30:00,Guckenheimer Cafe at Red Bull,Guckenheimer Cafe at Red Bull - Back of House,105,,Dishwasher
2026-04-08,2026-04-08 11:00:00,2026-04-08 19:30:00,PIH Health - Whittier Hospital,PIH Health - Whittier Hospital,102,,Cook 2
2026-04-08,2026-04-08 11:00:00,2026-04-08 19:30:00,University Village Thousand Oaks,University Village Thousand Oaks ,102,,Cook 2
2026-04-08,2026-04-08 12:00:00,2026-04-08 20:30:00,Childrens Hospital Los Angeles,Childrens Hospital Los Angeles,104,Food Service Worker,General
2026-04-08,2026-04-08 12:00:00,2026-04-08 20:30:00,PIH Health - Whittier Hospital,PIH Health - Whittier Hospital,110,,Prep Cook 2
2026-04-08,2026-04-08 12:00:00,2026-04-08 17:00:00,Renaissance LA Airport Hotel,Renaissance LA Airport Hotel - Banquets,115,,Server 2
2026-04-08,2026-04-08 12:00:00,2026-04-08 18:00:00,St. Anne's Maternity,St. Anne's Maternity,105,,Dishwasher
2026-04-08,2026-04-08 12:00:00,2026-04-08 20:30:00,VEA Hotel - Newport Beach,VEA Hotel - Newport Beach | Cooks,102,,Cook 2
2026-04-08,2026-04-08 12:30:00,2026-04-08 21:00:00,Athenaeum Club,Athenaeum Kitchen,102,,Cook 2
2026-04-08,2026-04-08 13:00:00,2026-04-08 21:30:00,Griffin Club Los Angeles,Griffin Club Los Angeles,105,,Dishwasher
2026-04-08,2026-04-08 14:00:00,2026-04-08 22:30:00,Blue Devils Lessee LLC | Hyatt Centric Delfina Santa Monica,Hyatt Centric Delfina Santa Monica,264,Ongoing Assignment - Read description before signing up,Event Supervisor
2026-04-08,2026-04-08 14:00:00,2026-04-08 20:30:00,Griffin Club Los Angeles,Griffin Club Los Angeles,102,,Cook 2
2026-04-08,2026-04-08 14:00:00,2026-04-08 22:30:00,Martin Luther King Jr Hospital,Martin Luther King Jr. Hospital | BOH,102,,Cook 2
2026-04-08,2026-04-08 14:00:00,2026-04-08 22:30:00,SBLP Warner Center OPCO LLC - The Variel,The Variel of Woodland Hills,105,,Dishwasher
2026-04-08,2026-04-08 14:00:00,2026-04-08 22:00:00,Viceroy Santa Monica Hotel,Viceroy Santa Monica Hotel,264,,Event Supervisor
2026-04-08,2026-04-08 14:30:00,2026-04-08 22:30:00,Hotel Bel Air,Hotel Bel Air - Stewards,105,,Dishwasher
2026-04-08,2026-04-08 14:30:00,2026-04-08 23:00:00,VH Property Corp. dba Trump National Golf Club Los Angeles,Trump National Golf Course Los Angeles | BOH,102,,Cook 2
2026-04-08,2026-04-08 15:00:00,2026-04-08 21:00:00,Comedy and Magic Club,Comedy and Magic Club,102,,Cook 2
2026-04-08,2026-04-08 15:00:00,2026-04-08 23:30:00,Crescent Heights Ten Thousand,Crescent Heights Ten Thousand - Butler Department,115,Butler/Porter,Server 2
2026-04-08,2026-04-08 15:00:00,2026-04-08 23:30:00,"Manhattan Beach Hotel TRS LLC., dba Westdrift Manhattan Beach",Manhattan Beach Hotel | Banquet,98,,Bartender 2
2026-04-08,2026-04-08 15:00:00,2026-04-08 23:30:00,"Manhattan Beach Hotel TRS LLC., dba Westdrift Manhattan Beach",Manhattan Beach Hotel | Banquet,96,,Barback
2026-04-08,2026-04-08 15:00:00,2026-04-08 23:30:00,Pitzer College,Pitzer College,102,,Cook 2
2026-04-08,2026-04-08 15:00:00,2026-04-09 00:00:00,Riviera Resort & Spa,Riviera Resort & Spa,102,,Cook 2
2026-04-08,2026-04-08 15:30:00,2026-04-09 00:00:00,Cedars Sinai Medical Center,Cedars Sinai - Plaza & Cafe,102,Grill Cook,Cook 2
2026-04-08,2026-04-08 15:30:00,2026-04-08 22:00:00,Malibu Beach Inn,Malibu Beach Inn - BOH,105,,Dishwasher
2026-04-08,2026-04-08 16:00:00,2026-04-08 22:00:00,@Palm Springs Surf Club,@Palm Springs Surf Club - Ballroom,115,,Server 2
2026-04-08,2026-04-08 16:00:00,2026-04-08 22:00:00,@Palm Springs Surf Club,@Palm Springs Surf Club - Ballroom,98,,Bartender 2
2026-04-08,2026-04-08 16:00:00,2026-04-08 23:00:00,Canyon Palm Springs Hotel dba Thompson Palm Springs,Thompson Palm Springs |  FOH,99,,Busser
2026-04-08,2026-04-08 16:00:00,2026-04-08 20:00:00,Commerce Casino,Commerce Casino - Banquets | FOH,115,,Server 2
2026-04-08,2026-04-08 16:00:00,2026-04-09 00:00:00,Commerce Casino,Commerce Casino - High Limit Kitchen | FOH | MON - TH,101,with Runner duties,Cashier
2026-04-08,2026-04-08 16:00:00,2026-04-08 20:00:00,Commerce Casino,Commerce Casino - Banquets | FOH,98,,Bartender 2
2026-04-08,2026-04-08 16:00:00,2026-04-08 22:00:00,"Manhattan Beach Hotel TRS LLC., dba Westdrift Manhattan Beach",Manhattan Beach Hotel | Banquet,115,,Server 2
2026-04-08,2026-04-08 17:00:00,2026-04-09 01:30:00,Pepperdine University,Pepperdine University - HAWC Cafe & Store,102,,Cook 2
2026-04-08,2026-04-08 21:00:00,2026-04-09 01:00:00,@Palm Springs Surf Club,@Palm Springs Surf Club - Ballroom,104,Event Clean up,General
2026-04-08,2026-04-08 22:00:00,2026-04-09 06:30:00,Commerce Casino,Commerce Casino - Employee Dining Room,102,Overnight Shift,Cook 2
2026-04-09,2026-04-09 05:00:00,2026-04-09 13:30:00,Google Spruce Goose Offices,Google Spruce Goose - Catering Operations,102,,Cook 2
2026-04-09,2026-04-09 05:00:00,2026-04-09 13:30:00,People Assisting the Homeless,People Assisting the Homeless - YWCA,102,,Cook 2
2026-04-09,2026-04-09 05:00:00,2026-04-09 13:30:00,PIH Health - Good Samaritan Hospital,PIH Health - Good Samaritan Hospital,290,,Cook 3
2026-04-09,2026-04-09 05:00:00,2026-04-09 13:30:00,PIH Health - Whittier Hospital,PIH Health - Whittier Hospital,102,,Cook 2
2026-04-09,2026-04-09 05:00:00,2026-04-09 13:30:00,PIH Health - Whittier Hospital,PIH Health - Whittier Hospital,110,,Prep Cook 2
2026-04-09,2026-04-09 05:30:00,2026-04-09 11:00:00,Empowered 4 Life Foundation,@ Empowered 4 Life Foundation,110,,Prep Cook 2
2026-04-09,2026-04-09 05:30:00,2026-04-09 14:30:00,"Fox Studio Lot, LLC",Fox Studio - Moe's Cafe BoH,102,,Cook 2
2026-04-09,2026-04-09 06:00:00,2026-04-09 13:30:00,Beverly Hills Unified School District,BHUSD - Beverly Hills High School,110,,Prep Cook 2
2026-04-09,2026-04-09 06:00:00,2026-04-09 13:30:00,Beverly Hills Unified School District,BHUSD - Beverly Hills High School,104,,General
2026-04-09,2026-04-09 06:00:00,2026-04-09 13:30:00,Beverly Hills Unified School District,BHUSD - Beverly Hills High School,102,,Cook 2
2026-04-09,2026-04-09 06:00:00,2026-04-09 14:30:00,Capital Group - Irvine,Capital Group - Irvine | FOH,101,,Cashier
2026-04-09,2026-04-09 06:00:00,2026-04-09 14:30:00,Capital Group - Irvine,Capital Group - Irvine | BOH,102,,Cook 2
2026-04-09,2026-04-09 06:00:00,2026-04-09 14:30:00,Commerce Casino,Commerce Casino - High Limit Kitchen | FOH | MON - TH,112,with Cashier role,Runner
2026-04-09,2026-04-09 06:00:00,2026-04-09 14:00:00,Commerce Casino,Commerce Casino - Employee Dining Room,115,,Server 2
2026-04-09,2026-04-09 06:00:00,2026-04-09 14:30:00,Disney Studios,Disney Studios | GC3 Cafe Glendale,102,,Cook 2
2026-04-09,2026-04-09 06:00:00,2026-04-09 14:30:00,Edwards Lifesciences,Edwards Lifesciences FOH Bldg. C,101,,Cashier
2026-04-09,2026-04-09 06:00:00,2026-04-09 14:30:00,"Fox Studio Lot, LLC",Fox Studio - Commissary,102,,Cook 2
2026-04-09,2026-04-09 06:00:00,2026-04-09 15:00:00,"Fox Studio Lot, LLC",Fox Studio - News Cafe BoH,102,,Cook 2
2026-04-09,2026-04-09 06:00:00,2026-04-09 14:30:00,Martin Luther King Jr Hospital,Martin Luther King Jr. Hospital | BOH,102,,Cook 2
2026-04-09,2026-04-09 06:00:00,2026-04-09 14:30:00,NFL LA Huddle Cafe,NFL LA Huddle Cafe,102,,Cook 2
2026-04-09,2026-04-09 06:00:00,2026-04-09 14:30:00,NFL LA Huddle Cafe,NFL LA Huddle Cafe,102,,Cook 2
2026-04-09,2026-04-09 06:00:00,2026-04-09 15:00:00,Riviera Resort & Spa,Riviera Resort & Spa,102,,Cook 2
2026-04-09,2026-04-09 06:15:00,2026-04-09 14:45:00,Disney Studios,Disney Studios | Big D Cafe Glendale,102,,Cook 2
2026-04-09,2026-04-09 06:30:00,2026-04-09 14:30:00,Amgen Thousand Oaks,Amgen Thousand Oaks - Bistro Cafe,102,,Cook 2
2026-04-09,2026-04-09 06:30:00,2026-04-09 15:00:00,Childrens Hospital Los Angeles,Childrens Hospital Los Angeles,105,,Dishwasher
2026-04-09,2026-04-09 06:30:00,2026-04-09 14:30:00,Hotel Bel Air,Hotel Bel Air - Swan Cafe,102,,Cook 2
2026-04-09,2026-04-09 06:30:00,2026-04-09 15:00:00,Park Place Plaza,Park Place Plaza,115,with Barista Duties,Server 2
2026-04-09,2026-04-09 06:30:00,2026-04-09 15:00:00,Pepperdine University,Pepperdine University - Calabasas Campus,102,,Cook 2
2026-04-09,2026-04-09 06:30:00,2026-04-09 15:00:00,SBLP Warner Center OPCO LLC - The Variel,The Variel of Woodland Hills,105,,Dishwasher
2026-04-09,2026-04-09 07:00:00,2026-04-09 13:30:00,Beverly Hills Unified School District,BHUSD - Horace Mann Elementary School,104,,General
2026-04-09,2026-04-09 07:00:00,2026-04-09 14:00:00,Beverly Hills Unified School District,BHUSD- El Rodeo Elementary,104,,General
2026-04-09,2026-04-09 07:00:00,2026-04-09 15:30:00,Crescent Heights Ten Thousand,Crescent Heights Ten Thousand - Butler Department,115,Butler/Porter,Server 2
2026-04-09,2026-04-09 07:00:00,2026-04-09 15:00:00,Guckenheimer Cafe at Red Bull,Guckenheimer Cafe at Red Bull - Front of House,97,,Barista 2
2026-04-09,2026-04-09 07:00:00,2026-04-09 15:30:00,Martin Luther King Jr Hospital,Martin Luther King Jr. Hospital | BOH,102,,Cook 2
2026-04-09,2026-04-09 07:00:00,2026-04-09 15:30:00,NBC Universal,NBC Universal Studios | The Market Place,102,,Cook 2
2026-04-09,2026-04-09 07:00:00,2026-04-09 15:00:00,Newport Harbor Yacht Club,Newport Harbor Yacht Club | Banquets,105,Heavy Lifting - Read Description,Dishwasher
2026-04-09,2026-04-09 07:00:00,2026-04-09 15:00:00,PIH Health - Good Samaritan Hospital,PIH Health - Good Samaritan Hospital,104,Utility,General
2026-04-09,2026-04-09 07:00:00,2026-04-09 15:30:00,"Platinum Equity, LLC",Platinum Equity LLC,102,,Cook 2
2026-04-09,2026-04-09 07:00:00,2026-04-09 15:30:00,"Platinum Equity, LLC",Platinum Equity LLC,105,,Dishwasher
2026-04-09,2026-04-09 07:00:00,2026-04-09 15:00:00,RAND Corporation,RAND Corporation,105,,Dishwasher
2026-04-09,2026-04-09 07:00:00,2026-04-09 15:00:00,RAND Corporation,RAND Corporation,102,,Cook 2
2026-04-09,2026-04-09 07:00:00,2026-04-09 15:30:00,The Meadowglade LLC,The Meadowglade,102,,Cook 2
2026-04-09,2026-04-09 07:00:00,2026-04-09 14:00:00,Union Station Homeless Services,Union Station Homeless Services - Adult Center,102,,Cook 2
2026-04-09,2026-04-09 07:00:00,2026-04-09 15:30:00,Union Station Homeless Services,Union Station Homeless Services - Adult Center,102,,Cook 2
2026-04-09,2026-04-09 07:30:00,2026-04-09 15:30:00,Amgen Thousand Oaks,Amgen Thousand Oaks - Bistro Cafe,105,,Dishwasher
2026-04-09,2026-04-09 07:30:00,2026-04-09 15:30:00,Edwards Lifesciences,Edwards Lifesciences FOH Bldg. C,97,,Barista 2
2026-04-09,2026-04-09 07:30:00,2026-04-09 16:00:00,"Fox Studio Lot, LLC",Fox Studio - Moe's Cafe BoH,105,,Dishwasher
2026-04-09,2026-04-09 08:00:00,2026-04-09 13:30:00,Beverly Hills Unified School District,BHUSD - Beverly Vista Middle School,104,,General
2026-04-09,2026-04-09 08:00:00,2026-04-09 13:30:00,Beverly Hills Unified School District,BHUSD - Beverly Vista Middle School,104,,General
2026-04-09,2026-04-09 08:00:00,2026-04-09 16:00:00,Hotel Bel Air,Hotel Bel Air - Main Kitchen,110,,Prep Cook 2
2026-04-09,2026-04-09 08:00:00,2026-04-09 14:00:00,Malibu Beach Inn,Malibu Beach Inn - BOH,105,,Dishwasher
2026-04-09,2026-04-09 08:00:00,2026-04-09 16:30:00,NFL LA Huddle Cafe,NFL LA Huddle Cafe,97,,Barista 2
2026-04-09,2026-04-09 08:00:00,2026-04-09 16:30:00,Pepperdine University,Pepperdine University - Waves Cafe - Front of House,115,,Server 2
2026-04-09,2026-04-09 08:00:00,2026-04-09 16:30:00,PIH Health - Downey Hospital,PIH Health - Downey Hospital,105,,Dishwasher
2026-04-09,2026-04-09 08:00:00,2026-04-09 16:30:00,"Platinum Equity, LLC",Platinum Equity LLC,102,,Cook 2
2026-04-09,2026-04-09 08:00:00,2026-04-09 14:30:00,Santa Clarita Valley Senior Center,Santa Clarita Valley Senior Center,105,,Dishwasher
2026-04-09,2026-04-09 09:00:00,2026-04-09 14:00:00,New West Charter School,New West Charter School - ARMACOST Location,115,,Server 2
2026-04-09,2026-04-09 09:00:00,2026-04-09 17:30:00,NFL LA Huddle Cafe,NFL LA Huddle Cafe,105,,Dishwasher
2026-04-09,2026-04-09 09:00:00,2026-04-09 17:30:00,"Platinum Equity, LLC",Platinum Equity LLC,102,,Cook 2
2026-04-09,2026-04-09 09:00:00,2026-04-09 15:00:00,The Vered,The Vered,102,TB and LIVE Scan Required - Ongoing Shift - Do not publish,Cook 2
2026-04-09,2026-04-09 09:30:00,2026-04-09 17:30:00,Malibu Beach Inn,Malibu Beach Inn - BOH,107,Housekeeping,Houseperson
2026-04-09,2026-04-09 10:00:00,2026-04-09 16:00:00,Ebell of Los Angeles,Ebell of Los Angeles - Back of House,102,,Cook 2
2026-04-09,2026-04-09 10:00:00,2026-04-09 14:30:00,Google Spruce Goose Offices,Google Spruce Goose - Cafe,104,,General
2026-04-09,2026-04-09 10:00:00,2026-04-09 18:30:00,Masimo Technology Cafe,Masimo Technology Cafe | BOH,102,Two week ongoing shift Must work both weeks,Cook 2
2026-04-09,2026-04-09 10:00:00,2026-04-09 15:00:00,Universal Music Group,Universal Music Group,105,,Dishwasher
2026-04-09,2026-04-09 11:00:00,2026-04-09 18:00:00,L'Oreal,L'Oreal - Events,105,URGENT,Dishwasher
2026-04-09,2026-04-09 11:00:00,2026-04-09 19:00:00,NBC Universal,NBC Universal Studios | The Market Place,102,,Cook 2
2026-04-09,2026-04-09 11:00:00,2026-04-09 19:30:00,PIH Health - Whittier Hospital,PIH Health - Whittier Hospital,102,,Cook 2
2026-04-09,2026-04-09 11:00:00,2026-04-09 19:30:00,University Village Thousand Oaks,University Village Thousand Oaks ,102,,Cook 2
2026-04-09,2026-04-09 12:00:00,2026-04-09 20:30:00,Cedars Sinai Medical Center,Cedars Sinai - Plaza & Cafe,102,Grill Cook,Cook 2
2026-04-09,2026-04-09 12:00:00,2026-04-09 20:30:00,PIH Health - Whittier Hospital,PIH Health - Whittier Hospital,110,,Prep Cook 2
2026-04-09,2026-04-09 12:00:00,2026-04-09 20:30:00,Pitzer College,Pitzer College,102,,Cook 2
2026-04-09,2026-04-09 12:00:00,2026-04-09 20:30:00,SBLP Warner Center OPCO LLC - The Variel,The Variel of Woodland Hills,102,,Cook 2
2026-04-09,2026-04-09 12:00:00,2026-04-09 20:30:00,VEA Hotel - Newport Beach,VEA Hotel - Newport Beach | Cooks,102,,Cook 2
2026-04-09,2026-04-09 12:30:00,2026-04-09 21:00:00,Athenaeum Club,Athenaeum Kitchen,102,,Cook 2
2026-04-09,2026-04-09 13:00:00,2026-04-09 21:30:00,Griffin Club Los Angeles,Griffin Club Los Angeles,105,,Dishwasher
2026-04-09,2026-04-09 14:00:00,2026-04-09 22:30:00,Martin Luther King Jr Hospital,Martin Luther King Jr. Hospital | BOH,102,,Cook 2
2026-04-09,2026-04-09 14:00:00,2026-04-09 22:30:00,SBLP Warner Center OPCO LLC - The Variel,The Variel of Woodland Hills,105,,Dishwasher
2026-04-09,2026-04-09 14:00:00,2026-04-09 22:30:00,SBLP Warner Center OPCO LLC - The Variel,The Variel of Woodland Hills,105,,Dishwasher
2026-04-09,2026-04-09 14:30:00,2026-04-09 23:00:00,Commerce Casino,Commerce Casino - Employee Dining Room,102,,Cook 2
2026-04-09,2026-04-09 14:30:00,2026-04-09 23:00:00,Commerce Casino,Commerce Casino - Employee Dining Room,102,,Cook 2
2026-04-09,2026-04-09 14:30:00,2026-04-09 22:00:00,Pepperdine University,Pepperdine University - Catering,115,Brock House Event (President's Home),Server 2
2026-04-09,2026-04-09 14:30:00,2026-04-09 22:00:00,Pepperdine University,Pepperdine University - Catering,115,Brock House Event (President's Home),Server 2
2026-04-09,2026-04-09 14:30:00,2026-04-09 23:00:00,VH Property Corp. dba Trump National Golf Club Los Angeles,Trump National Golf Course Los Angeles | BOH,102,,Cook 2
2026-04-09,2026-04-09 14:30:00,2026-04-09 19:30:00,Wolfgang Puck Catering,Wolfgang Puck Catering - Sony Studios,102,,Cook 2
2026-04-09,2026-04-09 15:00:00,2026-04-09 23:00:00,Blue Devils Lessee LLC | Hyatt Centric Delfina Santa Monica,Hyatt Centric Delfina Santa Monica,105,,Dishwasher
2026-04-09,2026-04-09 15:00:00,2026-04-09 23:30:00,Crescent Heights Ten Thousand,Crescent Heights Ten Thousand - Butler Department,115,Butler/Porter,Server 2
2026-04-09,2026-04-09 15:00:00,2026-04-10 00:00:00,Riviera Resort & Spa,Riviera Resort & Spa,102,,Cook 2
2026-04-09,2026-04-09 15:30:00,2026-04-10 00:00:00,Cedars Sinai Medical Center,Cedars Sinai - Plaza & Cafe,102,Grill Cook,Cook 2
2026-04-09,2026-04-09 15:30:00,2026-04-09 22:00:00,Malibu Beach Inn,Malibu Beach Inn - BOH,105,,Dishwasher
2026-04-09,2026-04-09 15:30:00,2026-04-10 00:00:00,"Manhattan Beach Hotel TRS LLC., dba Westdrift Manhattan Beach",Manhattan Beach Hotel | Banquet,264,,Event Supervisor
2026-04-09,2026-04-09 16:00:00,2026-04-09 23:00:00,Canyon Palm Springs Hotel dba Thompson Palm Springs,Thompson Palm Springs |  FOH,99,,Busser
2026-04-09,2026-04-09 16:30:00,2026-04-09 22:00:00,@Palm Springs Surf Club,@Palm Springs Surf Club - Ballroom,115,,Server 2
2026-04-09,2026-04-09 16:30:00,2026-04-09 22:00:00,@Palm Springs Surf Club,@Palm Springs Surf Club - Ballroom,104,Server Assistants | Busser,General
2026-04-09,2026-04-09 16:30:00,2026-04-09 22:00:00,@Palm Springs Surf Club,@Palm Springs Surf Club - Ballroom,98,,Bartender 2
2026-04-09,2026-04-09 17:00:00,2026-04-10 01:30:00,Pepperdine University,Pepperdine University - HAWC Cafe & Store,102,,Cook 2
2026-04-09,2026-04-09 18:00:00,2026-04-10 00:00:00,Wolfgang Puck Catering,Wolfgang Puck Catering - L.A. Live,105,Report to 5th Floor,Dishwasher
2026-04-09,2026-04-09 19:00:00,2026-04-10 03:30:00,Commerce Casino,Commerce Casino - Banquets | BOH,105,Overnight Shift,Dishwasher
2026-04-09,2026-04-09 22:00:00,2026-04-10 06:30:00,Commerce Casino,Commerce Casino - Employee Dining Room,102,Overnight Shift,Cook 2
2026-04-09,2026-04-09 22:00:00,2026-04-10 06:30:00,Commerce Casino,Commerce Casino - Employee Dining Room,102,Overnight Shift,Cook 2
2026-04-10,2026-04-10 05:00:00,2026-04-10 10:00:00,"Broadview, Inc.","@ Broadview, Inc.",102,,Cook 2
2026-04-10,2026-04-10 05:00:00,2026-04-10 13:30:00,Google Spruce Goose Offices,Google Spruce Goose - Catering Operations,102,,Cook 2
2026-04-10,2026-04-10 05:00:00,2026-04-10 13:30:00,People Assisting the Homeless,People Assisting the Homeless - YWCA,102,,Cook 2
2026-04-10,2026-04-10 05:00:00,2026-04-10 13:30:00,PIH Health - Good Samaritan Hospital,PIH Health - Good Samaritan Hospital,290,,Cook 3
2026-04-10,2026-04-10 05:00:00,2026-04-10 13:30:00,PIH Health - Whittier Hospital,PIH Health - Whittier Hospital,102,,Cook 2
2026-04-10,2026-04-10 05:30:00,2026-04-10 11:00:00,Empowered 4 Life Foundation,@ Empowered 4 Life Foundation,110,,Prep Cook 2
2026-04-10,2026-04-10 05:30:00,2026-04-10 14:30:00,"Fox Studio Lot, LLC",Fox Studio - Moe's Cafe BoH,102,,Cook 2
2026-04-10,2026-04-10 06:00:00,2026-04-10 13:30:00,Beverly Hills Unified School District,BHUSD - Beverly Hills High School,110,,Prep Cook 2
2026-04-10,2026-04-10 06:00:00,2026-04-10 13:30:00,Beverly Hills Unified School District,BHUSD - Beverly Hills High School,104,,General
2026-04-10,2026-04-10 06:00:00,2026-04-10 13:30:00,Beverly Hills Unified School District,BHUSD - Beverly Hills High School,102,,Cook 2
2026-04-10,2026-04-10 06:00:00,2026-04-10 14:00:00,Commerce Casino,Commerce Casino - Employee Dining Room,115,,Server 2
2026-04-10,2026-04-10 06:00:00,2026-04-10 14:30:00,Commerce Casino,Commerce Casino - High Limit Kitchen | FOH | MON - TH,112,with Cashier role,Runner
2026-04-10,2026-04-10 06:00:00,2026-04-10 12:00:00,Crescent Heights Ten Thousand,Crescent Heights Ten Thousand - Buffet,115,,Server 2
2026-04-10,2026-04-10 06:00:00,2026-04-10 14:30:00,Edwards Lifesciences,Edwards Lifesciences FOH Bldg. C,101,,Cashier
2026-04-10,2026-04-10 06:00:00,2026-04-10 14:30:00,Edwards Lifesciences,Edwards Lifesciences FOH Bldg. C,101,,Cashier
2026-04-10,2026-04-10 06:00:00,2026-04-10 14:30:00,Edwards Lifesciences,Edwards Lifesciences FOH Bldg. C,101,,Cashier
2026-04-10,2026-04-10 06:00:00,2026-04-10 14:30:00,"Fox Studio Lot, LLC",Fox Studio - Commissary,102,,Cook 2
2026-04-10,2026-04-10 06:00:00,2026-04-10 15:00:00,"Fox Studio Lot, LLC",Fox Studio - Commissary,102,,Cook 2
2026-04-10,2026-04-10 06:00:00,2026-04-10 15:00:00,"Fox Studio Lot, LLC",Fox Studio - News Cafe BoH,102,,Cook 2
2026-04-10,2026-04-10 06:00:00,2026-04-10 14:30:00,Martin Luther King Jr Hospital,Martin Luther King Jr. Hospital | BOH,102,,Cook 2
2026-04-10,2026-04-10 06:00:00,2026-04-10 14:30:00,USC Verdugo Hills Hospital,USC Verdugo Hills Hospital,102,,Cook 2
2026-04-10,2026-04-10 06:30:00,2026-04-10 14:30:00,Amgen Thousand Oaks,Amgen Thousand Oaks - Bistro Cafe,102,,Cook 2
2026-04-10,2026-04-10 06:30:00,2026-04-10 15:00:00,Childrens Hospital Los Angeles,Childrens Hospital Los Angeles,105,,Dishwasher
2026-04-10,2026-04-10 06:30:00,2026-04-10 14:30:00,Hotel Bel Air,Hotel Bel Air - Swan Cafe,102,,Cook 2
2026-04-10,2026-04-10 06:30:00,2026-04-10 15:00:00,Park Place Plaza,Park Place Plaza,115,with Barista Duties,Server 2
2026-04-10,2026-04-10 07:00:00,2026-04-10 14:00:00,Beverly Hills Unified School District,BHUSD - Beverly Hills High School,105,,Dishwasher
2026-04-10,2026-04-10 07:00:00,2026-04-10 13:30:00,Beverly Hills Unified School District,BHUSD - Horace Mann Elementary School,104,,General
2026-04-10,2026-04-10 07:00:00,2026-04-10 13:30:00,Beverly Hills Unified School District,BHUSD- El Rodeo Elementary,104,,General
2026-04-10,2026-04-10 07:00:00,2026-04-10 15:30:00,Crescent Heights Ten Thousand,Crescent Heights Ten Thousand - Butler Department,115,Butler/Porter,Server 2
2026-04-10,2026-04-10 07:00:00,2026-04-10 14:30:00,Google Spruce Goose Offices,Google Spruce Goose - Catering Operations,115,Ernesto Moreno ,Server 2
2026-04-10,2026-04-10 07:00:00,2026-04-10 15:30:00,Martin Luther King Jr Hospital,Martin Luther King Jr. Hospital | BOH,102,,Cook 2
2026-04-10,2026-04-10 07:00:00,2026-04-10 15:00:00,Newport Harbor Yacht Club,Newport Harbor Yacht Club | Banquets,105,Heavy Lifting - Read Description,Dishwasher
2026-04-10,2026-04-10 07:00:00,2026-04-10 15:30:00,"Platinum Equity, LLC",Platinum Equity LLC,105,,Dishwasher
2026-04-10,2026-04-10 07:00:00,2026-04-10 15:30:00,"Platinum Equity, LLC",Platinum Equity LLC,102,,Cook 2
2026-04-10,2026-04-10 07:00:00,2026-04-10 15:30:00,The Getty Center,The Getty Center - Cafe,102,,Cook 2
2026-04-10,2026-04-10 07:00:00,2026-04-10 14:30:00,The Getty Villa,The Getty Villa BOH,102,,Cook 2
2026-04-10,2026-04-10 07:00:00,2026-04-10 15:30:00,The Meadowglade LLC,The Meadowglade,102,,Cook 2
2026-04-10,2026-04-10 07:00:00,2026-04-10 15:30:00,Union Station Homeless Services,Union Station Homeless Services - Adult Center,102,,Cook 2
2026-04-10,2026-04-10 07:00:00,2026-04-10 14:00:00,Union Station Homeless Services,Union Station Homeless Services - Adult Center,102,,Cook 2
2026-04-10,2026-04-10 07:30:00,2026-04-10 15:30:00,Amgen Thousand Oaks,Amgen Thousand Oaks - Bistro Cafe,105,,Dishwasher
2026-04-10,2026-04-10 07:30:00,2026-04-10 16:00:00,Amgen Thousand Oaks,Amgen Thousand Oaks - Terrace Cafe,105,,Dishwasher
2026-04-10,2026-04-10 07:30:00,2026-04-10 16:00:00,"Fox Studio Lot, LLC",Fox Studio - Moe's Cafe BoH,105,,Dishwasher
2026-04-10,2026-04-10 07:30:00,2026-04-10 15:30:00,Hotel Bel Air,Hotel Bel Air - Stewards,105,,Dishwasher
2026-04-10,2026-04-10 07:30:00,2026-04-10 15:00:00,The Archer School for Girls,The Archer School for Girls,290,,Cook 3
2026-04-10,2026-04-10 07:30:00,2026-04-10 15:00:00,The Archer School for Girls,The Archer School for Girls,102,,Cook 2
2026-04-10,2026-04-10 08:00:00,2026-04-10 13:30:00,Beverly Hills Unified School District,BHUSD - Beverly Vista Middle School,104,,General
2026-04-10,2026-04-10 08:00:00,2026-04-10 16:30:00,Google Spruce Goose Offices,Google Spruce Goose - Catering Operations,317,Miguel Sanchez ,Captain
2026-04-10,2026-04-10 08:00:00,2026-04-10 16:00:00,Hotel Bel Air,Hotel Bel Air - Main Kitchen,110,,Prep Cook 2
2026-04-10,2026-04-10 08:00:00,2026-04-10 15:00:00,Malibu Beach Inn,Malibu Beach Inn - BOH,105,,Dishwasher
2026-04-10,2026-04-10 08:00:00,2026-04-10 16:30:00,PIH Health - Downey Hospital,PIH Health - Downey Hospital,105,,Dishwasher
2026-04-10,2026-04-10 08:00:00,2026-04-10 16:30:00,"Platinum Equity, LLC",Platinum Equity LLC,102,,Cook 2
2026-04-10,2026-04-10 08:00:00,2026-04-10 14:30:00,Santa Clarita Valley Senior Center,Santa Clarita Valley Senior Center,105,,Dishwasher
2026-04-10,2026-04-10 08:00:00,2026-04-10 16:00:00,SBLP Warner Center OPCO LLC - The Variel,The Variel of Woodland Hills,105,,Dishwasher
2026-04-10,2026-04-10 09:00:00,2026-04-10 14:00:00,New West Charter School,New West Charter School - ARMACOST Location,115,,Server 2
2026-04-10,2026-04-10 09:00:00,2026-04-10 15:30:00,The Getty Center,The Getty Center - Cafe,102,,Cook 2
2026-04-10,2026-04-10 09:00:00,2026-04-10 15:00:00,The Vered,The Vered,102,TB and LIVE Scan Required - Ongoing Shift - Do not publish,Cook 2
2026-04-10,2026-04-10 09:30:00,2026-04-10 17:30:00,Malibu Beach Inn,Malibu Beach Inn - BOH,107,Housekeeping,Houseperson
2026-04-10,2026-04-10 10:00:00,2026-04-10 16:30:00,Commerce Casino,Commerce Casino - Banquets | FOH,115,,Server 2
2026-04-10,2026-04-10 10:00:00,2026-04-10 14:00:00,Commerce Casino,Commerce Casino - Banquets | BOH,102,,Cook 2
2026-04-10,2026-04-10 10:00:00,2026-04-10 18:30:00,Griffin Club Los Angeles,Griffin Club Los Angeles,102,,Cook 2
2026-04-10,2026-04-10 10:00:00,2026-04-10 18:30:00,Masimo Technology Cafe,Masimo Technology Cafe | BOH,102,Two week ongoing shift Must work both weeks,Cook 2
2026-04-10,2026-04-10 10:30:00,2026-04-10 17:00:00,VH Property Corp. dba Trump National Golf Club Los Angeles,Trump National Golf Course Los Angeles | Vista Grill,102,,Cook 2
2026-04-10,2026-04-10 11:00:00,2026-04-10 16:00:00,Commerce Casino,Commerce Casino - Banquets | FOH,115,,Server 2
2026-04-10,2026-04-10 11:00:00,2026-04-10 19:30:00,PIH Health - Whittier Hospital,PIH Health - Whittier Hospital,102,,Cook 2
2026-04-10,2026-04-10 11:00:00,2026-04-10 19:30:00,University Village Thousand Oaks,University Village Thousand Oaks ,102,,Cook 2
2026-04-10,2026-04-10 12:00:00,2026-04-10 20:30:00,Commerce Casino,Commerce Casino - Banquets | BOH,105,,Dishwasher
2026-04-10,2026-04-10 12:00:00,2026-04-10 20:30:00,SBLP Warner Center OPCO LLC - The Variel,The Variel of Woodland Hills,102,,Cook 2
2026-04-10,2026-04-10 12:00:00,2026-04-10 18:00:00,St. Anne's Maternity,St. Anne's Maternity,105,,Dishwasher
2026-04-10,2026-04-10 12:00:00,2026-04-10 20:30:00,USC Verdugo Hills Hospital,USC Verdugo Hills Hospital,105,,Dishwasher
2026-04-10,2026-04-10 12:30:00,2026-04-10 21:00:00,Athenaeum Club,Athenaeum Kitchen,102,,Cook 2
2026-04-10,2026-04-10 14:00:00,2026-04-10 22:00:00,Hotel Bel Air,Hotel Bel Air - Main Kitchen,102,,Cook 2
2026-04-10,2026-04-10 14:00:00,2026-04-10 22:30:00,Martin Luther King Jr Hospital,Martin Luther King Jr. Hospital | BOH,102,,Cook 2
2026-04-10,2026-04-10 14:00:00,2026-04-10 22:30:00,SBLP Warner Center OPCO LLC - The Variel,The Variel of Woodland Hills,105,,Dishwasher
2026-04-10,2026-04-10 14:30:00,2026-04-10 23:00:00,Commerce Casino,Commerce Casino - Employee Dining Room,102,,Cook 2
2026-04-10,2026-04-10 14:30:00,2026-04-10 16:30:00,Platinum Catering Productions,@ Platinum Catering Productions,115,Pre-Event Meeting,Server 2
2026-04-10,2026-04-10 14:30:00,2026-04-10 23:00:00,VH Property Corp. dba Trump National Golf Club Los Angeles,Trump National Golf Course Los Angeles | BOH,102,,Cook 2
2026-04-10,2026-04-10 15:00:00,2026-04-10 23:30:00,Crescent Heights Ten Thousand,Crescent Heights Ten Thousand - Butler Department,115,Butler/Porter,Server 2
2026-04-10,2026-04-10 15:30:00,2026-04-10 23:00:00,Malibu Beach Inn,Malibu Beach Inn - BOH,105,,Dishwasher
2026-04-10,2026-04-10 15:30:00,2026-04-11 00:00:00,"Manhattan Beach Hotel TRS LLC., dba Westdrift Manhattan Beach",Manhattan Beach Hotel | Banquet,264,,Event Supervisor
2026-04-10,2026-04-10 16:00:00,2026-04-10 23:00:00,Canyon Palm Springs Hotel dba Thompson Palm Springs,Thompson Palm Springs |  FOH,99,,Busser
2026-04-10,2026-04-10 16:00:00,2026-04-10 21:00:00,Pepperdine University,Pepperdine University - Waves Cafe - Back of House,105,,Dishwasher
2026-04-10,2026-04-10 16:00:00,2026-04-10 20:30:00,Villa Portofino,Villa Portofino,105,,Dishwasher
2026-04-10,2026-04-10 17:00:00,2026-04-11 01:30:00,Commerce Casino,Commerce Casino - High Limit Kitchen | FOH | MON - TH,112,with cashier duties,Runner
2026-04-10,2026-04-10 17:00:00,2026-04-10 23:00:00,Crescent Heights Ten Thousand,Crescent Heights Ten Thousand - Bartending,98,,Bartender 2
2026-04-10,2026-04-10 17:00:00,2026-04-10 23:00:00,Ebell of Los Angeles,Ebell of Los Angeles - Friday - FOH,115,,Server 2
2026-04-10,2026-04-10 17:00:00,2026-04-10 22:00:00,Ebell of Los Angeles,Ebell of Los Angeles - Back of House,102,,Cook 2
2026-04-10,2026-04-10 17:00:00,2026-04-11 01:30:00,Pepperdine University,Pepperdine University - HAWC Cafe & Store,102,,Cook 2
2026-04-10,2026-04-10 18:00:00,2026-04-11 00:00:00,Ebell of Los Angeles,Ebell of Los Angeles - Back of House,105,,Dishwasher
2026-04-10,2026-04-10 18:30:00,2026-04-10 23:00:00,Wolfgang Puck Catering,Wolfgang Puck Catering - L.A. Live,105,Report to 5th Floor,Dishwasher
2026-04-10,2026-04-10 19:00:00,2026-04-10 23:00:00,The Lakes Country Club,The Lakes Country Club,115,This is an outside event on the Driving Range.,Server 2
2026-04-10,2026-04-10 22:00:00,2026-04-11 06:00:00,Commerce Casino,Commerce Casino - Employee Dining Room,115,FOH Attendant | Overnight Shift,Server 2
2026-04-10,2026-04-10 22:00:00,2026-04-11 06:30:00,Commerce Casino,Commerce Casino - Employee Dining Room,102,Overnight Shift,Cook 2
2026-04-11,2026-04-11 05:00:00,2026-04-11 13:30:00,People Assisting the Homeless,People Assisting the Homeless - YWCA,102,,Cook 2
2026-04-11,2026-04-11 05:30:00,2026-04-11 14:30:00,"Fox Studio Lot, LLC",Fox Studio - Moe's Cafe BoH,102,,Cook 2
2026-04-11,2026-04-11 05:30:00,2026-04-11 14:30:00,"Fox Studio Lot, LLC",Fox Studio - Moe's Cafe BoH,102,,Cook 2
2026-04-11,2026-04-11 05:30:00,2026-04-11 14:30:00,"Fox Studio Lot, LLC",Fox Studio - Moe's Cafe BoH,102,,Cook 2
2026-04-11,2026-04-11 05:45:00,2026-04-11 20:00:00,Carmelized Productions,@ Carmelized Productions - Offsite,102,,Cook 2
2026-04-11,2026-04-11 05:45:00,2026-04-11 20:00:00,Carmelized Productions,@ Carmelized Productions - Offsite,102,,Cook 2
2026-04-11,2026-04-11 06:00:00,2026-04-11 14:30:00,Commerce Casino,Commerce Casino - High Limit Kitchen | FOH | MON - TH,112,with Cashier role,Runner
2026-04-11,2026-04-11 06:00:00,2026-04-11 14:30:00,Martin Luther King Jr Hospital,Martin Luther King Jr. Hospital | BOH,102,,Cook 2
2026-04-11,2026-04-11 06:00:00,2026-04-11 14:30:00,Occidental College,Occidental College - Events & Catering,110,Cold prep cooks with knife skills.,Prep Cook 2
2026-04-11,2026-04-11 06:00:00,2026-04-11 14:30:00,The Getty Center,The Getty Center - Cafe,102,,Cook 2
2026-04-11,2026-04-11 06:30:00,2026-04-11 15:00:00,Childrens Hospital Los Angeles,Childrens Hospital Los Angeles,105,,Dishwasher
2026-04-11,2026-04-11 06:30:00,2026-04-11 14:30:00,"Fox Studio Lot, LLC",Fox Studio - Moe's Cafe FoH,99,,Busser
2026-04-11,2026-04-11 06:30:00,2026-04-11 15:00:00,SBLP Warner Center OPCO LLC - The Variel,The Variel of Woodland Hills,105,,Dishwasher
2026-04-11,2026-04-11 07:00:00,2026-04-11 15:00:00,Athenaeum Club,Athenaeum Housekeeping,104,Housekeeping duties,General
2026-04-11,2026-04-11 07:00:00,2026-04-11 15:30:00,"Fox Studio Lot, LLC",Fox Studio - Moe's Cafe BoH,105,,Dishwasher
2026-04-11,2026-04-11 07:00:00,2026-04-11 15:00:00,Malibu Beach Inn,Malibu Beach Inn - BOH,105,,Dishwasher
2026-04-11,2026-04-11 07:00:00,2026-04-11 14:30:00,Martin Luther King Jr Hospital,Martin Luther King Jr. Hospital | BOH,105,Ongoing Sat and Sun,Dishwasher
2026-04-11,2026-04-11 07:00:00,2026-04-11 15:00:00,Newport Harbor Yacht Club,Newport Harbor Yacht Club | Banquets,105,,Dishwasher
2026-04-11,2026-04-11 07:00:00,2026-04-11 15:30:00,Occidental College,Occidental College - Events & Catering,110,Knife Skills.,Prep Cook 2
2026-04-11,2026-04-11 07:00:00,2026-04-11 13:00:00,Renaissance LA Airport Hotel,Renaissance LA Airport Hotel - Banquets,107,,Houseperson
2026-04-11,2026-04-11 07:00:00,2026-04-11 15:30:00,The Getty Center,The Getty Center - Cafe,102,,Cook 2
2026-04-11,2026-04-11 07:00:00,2026-04-11 14:30:00,The Getty Villa,The Getty Villa BOH,102,,Cook 2
2026-04-11,2026-04-11 07:00:00,2026-04-11 15:30:00,Union Station Homeless Services,Union Station Homeless Services - Adult Center,102,,Cook 2
2026-04-11,2026-04-11 07:30:00,2026-04-11 15:30:00,Hotel Bel Air,Hotel Bel Air - Stewards,105,,Dishwasher
2026-04-11,2026-04-11 08:00:00,2026-04-11 16:00:00,Hotel Bel Air,Hotel Bel Air - Main Kitchen,110,,Prep Cook 2
2026-04-11,2026-04-11 08:00:00,2026-04-11 16:00:00,Hotel Bel Air,Hotel Bel Air - Main Kitchen,102,,Cook 2
2026-04-11,2026-04-11 08:30:00,2026-04-11 12:30:00,Apricot Lane Farms,@ Apricot Lane Farms,99,This is a buffet attendant/busser position.,Busser
2026-04-11,2026-04-11 09:00:00,2026-04-11 15:00:00,Cedars Sinai Medical Center,Cedars Sinai - Plaza & Cafe,105,,Dishwasher
2026-04-11,2026-04-11 09:00:00,2026-04-11 15:00:00,The Getty Center,The Getty Center - Cafe,110,,Prep Cook 2
2026-04-11,2026-04-11 09:30:00,2026-04-11 13:30:00,Hi Rise Events,@ Hi Rise Events,102,,Cook 2
2026-04-11,2026-04-11 09:30:00,2026-04-11 17:30:00,Malibu Beach Inn,Malibu Beach Inn - BOH,107,Housekeeping,Houseperson
2026-04-11,2026-04-11 10:00:00,2026-04-11 19:30:00,@Palm Springs Surf Club,@Palm Springs Surf Club- Atrium,115,,Server 2
2026-04-11,2026-04-11 10:00:00,2026-04-11 19:30:00,@Palm Springs Surf Club,@Palm Springs Surf Club- Atrium,107,Busser for the main restaurant,Houseperson
2026-04-11,2026-04-11 10:00:00,2026-04-11 18:30:00,Griffin Club Los Angeles,Griffin Club Los Angeles,102,Sushi ,Cook 2
2026-04-11,2026-04-11 10:30:00,2026-04-11 19:30:00,@Palm Springs Surf Club,@Palm Springs Surf Club- Atrium,98,with Server duties ,Bartender 2
2026-04-11,2026-04-11 10:30:00,2026-04-11 19:00:00,Mount Saint Mary's University,Mount Saint Mary's University - Doheny Campus,102,,Cook 2
2026-04-11,2026-04-11 10:30:00,2026-04-11 17:00:00,VH Property Corp. dba Trump National Golf Club Los Angeles,Trump National Golf Course Los Angeles | Vista Grill,102,,Cook 2
2026-04-11,2026-04-11 11:00:00,2026-04-11 15:30:00,"Taylor Made Cuisine, Inc.","Taylor Made Cuisine, Inc.",115,"Tray pass, buffet, replenishment.",Server 2
2026-04-11,2026-04-11 11:00:00,2026-04-11 19:30:00,University Village Thousand Oaks,University Village Thousand Oaks ,102,,Cook 2
2026-04-11,2026-04-11 11:00:00,2026-04-11 19:30:00,VH Property Corp. dba Trump National Golf Club Los Angeles,Trump National Golf Course Los Angeles | BOH,102,,Cook 2
2026-04-11,2026-04-11 11:30:00,2026-04-11 21:00:00,"Nowsta Labor Marketplace, LLC",Legends - SoFi Stadium,264,,Event Supervisor
2026-04-11,2026-04-11 12:00:00,2026-04-11 20:30:00,SBLP Warner Center OPCO LLC - The Variel,The Variel of Woodland Hills,102,,Cook 2
2026-04-11,2026-04-11 12:00:00,2026-04-11 20:30:00,The Garland,The Garland,102,,Cook 2
2026-04-11,2026-04-11 12:00:00,2026-04-11 20:30:00,The Getty Center,The Getty Center - Cafe,102,,Cook 2
2026-04-11,2026-04-11 12:00:00,2026-04-11 20:30:00,USC Verdugo Hills Hospital,USC Verdugo Hills Hospital,105,,Dishwasher
2026-04-11,2026-04-11 12:30:00,2026-04-11 21:00:00,Athenaeum Club,Athenaeum Kitchen,102,,Cook 2
2026-04-11,2026-04-11 12:30:00,2026-04-11 20:00:00,"Nowsta Labor Marketplace, LLC",Legends - SoFi Stadium,229,,Concessions Worker
2026-04-11,2026-04-11 13:00:00,2026-04-11 18:45:00,@Palm Springs Surf Club,@Palm Springs Surf Club- Atrium,104,Grounds and steward role duties | bilingual is a plus,General
2026-04-11,2026-04-11 13:30:00,2026-04-11 22:00:00,Griffin Club Los Angeles,Griffin Club Los Angeles,98,,Bartender 2
2026-04-11,2026-04-11 14:00:00,2026-04-11 21:00:00,Bite Catering Couture,@ Bite Catering Couture,102,,Cook 2
2026-04-11,2026-04-11 14:00:00,2026-04-11 22:00:00,Hotel Bel Air,Hotel Bel Air - Swan Cafe,102,,Cook 2
2026-04-11,2026-04-11 14:00:00,2026-04-11 22:00:00,Hotel Bel Air,Hotel Bel Air - Main Kitchen,102,,Cook 2
2026-04-11,2026-04-11 14:00:00,2026-04-11 22:30:00,Martin Luther King Jr Hospital,Martin Luther King Jr. Hospital | BOH,102,,Cook 2
2026-04-11,2026-04-11 14:00:00,2026-04-12 02:00:00,Platinum Catering Productions,@ Platinum Catering Productions,115,Waitstaff,Server 2
2026-04-11,2026-04-11 14:00:00,2026-04-12 02:00:00,Platinum Catering Productions,@ Platinum Catering Productions,115,Bussers to assist in sections of 1/48,Server 2
2026-04-11,2026-04-11 14:00:00,2026-04-11 22:30:00,SBLP Warner Center OPCO LLC - The Variel,The Variel of Woodland Hills,105,,Dishwasher
2026-04-11,2026-04-11 14:00:00,2026-04-11 22:30:00,VEA Hotel - Newport Beach,VEA Hotel - Newport Beach | Cooks,102,,Cook 2
2026-04-11,2026-04-11 14:00:00,2026-04-11 17:00:00,Viceroy Santa Monica Hotel,Viceroy Santa Monica Hotel,264,,Event Supervisor
2026-04-11,2026-04-11 14:30:00,2026-04-11 23:00:00,Commerce Casino,Commerce Casino - Employee Dining Room,102,,Cook 2
2026-04-11,2026-04-11 14:30:00,2026-04-11 22:30:00,Hotel Bel Air,Hotel Bel Air - Stewards,105,,Dishwasher
2026-04-11,2026-04-11 14:30:00,2026-04-11 23:00:00,VH Property Corp. dba Trump National Golf Club Los Angeles,Trump National Golf Course Los Angeles | BOH,102,,Cook 2
2026-04-11,2026-04-11 15:00:00,2026-04-11 21:00:00,Bite Catering Couture,@ Bite Catering Couture,102,,Cook 2
2026-04-11,2026-04-11 15:00:00,2026-04-11 23:30:00,Crescent Heights Ten Thousand,Crescent Heights Ten Thousand - Butler Department,115,Butler/Porter,Server 2
2026-04-11,2026-04-11 15:00:00,2026-04-11 21:00:00,Ebell of Los Angeles,Ebell of Los Angeles - Saturday - FOH,115,WPA,Server 2
2026-04-11,2026-04-11 15:00:00,2026-04-12 01:00:00,Platinum Catering Productions,@ Platinum Catering Productions,115,Total Buffet Set Up and Breakdown Assistance with BOH,Server 2
2026-04-11,2026-04-11 15:00:00,2026-04-11 21:00:00,Wolfgang Puck Catering,Wolfgang Puck Catering - L.A. Live,102,,Cook 2
2026-04-11,2026-04-11 15:30:00,2026-04-12 00:00:00,"Fox Studio Lot, LLC",Fox Studio - Commissary,102,,Cook 2
2026-04-11,2026-04-11 15:30:00,2026-04-11 23:00:00,Malibu Beach Inn,Malibu Beach Inn - BOH,105,,Dishwasher
2026-04-11,2026-04-11 15:30:00,2026-04-12 00:00:00,VH Property Corp. dba Trump National Golf Club Los Angeles,Trump National Golf Course Los Angeles | BOH,102,,Cook 2
2026-04-11,2026-04-11 16:00:00,2026-04-11 21:00:00,Ebell of Los Angeles,Ebell of Los Angeles - Saturday - FOH,115,,Server 2
2026-04-11,2026-04-11 16:00:00,2026-04-11 20:00:00,PDTC Owners Association,@ Palm Desert Tennis Club,115,,Server 2
2026-04-11,2026-04-11 16:00:00,2026-04-12 02:00:00,Platinum Catering Productions,@ Platinum Catering Productions,115,Bussers for Bar Service,Server 2
2026-04-11,2026-04-11 16:00:00,2026-04-11 23:00:00,The Valley Hunt Club,The Valley Hunt Club,115,,Server 2
2026-04-11,2026-04-11 16:00:00,2026-04-11 22:00:00,The Valley Hunt Club,The Valley Hunt Club,115,,Server 2
2026-04-11,2026-04-11 16:00:00,2026-04-11 22:00:00,The Valley Hunt Club,The Valley Hunt Club,99,,Busser
2026-04-11,2026-04-11 16:00:00,2026-04-12 00:00:00,VP Op Co LLC | The Aster LA,The Aster Los Angeles,105,,Dishwasher
2026-04-11,2026-04-11 16:30:00,2026-04-12 00:30:00,"Fox Studio Lot, LLC",Fox Studio - Commissary,105,,Dishwasher
2026-04-11,2026-04-11 16:30:00,2026-04-11 22:30:00,The Valley Hunt Club,The Valley Hunt Club,98,,Bartender 2
2026-04-11,2026-04-11 17:00:00,2026-04-11 22:00:00,Athenaeum Club,Athenaeum Housekeeping,107,Restroom Attendant ,Houseperson
2026-04-11,2026-04-11 17:00:00,2026-04-12 01:30:00,Commerce Casino,Commerce Casino - High Limit Kitchen | FOH | MON - TH,112,with cashier duties,Runner
2026-04-11,2026-04-11 17:00:00,2026-04-12 01:30:00,Pepperdine University,Pepperdine University - HAWC Cafe & Store,102,,Cook 2
2026-04-11,2026-04-11 17:30:00,2026-04-11 22:30:00,Griffin Club Los Angeles,Griffin Club Los Angeles,105,,Dishwasher
2026-04-11,2026-04-11 17:30:00,2026-04-11 23:00:00,Wolfgang Puck Catering,Wolfgang Puck Catering - L.A. Live,105,Report to 5th Floor,Dishwasher
2026-04-11,2026-04-11 18:00:00,2026-04-12 04:00:00,Country Market Catering Inc dba Contemporary Catering,@ Contemporary Catering,98,MUST meet in LA Park 2 Ride Shuttle |Pooled Tips |Travel pay $120 Flat for only riding the shuttle.,Bartender 2
2026-04-11,2026-04-11 18:00:00,2026-04-12 00:00:00,Ebell of Los Angeles,Ebell of Los Angeles - Back of House,105,,Dishwasher
2026-04-11,2026-04-11 18:30:00,2026-04-12 01:00:00,Glen Arden Club,Glen Arden Club,115,,Server 2
2026-04-11,2026-04-11 22:00:00,2026-04-12 06:30:00,Commerce Casino,Commerce Casino - Employee Dining Room,102,Overnight Shift,Cook 2
2026-04-11,2026-04-11 22:00:00,2026-04-12 06:00:00,Commerce Casino,Commerce Casino - Employee Dining Room,115,FOH Attendant | Overnight Shift,Server 2
2026-04-12,2026-04-12 05:00:00,2026-04-12 13:30:00,People Assisting the Homeless,People Assisting the Homeless - YWCA,102,,Cook 2
2026-04-12,2026-04-12 05:00:00,2026-04-12 13:30:00,PIH Health - Whittier Hospital,PIH Health - Whittier Hospital,102,,Cook 2
2026-04-12,2026-04-12 05:00:00,2026-04-12 13:30:00,PIH Health - Whittier Hospital,PIH Health - Whittier Hospital,110,,Prep Cook 2
2026-04-12,2026-04-12 05:30:00,2026-04-12 14:30:00,"Fox Studio Lot, LLC",Fox Studio - Moe's Cafe BoH,102,,Cook 2
2026-04-12,2026-04-12 05:30:00,2026-04-12 14:30:00,"Fox Studio Lot, LLC",Fox Studio - Moe's Cafe BoH,102,,Cook 2
2026-04-12,2026-04-12 06:00:00,2026-04-12 14:30:00,Commerce Casino,Commerce Casino - High Limit Kitchen | FOH | MON - TH,112,with Cashier role,Runner
2026-04-12,2026-04-12 06:00:00,2026-04-12 12:00:00,SBLP Warner Center OPCO LLC - The Variel,The Variel of Woodland Hills,102,,Cook 2
2026-04-12,2026-04-12 06:00:00,2026-04-12 14:30:00,The Getty Center,The Getty Center - Cafe,102,,Cook 2
2026-04-12,2026-04-12 06:00:00,2026-04-12 14:30:00,The Getty Center,The Getty Center - Cafe,102,,Cook 2
2026-04-12,2026-04-12 06:30:00,2026-04-12 15:00:00,Childrens Hospital Los Angeles,Childrens Hospital Los Angeles,105,,Dishwasher
2026-04-12,2026-04-12 06:30:00,2026-04-12 14:30:00,"Fox Studio Lot, LLC",Fox Studio - Moe's Cafe FoH,99,,Busser
2026-04-12,2026-04-12 06:30:00,2026-04-12 14:30:00,Hotel Bel Air,Hotel Bel Air - Swan Cafe,102,,Cook 2
2026-04-12,2026-04-12 07:00:00,2026-04-12 15:00:00,Malibu Beach Inn,Malibu Beach Inn - BOH,105,,Dishwasher
2026-04-12,2026-04-12 07:00:00,2026-04-12 14:30:00,Martin Luther King Jr Hospital,Martin Luther King Jr. Hospital | BOH,105,Ongoing Sat and Sun,Dishwasher
2026-04-12,2026-04-12 07:00:00,2026-04-12 15:00:00,Newport Harbor Yacht Club,Newport Harbor Yacht Club | Banquets,105,Heavy Lifting - Read Description,Dishwasher
2026-04-12,2026-04-12 07:00:00,2026-04-12 15:30:00,The Getty Center,The Getty Center - Cafe,102,,Cook 2
2026-04-12,2026-04-12 07:00:00,2026-04-12 14:30:00,The Getty Villa,The Getty Villa BOH,102,,Cook 2
2026-04-12,2026-04-12 07:00:00,2026-04-12 15:30:00,University Village Thousand Oaks,University Village Thousand Oaks ,102,,Cook 2
2026-04-12,2026-04-12 07:00:00,2026-04-12 15:30:00,VH Property Corp. dba Trump National Golf Club Los Angeles,Trump National Golf Course Los Angeles | BOH,102,,Cook 2
2026-04-12,2026-04-12 07:30:00,2026-04-12 16:00:00,Occidental College,Occidental College - Events & Catering,110,Cold prep cooks with knife skills.,Prep Cook 2
2026-04-12,2026-04-12 07:30:00,2026-04-12 16:00:00,Occidental College,Occidental College - Events & Catering,110,Hot prep cooks with knife skills.,Prep Cook 2
2026-04-12,2026-04-12 08:00:00,2026-04-12 16:30:00,Beverly Hills Hotel,Beverly Hills Hotel - Main Kitchen,102,,Cook 2
2026-04-12,2026-04-12 08:00:00,2026-04-12 16:30:00,VH Property Corp. dba Trump National Golf Club Los Angeles,Trump National Golf Course Los Angeles | BOH,102,,Cook 2
2026-04-12,2026-04-12 08:00:00,2026-04-12 14:00:00,West Angeles Church of God in Christ Inc,West Angeles Church of God,115,,Server 2
2026-04-12,2026-04-12 09:00:00,2026-04-12 17:00:00,Malibu Beach Inn,Malibu Beach Inn - BOH,107,Housekeeping,Houseperson
2026-04-12,2026-04-12 09:00:00,2026-04-12 17:30:00,Occidental College,Occidental College - Events & Catering,98,,Bartender 2
2026-04-12,2026-04-12 09:00:00,2026-04-12 17:30:00,Occidental College,Occidental College - Events & Catering,115,,Server 2
2026-04-12,2026-04-12 10:00:00,2026-04-12 19:30:00,@Palm Springs Surf Club,@Palm Springs Surf Club- Atrium,115,,Server 2
2026-04-12,2026-04-12 10:00:00,2026-04-12 18:30:00,Griffin Club Los Angeles,Griffin Club Los Angeles,102,,Cook 2
2026-04-12,2026-04-12 10:00:00,2026-04-12 18:00:00,SBLP Warner Center OPCO LLC - The Variel,The Variel of Woodland Hills,102,,Cook 2
2026-04-12,2026-04-12 10:30:00,2026-04-12 19:30:00,@Palm Springs Surf Club,@Palm Springs Surf Club- Atrium,98,,Bartender 2
2026-04-12,2026-04-12 10:30:00,2026-04-12 19:00:00,Mount Saint Mary's University,Mount Saint Mary's University - Doheny Campus,102,,Cook 2
2026-04-12,2026-04-12 10:30:00,2026-04-12 17:00:00,VH Property Corp. dba Trump National Golf Club Los Angeles,Trump National Golf Course Los Angeles | Vista Grill,102,,Cook 2
2026-04-12,2026-04-12 11:00:00,2026-04-12 19:30:00,The Vered,The Vered,102,,Cook 2
2026-04-12,2026-04-12 11:30:00,2026-04-12 20:00:00,People Assisting the Homeless,People Assisting the Homeless - YWCA,110,,Prep Cook 2
2026-04-12,2026-04-12 12:00:00,2026-04-12 20:30:00,Childrens Hospital Los Angeles,Childrens Hospital Los Angeles,104,Food Service Worker,General
2026-04-12,2026-04-12 13:00:00,2026-04-12 18:45:00,@Palm Springs Surf Club,@Palm Springs Surf Club- Atrium,104,Grounds and steward role duties | bilingual is a plus,General
2026-04-12,2026-04-12 13:30:00,2026-04-12 22:00:00,Griffin Club Los Angeles,Griffin Club Los Angeles,98,,Bartender 2
2026-04-12,2026-04-12 14:00:00,2026-04-12 22:30:00,Blue Devils Lessee LLC | Hyatt Centric Delfina Santa Monica,Hyatt Centric Delfina Santa Monica,264,Ongoing Assignment - Read description before signing up,Event Supervisor
2026-04-12,2026-04-12 14:00:00,2026-04-12 22:00:00,Hotel Bel Air,Hotel Bel Air - Swan Cafe,102,,Cook 2
2026-04-12,2026-04-12 14:00:00,2026-04-12 22:30:00,Martin Luther King Jr Hospital,Martin Luther King Jr. Hospital | BOH,102,,Cook 2
2026-04-12,2026-04-12 14:00:00,2026-04-12 22:30:00,SBLP Warner Center OPCO LLC - The Variel,The Variel of Woodland Hills,105,,Dishwasher
2026-04-12,2026-04-12 14:00:00,2026-04-12 22:00:00,Viceroy Santa Monica Hotel,Viceroy Santa Monica Hotel,264,,Event Supervisor
2026-04-12,2026-04-12 14:30:00,2026-04-12 23:00:00,Commerce Casino,Commerce Casino - Employee Dining Room,102,,Cook 2
2026-04-12,2026-04-12 14:30:00,2026-04-12 19:30:00,Wolfgang Puck Catering,Wolfgang Puck Catering - Hollywood & Highland,102,,Cook 2
2026-04-12,2026-04-12 15:00:00,2026-04-12 23:30:00,Pitzer College,Pitzer College,102,Shakedown ,Cook 2
2026-04-12,2026-04-12 15:00:00,2026-04-12 22:30:00,Sand Hill Kitchen,Sand Hill Kitchen | Quad Conference Center,285,,Server 1
2026-04-12,2026-04-12 15:00:00,2026-04-12 22:30:00,Sand Hill Kitchen,Sand Hill Kitchen | Quad Conference Center,285,,Server 1
2026-04-12,2026-04-12 15:30:00,2026-04-13 00:00:00,Cedars Sinai Medical Center,Cedars Sinai - Plaza & Cafe,102,Grill Cook,Cook 2
2026-04-12,2026-04-12 15:30:00,2026-04-12 23:00:00,Malibu Beach Inn,Malibu Beach Inn - BOH,105,,Dishwasher
2026-04-12,2026-04-12 15:30:00,2026-04-13 00:00:00,"Manhattan Beach Hotel TRS LLC., dba Westdrift Manhattan Beach",Manhattan Beach Hotel | Banquet,264,,Event Supervisor
2026-04-12,2026-04-12 15:30:00,2026-04-13 00:00:00,VH Property Corp. dba Trump National Golf Club Los Angeles,Trump National Golf Course Los Angeles | BOH,102,,Cook 2
2026-04-12,2026-04-12 16:00:00,2026-04-12 21:00:00,Sand Hill Kitchen,Sand Hill Kitchen | Quad Conference Center,105,,Dishwasher
2026-04-12,2026-04-12 17:00:00,2026-04-13 01:30:00,Commerce Casino,Commerce Casino - High Limit Kitchen | FOH | MON - TH,112,with cashier duties,Runner
2026-04-12,2026-04-12 17:00:00,2026-04-13 01:30:00,Pepperdine University,Pepperdine University - HAWC Cafe & Store,102,,Cook 2
2026-04-12,2026-04-12 17:30:00,2026-04-12 22:30:00,Griffin Club Los Angeles,Griffin Club Los Angeles,105,,Dishwasher
2026-04-12,2026-04-12 22:00:00,2026-04-13 06:30:00,Commerce Casino,Commerce Casino - Employee Dining Room,102,Overnight Shift,Cook 2
2026-04-13,2026-04-13 02:00:00,2026-04-13 22:30:00,Commerce Casino,Commerce Casino - High Limit Kitchen | BOH,102,NO COOKING -  THIS iS a DEEP CLEANING ROLE | OVERNIGHT SHIFT,Cook 2
2026-04-13,2026-04-13 05:00:00,2026-04-13 13:30:00,Google Spruce Goose Offices,Google Spruce Goose - Catering Operations,102,,Cook 2
2026-04-13,2026-04-13 05:00:00,2026-04-13 13:30:00,PIH Health - Good Samaritan Hospital,PIH Health - Good Samaritan Hospital,290,,Cook 3
2026-04-13,2026-04-13 05:00:00,2026-04-13 13:30:00,PIH Health - Whittier Hospital,PIH Health - Whittier Hospital,110,,Prep Cook 2
2026-04-13,2026-04-13 05:00:00,2026-04-13 13:30:00,PIH Health - Whittier Hospital,PIH Health - Whittier Hospital,102,,Cook 2
2026-04-13,2026-04-13 05:30:00,2026-04-13 11:00:00,Empowered 4 Life Foundation,@ Empowered 4 Life Foundation,110,,Prep Cook 2
2026-04-13,2026-04-13 06:00:00,2026-04-13 13:30:00,Beverly Hills Unified School District,BHUSD - Beverly Hills High School,104,,General
2026-04-13,2026-04-13 06:00:00,2026-04-13 13:30:00,Beverly Hills Unified School District,BHUSD - Beverly Hills High School,110,,Prep Cook 2
2026-04-13,2026-04-13 06:00:00,2026-04-13 11:00:00,Beverly Hills Unified School District,BHUSD - Beverly Hills High School,110,Pizza,Prep Cook 2
2026-04-13,2026-04-13 06:00:00,2026-04-13 13:30:00,Beverly Hills Unified School District,BHUSD - Beverly Hills High School,288,,Cook 1
2026-04-13,2026-04-13 06:00:00,2026-04-13 14:30:00,Capital Group - Irvine,Capital Group - Irvine | BOH,102,,Cook 2
2026-04-13,2026-04-13 06:00:00,2026-04-13 14:30:00,Capital Group - Irvine,Capital Group - Irvine | FOH,101,,Cashier
2026-04-13,2026-04-13 06:00:00,2026-04-13 14:30:00,Commerce Casino,Commerce Casino - High Limit Kitchen | FOH | MON - TH,112,with Cashier role,Runner
2026-04-13,2026-04-13 06:00:00,2026-04-13 12:00:00,Crescent Heights Ten Thousand,Crescent Heights Ten Thousand - Buffet,115,,Server 2
2026-04-13,2026-04-13 06:00:00,2026-04-13 14:30:00,Edwards Lifesciences,Edwards Lifesciences FOH Bldg. C,101,,Cashier
2026-04-13,2026-04-13 06:00:00,2026-04-13 14:30:00,Edwards Lifesciences,Edwards Lifesciences FOH Bldg. C,101,,Cashier
2026-04-13,2026-04-13 06:00:00,2026-04-13 14:30:00,Edwards Lifesciences,Edwards Lifesciences FOH Bldg. C,101,,Cashier
2026-04-13,2026-04-13 06:00:00,2026-04-13 15:00:00,"Fox Studio Lot, LLC",Fox Studio - Moe's Cafe BoH,102,,Cook 2
2026-04-13,2026-04-13 06:00:00,2026-04-13 15:00:00,"Fox Studio Lot, LLC",Fox Studio - News Cafe BoH,102,,Cook 2
2026-04-13,2026-04-13 06:00:00,2026-04-13 14:30:00,"Fox Studio Lot, LLC",Fox Studio - Commissary,102,,Cook 2
2026-04-13,2026-04-13 06:00:00,2026-04-13 15:00:00,"Fox Studio Lot, LLC",Fox Studio - Moe's Cafe BoH,102,,Cook 2
2026-04-13,2026-04-13 06:00:00,2026-04-13 14:30:00,Martin Luther King Jr Hospital,Martin Luther King Jr. Hospital | BOH,102,,Cook 2
2026-04-13,2026-04-13 06:00:00,2026-04-13 14:30:00,USC Verdugo Hills Hospital,USC Verdugo Hills Hospital,102,,Cook 2
2026-04-13,2026-04-13 06:15:00,2026-04-13 14:45:00,Disney Studios,Disney Studios | Big D Cafe Glendale,102,,Cook 2
2026-04-13,2026-04-13 06:30:00,2026-04-13 14:30:00,Amgen Thousand Oaks,Amgen Thousand Oaks - Bistro Cafe,102,,Cook 2
2026-04-13,2026-04-13 06:30:00,2026-04-13 14:30:00,Hotel Bel Air,Hotel Bel Air - Swan Cafe,102,,Cook 2
2026-04-13,2026-04-13 06:30:00,2026-04-13 15:00:00,Park Place Plaza,Park Place Plaza,115,with Barista Duties,Server 2
2026-04-13,2026-04-13 06:30:00,2026-04-13 15:00:00,The Archer School for Girls,The Archer School for Girls,290,,Cook 3
2026-04-13,2026-04-13 06:30:00,2026-04-13 15:00:00,The Archer School for Girls,The Archer School for Girls,102,,Cook 2
2026-04-13,2026-04-13 07:00:00,2026-04-13 13:30:00,Beverly Hills Unified School District,BHUSD - Horace Mann Elementary School,104,,General
2026-04-13,2026-04-13 07:00:00,2026-04-13 14:00:00,Beverly Hills Unified School District,BHUSD- El Rodeo Elementary,104,,General
2026-04-13,2026-04-13 07:00:00,2026-04-13 14:00:00,Beverly Hills Unified School District,BHUSD - Beverly Hills High School,105,,Dishwasher
2026-04-13,2026-04-13 07:00:00,2026-04-13 15:30:00,Cedars Sinai Medical Center,Cedars Sinai - Plaza & Cafe,102,Grill Cook,Cook 2
2026-04-13,2026-04-13 07:00:00,2026-04-13 15:30:00,Edwards Lifesciences,Edwards Lifesciences FOH Bldg. C,97,,Barista 2
2026-04-13,2026-04-13 07:00:00,2026-04-13 15:00:00,Guckenheimer Cafe at Red Bull,Guckenheimer Cafe at Red Bull - Front of House,97,,Barista 2
2026-04-13,2026-04-13 07:00:00,2026-04-13 15:30:00,L.A. Rams,L.A. Rams,105,,Dishwasher
2026-04-13,2026-04-13 07:00:00,2026-04-13 15:30:00,L.A. Rams,L.A. Rams,102,,Cook 2
2026-04-13,2026-04-13 07:00:00,2026-04-13 15:30:00,Martin Luther King Jr Hospital,Martin Luther King Jr. Hospital | BOH,102,,Cook 2
2026-04-13,2026-04-13 07:00:00,2026-04-13 15:30:00,Newport Harbor Yacht Club,Newport Harbor Yacht Club | Banquets,105,Heavy Lifting - Read Description,Dishwasher
2026-04-13,2026-04-13 07:00:00,2026-04-13 15:30:00,"Platinum Equity, LLC",Platinum Equity LLC,102,,Cook 2
2026-04-13,2026-04-13 07:00:00,2026-04-13 15:30:00,"Platinum Equity, LLC",Platinum Equity LLC,105,,Dishwasher
2026-04-13,2026-04-13 07:00:00,2026-04-13 14:30:00,The Getty Villa,The Getty Villa BOH,102,,Cook 2
2026-04-13,2026-04-13 07:00:00,2026-04-13 15:30:00,Union Station Homeless Services,Union Station Homeless Services - Adult Center,102,,Cook 2
2026-04-13,2026-04-13 07:00:00,2026-04-13 14:00:00,Union Station Homeless Services,Union Station Homeless Services - Adult Center,102,,Cook 2
2026-04-13,2026-04-13 07:30:00,2026-04-13 15:30:00,Amgen Thousand Oaks,Amgen Thousand Oaks - Bistro Cafe,105,,Dishwasher
2026-04-13,2026-04-13 07:30:00,2026-04-13 16:00:00,"Fox Studio Lot, LLC",Fox Studio - Moe's Cafe BoH,105,,Dishwasher
2026-04-13,2026-04-13 07:30:00,2026-04-13 16:00:00,Mount Saint Mary's University,Mount Saint Mary's University - Doheny Campus,110,,Prep Cook 2
2026-04-13,2026-04-13 08:00:00,2026-04-13 16:30:00,Beverly Hills Hotel,Beverly Hills Hotel - Main Kitchen,102,,Cook 2
2026-04-13,2026-04-13 08:00:00,2026-04-13 13:30:00,Beverly Hills Unified School District,BHUSD - Beverly Vista Middle School,104,,General
2026-04-13,2026-04-13 08:00:00,2026-04-13 14:00:00,Malibu Beach Inn,Malibu Beach Inn - BOH,105,,Dishwasher
2026-04-13,2026-04-13 08:00:00,2026-04-13 16:30:00,PIH Health - Downey Hospital,PIH Health - Downey Hospital,105,,Dishwasher
2026-04-13,2026-04-13 08:00:00,2026-04-13 16:30:00,"Platinum Equity, LLC",Platinum Equity LLC,102,,Cook 2
2026-04-13,2026-04-13 08:00:00,2026-04-13 14:30:00,Santa Clarita Valley Senior Center,Santa Clarita Valley Senior Center,105,,Dishwasher
2026-04-13,2026-04-13 08:00:00,2026-04-13 16:00:00,SBLP Warner Center OPCO LLC - The Variel,The Variel of Woodland Hills,105,,Dishwasher
2026-04-13,2026-04-13 08:00:00,2026-04-13 16:30:00,The Wonderful Company,The Wonderful Company,97,,Barista 2
2026-04-13,2026-04-13 08:30:00,2026-04-13 15:30:00,Guckenheimer Cafe at Red Bull,Guckenheimer Cafe at Red Bull - Front of House,97,,Barista 2
2026-04-13,2026-04-13 08:30:00,2026-04-13 17:00:00,NFL LA Huddle Cafe,NFL LA Huddle Cafe,105,M- Thurs Week Assignment,Dishwasher
2026-04-13,2026-04-13 09:00:00,2026-04-13 14:00:00,New West Charter School,New West Charter School - ARMACOST Location,115,,Server 2
2026-04-13,2026-04-13 09:00:00,2026-04-13 17:30:00,"Platinum Equity, LLC",Platinum Equity LLC,102,,Cook 2
2026-04-13,2026-04-13 10:00:00,2026-04-13 15:00:00,Ebell of Los Angeles,Ebell of Los Angeles - Back of House,102,,Cook 2
2026-04-13,2026-04-13 10:00:00,2026-04-13 18:30:00,Griffin Club Los Angeles,Griffin Club Los Angeles,102,Sushi,Cook 2
2026-04-13,2026-04-13 10:00:00,2026-04-13 18:30:00,Masimo Technology Cafe,Masimo Technology Cafe | BOH,102,Two week ongoing shift Must work both weeks,Cook 2
2026-04-13,2026-04-13 10:00:00,2026-04-13 18:30:00,NFL LA Huddle Cafe,NFL LA Huddle Cafe,105,,Dishwasher
2026-04-13,2026-04-13 10:00:00,2026-04-13 18:30:00,The Getty Center,The Getty Center - Catering,102,,Cook 2
2026-04-13,2026-04-13 11:30:00,2026-04-13 20:00:00,People Assisting the Homeless,People Assisting the Homeless - YWCA,110,,Prep Cook 2
2026-04-13,2026-04-13 11:30:00,2026-04-13 20:00:00,People Assisting the Homeless,People Assisting the Homeless - YWCA,102,,Cook 2
2026-04-13,2026-04-13 11:30:00,2026-04-13 17:30:00,St. Anne's Maternity,St. Anne's Maternity,105,,Dishwasher
2026-04-13,2026-04-13 12:00:00,2026-04-13 20:30:00,Childrens Hospital Los Angeles,Childrens Hospital Los Angeles,104,Food Service Worker,General
2026-04-13,2026-04-13 12:00:00,2026-04-13 20:30:00,SBLP Warner Center OPCO LLC - The Variel,The Variel of Woodland Hills,102,,Cook 2
2026-04-13,2026-04-13 12:00:00,2026-04-13 20:00:00,Sofitel Los Angeles at Beverly Hills Hotel,Sofitel Los Angeles at Beverly Hills Hotel - Kitchen,102,,Cook 2
2026-04-13,2026-04-13 12:30:00,2026-04-13 21:00:00,The Getty Center,The Getty Center - Catering,102,,Cook 2
2026-04-13,2026-04-13 13:00:00,2026-04-13 20:30:00,PIH Health - Whittier Hospital,PIH Health - Whittier Hospital,110,,Prep Cook 2
2026-04-13,2026-04-13 13:00:00,2026-04-13 21:30:00,The Getty Center,The Getty Center - Restaurant,102,,Cook 2
2026-04-13,2026-04-13 13:00:00,2026-04-13 21:30:00,The Getty Center,The Getty Center - Cafe,102,,Cook 2
2026-04-13,2026-04-13 13:30:00,2026-04-13 19:30:00,The Vered,The Vered,102,,Cook 2
2026-04-13,2026-04-13 14:00:00,2026-04-13 22:00:00,Hotel Bel Air,Hotel Bel Air - Swan Cafe,102,,Cook 2
2026-04-13,2026-04-13 14:00:00,2026-04-13 22:30:00,Martin Luther King Jr Hospital,Martin Luther King Jr. Hospital | BOH,102,,Cook 2
2026-04-13,2026-04-13 14:00:00,2026-04-13 22:30:00,SBLP Warner Center OPCO LLC - The Variel,The Variel of Woodland Hills,105,,Dishwasher
2026-04-13,2026-04-13 14:00:00,2026-04-13 22:00:00,Viceroy Santa Monica Hotel,Viceroy Santa Monica Hotel,264,,Event Supervisor
2026-04-13,2026-04-13 15:00:00,2026-04-13 23:30:00,Crescent Heights Ten Thousand,Crescent Heights Ten Thousand - Butler Department,115,Butler/Porter,Server 2
2026-04-13,2026-04-13 15:00:00,2026-04-13 23:30:00,Pitzer College,Pitzer College,102,Shakedown ,Cook 2
2026-04-13,2026-04-13 15:30:00,2026-04-13 22:00:00,Malibu Beach Inn,Malibu Beach Inn - BOH,105,,Dishwasher
2026-04-13,2026-04-13 15:30:00,2026-04-14 00:00:00,"Manhattan Beach Hotel TRS LLC., dba Westdrift Manhattan Beach",Manhattan Beach Hotel | Banquet,264,,Event Supervisor
2026-04-13,2026-04-13 16:00:00,2026-04-13 23:00:00,Canyon Palm Springs Hotel dba Thompson Palm Springs,Thompson Palm Springs |  FOH,99,,Busser
2026-04-13,2026-04-13 16:30:00,2026-04-13 20:30:00,Skadden Law Firm,Skadden Law Firm,98,,Bartender 2
2026-04-13,2026-04-13 17:00:00,2026-04-14 01:30:00,Commerce Casino,Commerce Casino - High Limit Kitchen | FOH | MON - TH,112,with cashier duties,Runner
2026-04-13,2026-04-13 17:00:00,2026-04-14 01:30:00,Pepperdine University,Pepperdine University - HAWC Cafe & Store,102,,Cook 2
2026-04-13,2026-04-13 22:00:00,2026-04-14 06:30:00,Commerce Casino,Commerce Casino - Employee Dining Room,102,OVERNIGHT SHIFT,Cook 2
2026-04-14,2026-04-14 05:00:00,2026-04-14 13:30:00,Google Spruce Goose Offices,Google Spruce Goose - Catering Operations,102,,Cook 2
2026-04-14,2026-04-14 05:00:00,2026-04-14 13:30:00,PIH Health - Good Samaritan Hospital,PIH Health - Good Samaritan Hospital,290,,Cook 3
2026-04-14,2026-04-14 05:00:00,2026-04-14 13:30:00,PIH Health - Whittier Hospital,PIH Health - Whittier Hospital,110,,Prep Cook 2
2026-04-14,2026-04-14 05:00:00,2026-04-14 13:30:00,PIH Health - Whittier Hospital,PIH Health - Whittier Hospital,102,,Cook 2
2026-04-14,2026-04-14 05:30:00,2026-04-14 11:00:00,Empowered 4 Life Foundation,@ Empowered 4 Life Foundation,110,,Prep Cook 2
2026-04-14,2026-04-14 06:00:00,2026-04-14 13:30:00,Beverly Hills Unified School District,BHUSD - Beverly Hills High School,104,,General
2026-04-14,2026-04-14 06:00:00,2026-04-14 13:30:00,Beverly Hills Unified School District,BHUSD - Beverly Hills High School,102,,Cook 2
2026-04-14,2026-04-14 06:00:00,2026-04-14 13:30:00,Beverly Hills Unified School District,BHUSD - Beverly Hills High School,110,,Prep Cook 2
2026-04-14,2026-04-14 06:00:00,2026-04-14 14:30:00,Capital Group - Irvine,Capital Group - Irvine | BOH,102,,Cook 2
2026-04-14,2026-04-14 06:00:00,2026-04-14 14:30:00,Capital Group - Irvine,Capital Group - Irvine | FOH,101,,Cashier
2026-04-14,2026-04-14 06:00:00,2026-04-14 12:00:00,Crescent Heights Ten Thousand,Crescent Heights Ten Thousand - Buffet,115,,Server 2
2026-04-14,2026-04-14 06:00:00,2026-04-14 14:30:00,Edwards Lifesciences,Edwards Lifesciences FOH Bldg. C,101,,Cashier
2026-04-14,2026-04-14 06:00:00,2026-04-14 14:30:00,Edwards Lifesciences,Edwards Lifesciences FOH Bldg. C,101,,Cashier
2026-04-14,2026-04-14 06:00:00,2026-04-14 14:30:00,Edwards Lifesciences,Edwards Lifesciences FOH Bldg. C,101,,Cashier
2026-04-14,2026-04-14 06:00:00,2026-04-14 14:30:00,"Fox Studio Lot, LLC",Fox Studio - Commissary,102,,Cook 2
2026-04-14,2026-04-14 06:00:00,2026-04-14 15:00:00,"Fox Studio Lot, LLC",Fox Studio - News Cafe BoH,102,,Cook 2
2026-04-14,2026-04-14 06:00:00,2026-04-14 14:30:00,Martin Luther King Jr Hospital,Martin Luther King Jr. Hospital | BOH,102,,Cook 2
2026-04-14,2026-04-14 06:00:00,2026-04-14 14:00:00,NBC Universal,NBC Universal Studios | The Market Place,102,Report to Catering,Cook 2
2026-04-14,2026-04-14 06:00:00,2026-04-14 11:00:00,SBLP Warner Center OPCO LLC - The Variel,The Variel of Woodland Hills,102,,Cook 2
2026-04-14,2026-04-14 06:00:00,2026-04-14 14:30:00,USC Verdugo Hills Hospital,USC Verdugo Hills Hospital,102,,Cook 2
2026-04-14,2026-04-14 06:15:00,2026-04-14 14:45:00,Disney Studios,Disney Studios | Big D Cafe Glendale,102,,Cook 2
2026-04-14,2026-04-14 06:30:00,2026-04-14 14:30:00,Amgen Thousand Oaks,Amgen Thousand Oaks - Bistro Cafe,102,,Cook 2
2026-04-14,2026-04-14 06:30:00,2026-04-14 14:00:00,Disney Studios,Disney Studios | Rotunda Restaurant,99,,Busser
2026-04-14,2026-04-14 06:30:00,2026-04-14 15:00:00,Guckenheimer Cafe at Red Bull,Guckenheimer Cafe at Red Bull - Front of House,97,,Barista 2
2026-04-14,2026-04-14 06:30:00,2026-04-14 15:00:00,Park Place Plaza,Park Place Plaza,115,with Barista Duties,Server 2
2026-04-14,2026-04-14 06:30:00,2026-04-14 15:00:00,SBLP Warner Center OPCO LLC - The Variel,The Variel of Woodland Hills,105,,Dishwasher
2026-04-14,2026-04-14 06:30:00,2026-04-14 15:00:00,The Archer School for Girls,The Archer School for Girls,102,Read Description Thoroughly,Cook 2
2026-04-14,2026-04-14 07:00:00,2026-04-14 15:00:00,Athenaeum Club,Athenaeum Housekeeping,104,,General
2026-04-14,2026-04-14 07:00:00,2026-04-14 14:00:00,Beverly Hills Unified School District,BHUSD - Horace Mann Elementary School,104,,General
2026-04-14,2026-04-14 07:00:00,2026-04-14 14:00:00,Beverly Hills Unified School District,BHUSD - Beverly Hills High School,105,,Dishwasher
2026-04-14,2026-04-14 07:00:00,2026-04-14 14:00:00,Beverly Hills Unified School District,BHUSD- El Rodeo Elementary,104,,General
2026-04-14,2026-04-14 07:00:00,2026-04-14 15:30:00,Edwards Lifesciences,Edwards Lifesciences FOH Bldg. C,97,,Barista 2
2026-04-14,2026-04-14 07:00:00,2026-04-14 15:00:00,"Fox Studio Lot, LLC",Fox Studio - Moe's Cafe BoH,102,,Cook 2
2026-04-14,2026-04-14 07:00:00,2026-04-14 15:30:00,L.A. Rams,L.A. Rams,105,,Dishwasher
2026-04-14,2026-04-14 07:00:00,2026-04-14 15:30:00,L.A. Rams,L.A. Rams,102,,Cook 2
2026-04-14,2026-04-14 07:00:00,2026-04-14 15:30:00,Martin Luther King Jr Hospital,Martin Luther King Jr. Hospital | BOH,102,,Cook 2
2026-04-14,2026-04-14 07:00:00,2026-04-14 15:30:00,NBC Universal,NBC Universal Studios | The Market Place,102,,Cook 2
2026-04-14,2026-04-14 07:00:00,2026-04-14 15:30:00,Newport Harbor Yacht Club,Newport Harbor Yacht Club | Banquets,105,Heavy Lifting - Read Description,Dishwasher
2026-04-14,2026-04-14 07:00:00,2026-04-14 15:30:00,NFL LA Huddle Cafe,NFL LA Huddle Cafe,102,,Cook 2
2026-04-14,2026-04-14 07:00:00,2026-04-14 15:30:00,"Platinum Equity, LLC",Platinum Equity LLC,102,,Cook 2
2026-04-14,2026-04-14 07:00:00,2026-04-14 15:30:00,"Platinum Equity, LLC",Platinum Equity LLC,102,,Cook 2
2026-04-14,2026-04-14 07:00:00,2026-04-14 15:30:00,"Platinum Equity, LLC",Platinum Equity LLC,105,,Dishwasher
2026-04-14,2026-04-14 07:00:00,2026-04-14 15:00:00,RAND Corporation,RAND Corporation,102,,Cook 2
2026-04-14,2026-04-14 07:00:00,2026-04-14 15:30:00,The Getty Center,The Getty Center - Cafe,102,,Cook 2
2026-04-14,2026-04-14 07:00:00,2026-04-14 14:30:00,The Getty Villa,The Getty Villa BOH,102,,Cook 2
2026-04-14,2026-04-14 07:00:00,2026-04-14 14:00:00,Union Station Homeless Services,Union Station Homeless Services - Adult Center,102,,Cook 2
2026-04-14,2026-04-14 07:00:00,2026-04-14 15:30:00,Union Station Homeless Services,Union Station Homeless Services - Adult Center,102,,Cook 2
2026-04-14,2026-04-14 07:30:00,2026-04-14 15:30:00,Amgen Thousand Oaks,Amgen Thousand Oaks - Bistro Cafe,105,,Dishwasher
2026-04-14,2026-04-14 07:30:00,2026-04-14 16:00:00,"Fox Studio Lot, LLC",Fox Studio - Moe's Cafe BoH,105,,Dishwasher
2026-04-14,2026-04-14 08:00:00,2026-04-14 16:30:00,Beverly Hills Hotel,Beverly Hills Hotel - Main Kitchen,102,,Cook 2
2026-04-14,2026-04-14 08:00:00,2026-04-14 13:30:00,Beverly Hills Unified School District,BHUSD - Beverly Vista Middle School,104,,General
2026-04-14,2026-04-14 08:00:00,2026-04-14 16:00:00,L.A. Galaxy,L.A. Galaxy,105,,Dishwasher
2026-04-14,2026-04-14 08:00:00,2026-04-14 14:00:00,Malibu Beach Inn,Malibu Beach Inn - BOH,105,,Dishwasher
2026-04-14,2026-04-14 08:00:00,2026-04-14 16:30:00,PIH Health - Downey Hospital,PIH Health - Downey Hospital,105,,Dishwasher
2026-04-14,2026-04-14 08:00:00,2026-04-14 16:30:00,"Platinum Equity, LLC",Platinum Equity LLC,102,,Cook 2
2026-04-14,2026-04-14 08:00:00,2026-04-14 14:30:00,Santa Clarita Valley Senior Center,Santa Clarita Valley Senior Center,105,,Dishwasher
2026-04-14,2026-04-14 08:00:00,2026-04-14 16:30:00,The Wonderful Company,The Wonderful Company,97,,Barista 2
2026-04-14,2026-04-14 08:30:00,2026-04-14 17:00:00,NFL LA Huddle Cafe,NFL LA Huddle Cafe,105,,Dishwasher
2026-04-14,2026-04-14 09:00:00,2026-04-14 14:00:00,Beverly Hills Unified School District,BHUSD - Beverly Vista Middle School,104,,General
2026-04-14,2026-04-14 09:00:00,2026-04-14 14:00:00,New West Charter School,New West Charter School - ARMACOST Location,115,,Server 2
2026-04-14,2026-04-14 10:00:00,2026-04-14 18:30:00,Four Seasons Hotel Westlake Village,Four Seasons Hotel Westlake Village ,102,pastry experience preferred,Cook 2
2026-04-14,2026-04-14 10:00:00,2026-04-14 14:30:00,Google Spruce Goose Offices,Google Spruce Goose - Cafe,104,,General
2026-04-14,2026-04-14 10:00:00,2026-04-14 18:30:00,Griffin Club Los Angeles,Griffin Club Los Angeles,102,Sushi,Cook 2
2026-04-14,2026-04-14 10:00:00,2026-04-14 18:30:00,Masimo Technology Cafe,Masimo Technology Cafe | BOH,102,Two week ongoing shift Must work both weeks,Cook 2
2026-04-14,2026-04-14 11:00:00,2026-04-14 15:30:00,Guckenheimer Cafe at Red Bull,Guckenheimer Cafe at Red Bull - Back of House,105,,Dishwasher
2026-04-14,2026-04-14 11:00:00,2026-04-14 19:30:00,PIH Health - Whittier Hospital,PIH Health - Whittier Hospital,102,,Cook 2
2026-04-14,2026-04-14 11:30:00,2026-04-14 20:00:00,People Assisting the Homeless,People Assisting the Homeless - YWCA,102,,Cook 2
2026-04-14,2026-04-14 11:30:00,2026-04-14 20:00:00,People Assisting the Homeless,People Assisting the Homeless - YWCA,110,,Prep Cook 2
2026-04-14,2026-04-14 12:00:00,2026-04-14 20:30:00,Cedars Sinai Medical Center,Cedars Sinai - Plaza & Cafe,102,Grill Cook,Cook 2
2026-04-14,2026-04-14 12:00:00,2026-04-14 20:30:00,Childrens Hospital Los Angeles,Childrens Hospital Los Angeles,104,Food Service Worker,General
2026-04-14,2026-04-14 12:00:00,2026-04-14 20:30:00,Crescent Heights Ten Thousand,Crescent Heights Ten Thousand - Butler Department,115,,Server 2
2026-04-14,2026-04-14 12:00:00,2026-04-14 20:30:00,Griffin Club Los Angeles,Griffin Club Los Angeles,102,,Cook 2
2026-04-14,2026-04-14 12:00:00,2026-04-14 18:30:00,Park Place Plaza,Park Place Plaza,98,,Bartender 2
2026-04-14,2026-04-14 12:00:00,2026-04-14 20:30:00,PIH Health - Whittier Hospital,PIH Health - Whittier Hospital,110,,Prep Cook 2
2026-04-14,2026-04-14 12:00:00,2026-04-14 18:00:00,St. Anne's Maternity,St. Anne's Maternity,105,,Dishwasher
2026-04-14,2026-04-14 13:30:00,2026-04-14 19:30:00,The Vered,The Vered,102,TB and LIVE Scan Required - Ongoing Shift - Do not publish,Cook 2
2026-04-14,2026-04-14 14:00:00,2026-04-14 22:00:00,Hotel Bel Air,Hotel Bel Air - Swan Cafe,102,,Cook 2
2026-04-14,2026-04-14 14:00:00,2026-04-14 22:30:00,Martin Luther King Jr Hospital,Martin Luther King Jr. Hospital | BOH,102,,Cook 2
2026-04-14,2026-04-14 14:00:00,2026-04-14 22:30:00,SBLP Warner Center OPCO LLC - The Variel,The Variel of Woodland Hills,105,,Dishwasher
2026-04-14,2026-04-14 14:00:00,2026-04-14 22:30:00,SBLP Warner Center OPCO LLC - The Variel,The Variel of Woodland Hills,105,,Dishwasher
2026-04-14,2026-04-14 14:30:00,2026-04-14 19:30:00,"Taylor Made Cuisine, Inc.","Taylor Made Cuisine, Inc.",102,,Cook 2
2026-04-14,2026-04-14 15:00:00,2026-04-14 23:00:00,Comedy and Magic Club,Comedy and Magic Club,105,,Dishwasher
2026-04-14,2026-04-14 15:00:00,2026-04-14 23:30:00,Commerce Casino,Commerce Casino - Employee Dining Room,102,,Cook 2
2026-04-14,2026-04-14 15:00:00,2026-04-14 23:30:00,Crescent Heights Ten Thousand,Crescent Heights Ten Thousand - Butler Department,115,Butler/Porter,Server 2
2026-04-14,2026-04-14 15:00:00,2026-04-14 20:00:00,Ebell of Los Angeles,Ebell of Los Angeles - Back of House,102,,Cook 2
2026-04-14,2026-04-14 15:00:00,2026-04-14 20:00:00,Ebell of Los Angeles,Ebell Of Los Angeles - Tuesday - FOH,115,,Server 2
2026-04-14,2026-04-14 15:00:00,2026-04-14 22:00:00,NBC Universal,NBC Universal Studios | The Market Place,102,Report to Catering,Cook 2
2026-04-14,2026-04-14 15:00:00,2026-04-14 23:30:00,Pitzer College,Pitzer College,102,Shakedown ,Cook 2
2026-04-14,2026-04-14 15:00:00,2026-04-14 20:00:00,"Taylor Made Cuisine, Inc.","Taylor Made Cuisine, Inc.",115,,Server 2
2026-04-14,2026-04-14 15:00:00,2026-04-14 23:00:00,Viceroy Santa Monica Hotel,Viceroy Santa Monica Hotel,105,,Dishwasher
2026-04-14,2026-04-14 15:30:00,2026-04-14 22:00:00,Malibu Beach Inn,Malibu Beach Inn - BOH,105,,Dishwasher
2026-04-14,2026-04-14 15:30:00,2026-04-15 00:00:00,"Manhattan Beach Hotel TRS LLC., dba Westdrift Manhattan Beach",Manhattan Beach Hotel | Banquet,264,,Event Supervisor
2026-04-14,2026-04-14 16:00:00,2026-04-14 23:00:00,Canyon Palm Springs Hotel dba Thompson Palm Springs,Thompson Palm Springs |  FOH,99,,Busser
2026-04-14,2026-04-14 16:00:00,2026-04-14 22:00:00,Viceroy Santa Monica Hotel,Viceroy Santa Monica Hotel,264,,Event Supervisor
2026-04-14,2026-04-14 17:00:00,2026-04-15 01:30:00,Pepperdine University,Pepperdine University - HAWC Cafe & Store,102,,Cook 2
2026-04-14,2026-04-14 22:00:00,2026-04-15 06:30:00,Commerce Casino,Commerce Casino - Employee Dining Room,102,OVERNIGHT SHIFT,Cook 2
2026-04-15,2026-04-15 05:00:00,2026-04-15 10:00:00,"Broadview, Inc.","@ Broadview, Inc.",102,,Cook 2
2026-04-15,2026-04-15 05:00:00,2026-04-15 13:30:00,Edwards Lifesciences,Edwards Lifesciences FOH Bldg. C,101,,Cashier
2026-04-15,2026-04-15 05:00:00,2026-04-15 13:30:00,Google Spruce Goose Offices,Google Spruce Goose - Catering Operations,102,,Cook 2
2026-04-15,2026-04-15 05:00:00,2026-04-15 13:30:00,People Assisting the Homeless,People Assisting the Homeless - YWCA,102,,Cook 2
2026-04-15,2026-04-15 05:00:00,2026-04-15 13:30:00,PIH Health - Good Samaritan Hospital,PIH Health - Good Samaritan Hospital,290,,Cook 3
2026-04-15,2026-04-15 05:00:00,2026-04-15 13:30:00,PIH Health - Whittier Hospital,PIH Health - Whittier Hospital,102,,Cook 2
2026-04-15,2026-04-15 05:00:00,2026-04-15 13:30:00,PIH Health - Whittier Hospital,PIH Health - Whittier Hospital,110,,Prep Cook 2
2026-04-15,2026-04-15 05:30:00,2026-04-15 11:00:00,Empowered 4 Life Foundation,@ Empowered 4 Life Foundation,110,,Prep Cook 2
2026-04-15,2026-04-15 05:30:00,2026-04-15 14:30:00,"Fox Studio Lot, LLC",Fox Studio - Moe's Cafe BoH,102,,Cook 2
2026-04-15,2026-04-15 05:30:00,2026-04-15 14:00:00,Henry Mayo Newhall Hospital,Henry Mayo Newhall Hospital,102,,Cook 2
2026-04-15,2026-04-15 06:00:00,2026-04-15 13:30:00,Beverly Hills Unified School District,BHUSD - Beverly Hills High School,102,,Cook 2
2026-04-15,2026-04-15 06:00:00,2026-04-15 13:30:00,Beverly Hills Unified School District,BHUSD - Beverly Hills High School,110,,Prep Cook 2
2026-04-15,2026-04-15 06:00:00,2026-04-15 14:00:00,Beverly Hills Unified School District,BHUSD - Beverly Hills High School,104,,General
2026-04-15,2026-04-15 06:00:00,2026-04-15 14:30:00,Capital Group - Irvine,Capital Group - Irvine | FOH,101,,Cashier
2026-04-15,2026-04-15 06:00:00,2026-04-15 14:30:00,Capital Group - Irvine,Capital Group - Irvine | BOH,102,,Cook 2
2026-04-15,2026-04-15 06:00:00,2026-04-15 14:30:00,Disney Studios,Disney Studios | GC3 Cafe Glendale,102,,Cook 2
2026-04-15,2026-04-15 06:00:00,2026-04-15 14:30:00,Edwards Lifesciences,Edwards Lifesciences FOH Bldg. C,101,,Cashier
2026-04-15,2026-04-15 06:00:00,2026-04-15 14:30:00,Edwards Lifesciences,Edwards Lifesciences FOH Bldg. C,101,,Cashier
2026-04-15,2026-04-15 06:00:00,2026-04-15 15:00:00,"Fox Studio Lot, LLC",Fox Studio - News Cafe BoH,102,,Cook 2
2026-04-15,2026-04-15 06:00:00,2026-04-15 14:30:00,"Fox Studio Lot, LLC",Fox Studio - Commissary,102,,Cook 2
2026-04-15,2026-04-15 06:00:00,2026-04-15 15:30:00,Google Spruce Goose Offices,Google Spruce Goose - Catering Operations,317,Miguel Sanchez ,Captain
2026-04-15,2026-04-15 06:00:00,2026-04-15 14:30:00,Jet Propulsion Laboratory,JPL - Cafe 303,102,,Cook 2
2026-04-15,2026-04-15 06:00:00,2026-04-15 14:30:00,Martin Luther King Jr Hospital,Martin Luther King Jr. Hospital | BOH,102,,Cook 2
2026-04-15,2026-04-15 06:00:00,2026-04-15 14:00:00,NFL LA Huddle Cafe,NFL LA Huddle Cafe,102,,Cook 2
2026-04-15,2026-04-15 06:15:00,2026-04-15 14:45:00,Disney Studios,Disney Studios | Big D Cafe Glendale,102,,Cook 2
2026-04-15,2026-04-15 06:30:00,2026-04-15 14:30:00,Amgen Thousand Oaks,Amgen Thousand Oaks - Bistro Cafe,102,,Cook 2
2026-04-15,2026-04-15 06:30:00,2026-04-15 15:00:00,Childrens Hospital Los Angeles,Childrens Hospital Los Angeles,105,,Dishwasher
2026-04-15,2026-04-15 06:30:00,2026-04-15 15:00:00,Masimo Technology Cafe,Masimo Technology Cafe | FOH,115,,Server 2
2026-04-15,2026-04-15 06:30:00,2026-04-15 15:00:00,Park Place Plaza,Park Place Plaza,115,with Barista Duties,Server 2
2026-04-15,2026-04-15 06:30:00,2026-04-15 15:00:00,The Archer School for Girls,The Archer School for Girls,290,Read Description Thoroughly,Cook 3
2026-04-15,2026-04-15 06:30:00,2026-04-15 11:00:00,The Archer School for Girls,The Archer School for Girls,102,Read Description Thoroughly,Cook 2
2026-04-15,2026-04-15 07:00:00,2026-04-15 14:00:00,Beverly Hills Unified School District,BHUSD - Horace Mann Elementary School,104,,General
2026-04-15,2026-04-15 07:00:00,2026-04-15 14:00:00,Beverly Hills Unified School District,BHUSD - Beverly Hills High School,105,,Dishwasher
2026-04-15,2026-04-15 07:00:00,2026-04-15 14:00:00,Beverly Hills Unified School District,BHUSD- El Rodeo Elementary,104,,General
2026-04-15,2026-04-15 07:00:00,2026-04-15 15:30:00,Cedars Sinai Medical Center,Cedars Sinai - Plaza & Cafe,102,Grill Cook,Cook 2
2026-04-15,2026-04-15 07:00:00,2026-04-15 15:30:00,Edwards Lifesciences,Edwards Lifesciences FOH Bldg. C,97,,Barista 2
2026-04-15,2026-04-15 07:00:00,2026-04-15 14:30:00,Google Spruce Goose Offices,Google Spruce Goose - Catering Operations,115,Ernesto Moreno ,Server 2
2026-04-15,2026-04-15 07:00:00,2026-04-15 14:30:00,Guckenheimer Cafe at Red Bull,Guckenheimer Cafe at Red Bull - Front of House,97,,Barista 2
2026-04-15,2026-04-15 07:00:00,2026-04-15 15:30:00,L.A. Rams,L.A. Rams,105,,Dishwasher
2026-04-15,2026-04-15 07:00:00,2026-04-15 15:30:00,L.A. Rams,L.A. Rams,102,,Cook 2
2026-04-15,2026-04-15 07:00:00,2026-04-15 15:30:00,Martin Luther King Jr Hospital,Martin Luther King Jr. Hospital | BOH,102,,Cook 2
2026-04-15,2026-04-15 07:00:00,2026-04-15 15:30:00,NBC Universal,NBC Universal Studios | The Market Place,102,,Cook 2
2026-04-15,2026-04-15 07:00:00,2026-04-15 15:00:00,Newport Harbor Yacht Club,Newport Harbor Yacht Club | Banquets,105,Heavy Lifting - Read Description,Dishwasher
2026-04-15,2026-04-15 07:00:00,2026-04-15 15:00:00,PIH Health - Good Samaritan Hospital,PIH Health - Good Samaritan Hospital,105,Potwasher,Dishwasher
2026-04-15,2026-04-15 07:00:00,2026-04-15 15:30:00,"Platinum Equity, LLC",Platinum Equity LLC,102,,Cook 2
2026-04-15,2026-04-15 07:00:00,2026-04-15 15:30:00,"Platinum Equity, LLC",Platinum Equity LLC,105,,Dishwasher
2026-04-15,2026-04-15 07:00:00,2026-04-15 15:00:00,RAND Corporation,RAND Corporation,102,,Cook 2
2026-04-15,2026-04-15 07:00:00,2026-04-15 15:30:00,The Getty Center,The Getty Center - Cafe,102,Strong Line Cook Needed,Cook 2
2026-04-15,2026-04-15 07:00:00,2026-04-15 14:30:00,The Getty Villa,The Getty Villa BOH,102,,Cook 2
2026-04-15,2026-04-15 07:00:00,2026-04-15 14:00:00,Union Station Homeless Services,Union Station Homeless Services - Adult Center,102,,Cook 2
2026-04-15,2026-04-15 07:00:00,2026-04-15 15:30:00,Union Station Homeless Services,Union Station Homeless Services - Adult Center,102,,Cook 2
2026-04-15,2026-04-15 07:00:00,2026-04-15 14:30:00,Wolfgang Puck Catering,Wolfgang Puck Catering - Hollywood & Highland,102,,Cook 2
2026-04-15,2026-04-15 07:30:00,2026-04-15 15:30:00,Amgen Thousand Oaks,Amgen Thousand Oaks - Bistro Cafe,105,,Dishwasher
2026-04-15,2026-04-15 07:30:00,2026-04-15 16:00:00,"Fox Studio Lot, LLC",Fox Studio - Moe's Cafe BoH,105,,Dishwasher
2026-04-15,2026-04-15 08:00:00,2026-04-15 16:30:00,Beverly Hills Hotel,Beverly Hills Hotel - Main Kitchen,102,,Cook 2
2026-04-15,2026-04-15 08:00:00,2026-04-15 13:30:00,Beverly Hills Unified School District,BHUSD - Beverly Vista Middle School,104,,General
2026-04-15,2026-04-15 08:00:00,2026-04-15 16:30:00,Edwards Lifesciences,Edwards Lifesciences FOH Bldg. C,101,,Cashier
2026-04-15,2026-04-15 08:00:00,2026-04-15 14:00:00,Malibu Beach Inn,Malibu Beach Inn - BOH,105,,Dishwasher
2026-04-15,2026-04-15 08:00:00,2026-04-15 16:30:00,PIH Health - Downey Hospital,PIH Health - Downey Hospital,105,,Dishwasher
2026-04-15,2026-04-15 08:00:00,2026-04-15 16:30:00,"Platinum Equity, LLC",Platinum Equity LLC,102,,Cook 2
2026-04-15,2026-04-15 08:00:00,2026-04-15 14:30:00,Santa Clarita Valley Senior Center,Santa Clarita Valley Senior Center,105,,Dishwasher
2026-04-15,2026-04-15 08:00:00,2026-04-15 16:00:00,SBLP Warner Center OPCO LLC - The Variel,The Variel of Woodland Hills,105,,Dishwasher
2026-04-15,2026-04-15 08:00:00,2026-04-15 16:30:00,The Wonderful Company,The Wonderful Company,97,,Barista 2
2026-04-15,2026-04-15 08:00:00,2026-04-15 16:30:00,VH Property Corp. dba Trump National Golf Club Los Angeles,Trump National Golf Course Los Angeles | BOH,105,,Dishwasher
2026-04-15,2026-04-15 08:30:00,2026-04-15 17:00:00,NFL LA Huddle Cafe,NFL LA Huddle Cafe,105,,Dishwasher
2026-04-15,2026-04-15 09:00:00,2026-04-15 14:00:00,New West Charter School,New West Charter School - ARMACOST Location,115,,Server 2
2026-04-15,2026-04-15 09:00:00,2026-04-15 17:30:00,"Platinum Equity, LLC",Platinum Equity LLC,102,,Cook 2
2026-04-15,2026-04-15 10:00:00,2026-04-15 18:30:00,Four Seasons Hotel Westlake Village,Four Seasons Hotel Westlake Village ,102,pastry experience preferred,Cook 2
2026-04-15,2026-04-15 10:00:00,2026-04-15 14:30:00,Google Spruce Goose Offices,Google Spruce Goose - Cafe,104,,General
2026-04-15,2026-04-15 10:00:00,2026-04-15 18:30:00,Griffin Club Los Angeles,Griffin Club Los Angeles,102,,Cook 2
2026-04-15,2026-04-15 10:00:00,2026-04-15 14:00:00,Judd's Catering ,@Judd's Catering,115,,Server 2
2026-04-15,2026-04-15 10:00:00,2026-04-15 18:30:00,Masimo Technology Cafe,Masimo Technology Cafe | BOH,102,Two week ongoing shift Must work both weeks,Cook 2
2026-04-15,2026-04-15 10:00:00,2026-04-15 14:30:00,Santa Clarita Valley Senior Center,Santa Clarita Valley Senior Center,99,,Busser
2026-04-15,2026-04-15 10:00:00,2026-04-15 18:00:00,Sofitel Los Angeles at Beverly Hills Hotel,Sofitel Los Angeles at Beverly Hills Hotel - Kitchen,102,Must have clean and pressed uniform,Cook 2
2026-04-15,2026-04-15 11:00:00,2026-04-15 15:30:00,Guckenheimer Cafe at Red Bull,Guckenheimer Cafe at Red Bull - Back of House,105,,Dishwasher
2026-04-15,2026-04-15 11:00:00,2026-04-15 19:30:00,PIH Health - Whittier Hospital,PIH Health - Whittier Hospital,102,,Cook 2
2026-04-15,2026-04-15 11:00:00,2026-04-15 16:00:00,Union Station Homeless Services,Union Station Homeless Services - Adult Center,110,,Prep Cook 2
2026-04-15,2026-04-15 11:00:00,2026-04-15 19:30:00,University Village Thousand Oaks,University Village Thousand Oaks ,102,,Cook 2
2026-04-15,2026-04-15 11:30:00,2026-04-15 20:00:00,People Assisting the Homeless,People Assisting the Homeless - YWCA,110,,Prep Cook 2
2026-04-15,2026-04-15 12:00:00,2026-04-15 20:30:00,Academy Museum of Motion Pictures,Academy Museum of Motion Pictures - Fanny's Restaurant,105,,Dishwasher
2026-04-15,2026-04-15 12:00:00,2026-04-15 20:30:00,Childrens Hospital Los Angeles,Childrens Hospital Los Angeles,104,Food Service Worker,General
2026-04-15,2026-04-15 12:00:00,2026-04-15 20:30:00,PIH Health - Whittier Hospital,PIH Health - Whittier Hospital,110,,Prep Cook 2
2026-04-15,2026-04-15 12:00:00,2026-04-15 16:30:00,The Wonderful Company,The Wonderful Company,97,Urgent Required.,Barista 2
2026-04-15,2026-04-15 13:00:00,2026-04-15 21:30:00,Country Market Catering Inc dba Contemporary Catering,@ Contemporary Catering,105,,Dishwasher
2026-04-15,2026-04-15 13:00:00,2026-04-15 21:30:00,Griffin Club Los Angeles,Griffin Club Los Angeles,105,,Dishwasher
2026-04-15,2026-04-15 14:00:00,2026-04-15 22:00:00,Hotel Bel Air,Hotel Bel Air - Swan Cafe,102,,Cook 2
2026-04-15,2026-04-15 14:00:00,2026-04-15 22:30:00,SBLP Warner Center OPCO LLC - The Variel,The Variel of Woodland Hills,105,,Dishwasher
2026-04-15,2026-04-15 14:00:00,2026-04-15 22:00:00,Viceroy Santa Monica Hotel,Viceroy Santa Monica Hotel,264,,Event Supervisor
2026-04-15,2026-04-15 14:00:00,2026-04-15 22:30:00,Wolfgang Puck Catering,Wolfgang Puck Catering BOH | Offsite,104,Dishwasher,General
2026-04-15,2026-04-15 14:30:00,2026-04-15 23:00:00,VH Property Corp. dba Trump National Golf Club Los Angeles,Trump National Golf Course Los Angeles | BOH,102,,Cook 2
2026-04-15,2026-04-15 14:45:00,2026-04-15 20:00:00,Wolfgang Puck Catering,Wolfgang Puck Catering - Sony Studios,102,,Cook 2
2026-04-15,2026-04-15 15:00:00,2026-04-15 23:30:00,Crescent Heights Ten Thousand,Crescent Heights Ten Thousand - Butler Department,115,Butler/Porter,Server 2
2026-04-15,2026-04-15 15:00:00,2026-04-15 21:30:00,Griffin Club Los Angeles,Griffin Club Los Angeles,102,,Cook 2
2026-04-15,2026-04-15 15:00:00,2026-04-15 23:30:00,Pitzer College,Pitzer College,102,Shakedown ,Cook 2
2026-04-15,2026-04-15 15:30:00,2026-04-16 00:00:00,Cedars Sinai Medical Center,Cedars Sinai - Plaza & Cafe,105,URGENT,Dishwasher
2026-04-15,2026-04-15 15:30:00,2026-04-15 22:00:00,Malibu Beach Inn,Malibu Beach Inn - BOH,105,,Dishwasher
2026-04-15,2026-04-15 15:30:00,2026-04-16 00:00:00,"Manhattan Beach Hotel TRS LLC., dba Westdrift Manhattan Beach",Manhattan Beach Hotel | Banquet,264,,Event Supervisor
2026-04-15,2026-04-15 16:00:00,2026-04-15 20:00:00,@St. Andrews Second Home LLC,@The Preserve LA,102,,Cook 2
2026-04-15,2026-04-15 16:00:00,2026-04-15 23:00:00,Canyon Palm Springs Hotel dba Thompson Palm Springs,Thompson Palm Springs |  FOH,99,,Busser
2026-04-15,2026-04-15 16:00:00,2026-04-15 22:00:00,Sand Hill Kitchen,Sand Hill Kitchen | Quad Conference Center,278,,Bartender 1
2026-04-15,2026-04-15 16:00:00,2026-04-15 22:00:00,Sand Hill Kitchen,Sand Hill Kitchen | Quad Conference Center,285,,Server 1
2026-04-15,2026-04-15 16:00:00,2026-04-15 20:15:00,Villa Portofino,Villa Portofino,115,,Server 2
2026-04-15,2026-04-15 16:00:00,2026-04-15 21:30:00,Wolfgang Puck Catering,Wolfgang Puck Catering - L.A. Live,102,,Cook 2
2026-04-15,2026-04-15 16:00:00,2026-04-15 21:30:00,Wolfgang Puck Catering,Wolfgang Puck Catering - Sony Studios,102,,Cook 2
2026-04-15,2026-04-15 17:00:00,2026-04-15 21:00:00,Crescent Heights Ten Thousand,Crescent Heights Ten Thousand - Events,115,Event Server,Server 2
2026-04-15,2026-04-15 17:00:00,2026-04-16 01:30:00,Pepperdine University,Pepperdine University - HAWC Cafe & Store,102,,Cook 2
2026-04-15,2026-04-15 19:00:00,2026-04-15 23:00:00,Wolfgang Puck Catering,Wolfgang Puck Catering - L.A. Live,105,,Dishwasher
2026-04-15,2026-04-15 22:00:00,2026-04-16 06:30:00,Commerce Casino,Commerce Casino - Employee Dining Room,102,OVERNIGHT SHIFT,Cook 2
2026-04-16,2026-04-16 05:00:00,2026-04-16 13:30:00,Google Spruce Goose Offices,Google Spruce Goose - Catering Operations,102,,Cook 2
2026-04-16,2026-04-16 05:00:00,2026-04-16 13:30:00,People Assisting the Homeless,People Assisting the Homeless - YWCA,102,,Cook 2
2026-04-16,2026-04-16 05:00:00,2026-04-16 13:30:00,PIH Health - Good Samaritan Hospital,PIH Health - Good Samaritan Hospital,290,,Cook 3
2026-04-16,2026-04-16 05:00:00,2026-04-16 13:30:00,PIH Health - Whittier Hospital,PIH Health - Whittier Hospital,110,,Prep Cook 2
2026-04-16,2026-04-16 05:00:00,2026-04-16 13:30:00,PIH Health - Whittier Hospital,PIH Health - Whittier Hospital,102,,Cook 2
2026-04-16,2026-04-16 05:30:00,2026-04-16 11:00:00,Empowered 4 Life Foundation,@ Empowered 4 Life Foundation,110,,Prep Cook 2
2026-04-16,2026-04-16 05:30:00,2026-04-16 14:30:00,"Fox Studio Lot, LLC",Fox Studio - Moe's Cafe BoH,102,,Cook 2
2026-04-16,2026-04-16 05:30:00,2026-04-16 14:00:00,Henry Mayo Newhall Hospital,Henry Mayo Newhall Hospital,102,,Cook 2
2026-04-16,2026-04-16 06:00:00,2026-04-16 13:30:00,Beverly Hills Unified School District,BHUSD - Beverly Hills High School,102,,Cook 2
2026-04-16,2026-04-16 06:00:00,2026-04-16 13:30:00,Beverly Hills Unified School District,BHUSD - Beverly Hills High School,104,,General
2026-04-16,2026-04-16 06:00:00,2026-04-16 14:00:00,Camp Ronald McDonald,Camp Ronald McDonald,105,,Dishwasher
2026-04-16,2026-04-16 06:00:00,2026-04-16 14:30:00,Capital Group - Irvine,Capital Group - Irvine | FOH,101,,Cashier
2026-04-16,2026-04-16 06:00:00,2026-04-16 14:30:00,Capital Group - Irvine,Capital Group - Irvine | BOH,102,,Cook 2
2026-04-16,2026-04-16 06:00:00,2026-04-16 14:30:00,Commerce Casino,Commerce Casino - High Limit Kitchen | FOH | MON - TH,112,with Cashier role,Runner
2026-04-16,2026-04-16 06:00:00,2026-04-16 14:00:00,Commerce Casino,Commerce Casino - Employee Dining Room,115,,Server 2
2026-04-16,2026-04-16 06:00:00,2026-04-16 14:30:00,Disney Studios,Disney Studios | GC3 Cafe Glendale,102,,Cook 2
2026-04-16,2026-04-16 06:00:00,2026-04-16 13:00:00,Edwards Lifesciences,Edwards Lifesciences FOH Bldg. C,101,,Cashier
2026-04-16,2026-04-16 06:00:00,2026-04-16 14:30:00,Edwards Lifesciences,Edwards Lifesciences FOH Bldg. C,101,,Cashier
2026-04-16,2026-04-16 06:00:00,2026-04-16 14:30:00,Edwards Lifesciences,Edwards Lifesciences FOH Bldg. C,101,,Cashier
2026-04-16,2026-04-16 06:00:00,2026-04-16 15:00:00,"Fox Studio Lot, LLC",Fox Studio - News Cafe BoH,102,,Cook 2
2026-04-16,2026-04-16 06:00:00,2026-04-16 14:30:00,"Fox Studio Lot, LLC",Fox Studio - Commissary,102,,Cook 2
2026-04-16,2026-04-16 06:00:00,2026-04-16 14:30:00,"Fox Studio Lot, LLC",Fox Studio - Commissary,102,,Cook 2
2026-04-16,2026-04-16 06:00:00,2026-04-16 14:30:00,Jet Propulsion Laboratory,JPL - Cafe 303,102,,Cook 2
2026-04-16,2026-04-16 06:00:00,2026-04-16 14:30:00,Martin Luther King Jr Hospital,Martin Luther King Jr. Hospital | BOH,102,,Cook 2
2026-04-16,2026-04-16 06:00:00,2026-04-16 14:30:00,Wolfgang Puck Catering,Wolfgang Puck Catering - Hollywood & Highland,102,,Cook 2
2026-04-16,2026-04-16 06:00:00,2026-04-16 14:30:00,Wolfgang Puck Catering,Wolfgang Puck Catering - Hollywood & Highland,110,,Prep Cook 2
2026-04-16,2026-04-16 06:15:00,2026-04-16 14:45:00,Disney Studios,Disney Studios | Big D Cafe Glendale,102,,Cook 2
2026-04-16,2026-04-16 06:30:00,2026-04-16 14:30:00,Amgen Thousand Oaks,Amgen Thousand Oaks - Bistro Cafe,102,,Cook 2
2026-04-16,2026-04-16 06:30:00,2026-04-16 15:00:00,Childrens Hospital Los Angeles,Childrens Hospital Los Angeles,105,,Dishwasher
2026-04-16,2026-04-16 06:30:00,2026-04-16 14:30:00,Hotel Bel Air,Hotel Bel Air - Swan Cafe,102,,Cook 2
2026-04-16,2026-04-16 06:30:00,2026-04-16 15:00:00,Park Place Plaza,Park Place Plaza,115,with Barista Duties,Server 2
2026-04-16,2026-04-16 06:30:00,2026-04-16 16:00:00,SBLP Warner Center OPCO LLC - The Variel,The Variel of Woodland Hills,105,,Dishwasher
2026-04-16,2026-04-16 06:30:00,2026-04-16 15:00:00,The Archer School for Girls,The Archer School for Girls,102,Read Description Thoroughly,Cook 2
2026-04-16,2026-04-16 07:00:00,2026-04-16 15:30:00,Athenaeum Club,Athenaeum Housekeeping,104,Help clean rooms/laundry,General
2026-04-16,2026-04-16 07:00:00,2026-04-16 14:00:00,Beverly Hills Unified School District,BHUSD - Horace Mann Elementary School,104,,General
2026-04-16,2026-04-16 07:00:00,2026-04-16 14:00:00,Beverly Hills Unified School District,BHUSD- El Rodeo Elementary,104,,General
2026-04-16,2026-04-16 07:00:00,2026-04-16 15:30:00,Cedars Sinai Medical Center,Cedars Sinai - Plaza & Cafe,102,Grill Cook,Cook 2
2026-04-16,2026-04-16 07:00:00,2026-04-16 14:30:00,Guckenheimer Cafe at Red Bull,Guckenheimer Cafe at Red Bull - Front of House,97,,Barista 2
2026-04-16,2026-04-16 07:00:00,2026-04-16 15:30:00,L.A. Rams,L.A. Rams,105,,Dishwasher
2026-04-16,2026-04-16 07:00:00,2026-04-16 15:30:00,L.A. Rams,L.A. Rams,102,,Cook 2
2026-04-16,2026-04-16 07:00:00,2026-04-16 15:30:00,Martin Luther King Jr Hospital,Martin Luther King Jr. Hospital | BOH,102,,Cook 2
2026-04-16,2026-04-16 07:00:00,2026-04-16 15:30:00,NBC Universal,NBC Universal Studios | The Market Place,102,,Cook 2
2026-04-16,2026-04-16 07:00:00,2026-04-16 15:00:00,Newport Harbor Yacht Club,Newport Harbor Yacht Club | Banquets,105,Heavy Lifting - Read Description,Dishwasher
2026-04-16,2026-04-16 07:00:00,2026-04-16 15:00:00,PIH Health - Good Samaritan Hospital,PIH Health - Good Samaritan Hospital,105,Potwasher,Dishwasher
2026-04-16,2026-04-16 07:00:00,2026-04-16 15:00:00,PIH Health - Good Samaritan Hospital,PIH Health - Good Samaritan Hospital,105,Potwasher,Dishwasher
2026-04-16,2026-04-16 07:00:00,2026-04-16 15:30:00,"Platinum Equity, LLC",Platinum Equity LLC,102,,Cook 2
2026-04-16,2026-04-16 07:00:00,2026-04-16 15:30:00,"Platinum Equity, LLC",Platinum Equity LLC,105,,Dishwasher
2026-04-16,2026-04-16 07:00:00,2026-04-16 15:00:00,RAND Corporation,RAND Corporation,102,,Cook 2
2026-04-16,2026-04-16 07:00:00,2026-04-16 15:30:00,The Getty Center,The Getty Center - Cafe,102,,Cook 2
2026-04-16,2026-04-16 07:00:00,2026-04-16 15:30:00,Union Station Homeless Services,Union Station Homeless Services - Adult Center,102,,Cook 2
2026-04-16,2026-04-16 07:00:00,2026-04-16 14:00:00,Union Station Homeless Services,Union Station Homeless Services - Adult Center,102,,Cook 2
2026-04-16,2026-04-16 07:30:00,2026-04-16 15:30:00,Amgen Thousand Oaks,Amgen Thousand Oaks - Bistro Cafe,105,,Dishwasher
2026-04-16,2026-04-16 07:30:00,2026-04-16 15:30:00,Edwards Lifesciences,Edwards Lifesciences FOH Bldg. C,281,,Barista 1
2026-04-16,2026-04-16 07:30:00,2026-04-16 16:00:00,"Fox Studio Lot, LLC",Fox Studio - Moe's Cafe BoH,105,,Dishwasher
2026-04-16,2026-04-16 08:00:00,2026-04-16 13:50:00,@Elmaleh Catering LLC,@Elmaleh Catering LLC - Offsite,102,Active Carving Stations- Must be customer facing and customer experienced,Cook 2
2026-04-16,2026-04-16 08:00:00,2026-04-16 16:30:00,Beverly Hills Hotel,Beverly Hills Hotel - Main Kitchen,102,,Cook 2
2026-04-16,2026-04-16 08:00:00,2026-04-16 13:30:00,Beverly Hills Unified School District,BHUSD - Beverly Vista Middle School,104,,General
2026-04-16,2026-04-16 08:00:00,2026-04-16 16:30:00,Google Spruce Goose Offices,Google Spruce Goose - Catering Operations,317,Miguel Sanchez ,Captain
2026-04-16,2026-04-16 08:00:00,2026-04-16 14:00:00,Malibu Beach Inn,Malibu Beach Inn - BOH,105,,Dishwasher
2026-04-16,2026-04-16 08:00:00,2026-04-16 16:30:00,PIH Health - Downey Hospital,PIH Health - Downey Hospital,105,,Dishwasher
2026-04-16,2026-04-16 08:00:00,2026-04-16 16:30:00,"Platinum Equity, LLC",Platinum Equity LLC,102,,Cook 2
2026-04-16,2026-04-16 08:00:00,2026-04-16 14:30:00,Santa Clarita Valley Senior Center,Santa Clarita Valley Senior Center,105,,Dishwasher
2026-04-16,2026-04-16 08:30:00,2026-04-16 15:30:00,Disney Studios,Disney Studios | Rotunda Restaurant,99,,Busser
2026-04-16,2026-04-16 08:30:00,2026-04-16 17:00:00,NFL LA Huddle Cafe,NFL LA Huddle Cafe,105,,Dishwasher
2026-04-16,2026-04-16 09:00:00,2026-04-16 15:30:00,Canyon Palm Springs Hotel dba Thompson Palm Springs,Thompson Palm Springs |  FOH,99,,Busser
2026-04-16,2026-04-16 09:00:00,2026-04-16 17:00:00,Malibu Beach Inn,Malibu Beach Inn - BOH,107,Housekeeping,Houseperson
2026-04-16,2026-04-16 09:00:00,2026-04-16 14:00:00,New West Charter School,New West Charter School - ARMACOST Location,115,,Server 2
2026-04-16,2026-04-16 09:00:00,2026-04-16 17:30:00,NFL LA Huddle Cafe,NFL LA Huddle Cafe,105,,Dishwasher
2026-04-16,2026-04-16 09:00:00,2026-04-16 17:30:00,"Platinum Equity, LLC",Platinum Equity LLC,102,,Cook 2
2026-04-16,2026-04-16 09:00:00,2026-04-16 14:00:00,"Taylor Made Cuisine, Inc.","Taylor Made Cuisine, Inc.",102,,Cook 2
2026-04-16,2026-04-16 09:30:00,2026-04-16 15:00:00,Google Spruce Goose Offices,Google Spruce Goose - Cafe,104,Dishwasher - Time to be Discussed ,General
2026-04-16,2026-04-16 10:00:00,2026-04-16 14:30:00,Google Spruce Goose Offices,Google Spruce Goose - Cafe,104,,General
2026-04-16,2026-04-16 10:00:00,2026-04-16 18:30:00,Masimo Technology Cafe,Masimo Technology Cafe | BOH,102,Two week ongoing shift Must work both weeks,Cook 2
2026-04-16,2026-04-16 10:00:00,2026-04-16 16:00:00,Oak View Group at Pasadena Convention Center,Oak View Group at Pasadena Convention Center,115,This event is a plated meal,Server 2
2026-04-16,2026-04-16 10:00:00,2026-04-16 18:30:00,Pitzer College,Pitzer College,102,Dining hall for Eddie S. R/O,Cook 2
2026-04-16,2026-04-16 10:00:00,2026-04-16 14:30:00,Santa Clarita Valley Senior Center,Santa Clarita Valley Senior Center,99,,Busser
2026-04-16,2026-04-16 10:00:00,2026-04-16 15:00:00,Universal Music Group,Universal Music Group,105,,Dishwasher
2026-04-16,2026-04-16 11:00:00,2026-04-16 19:30:00,Crescent Heights Ten Thousand,Crescent Heights Ten Thousand - Butler Department,115,,Server 2
2026-04-16,2026-04-16 11:00:00,2026-04-16 19:30:00,PIH Health - Whittier Hospital,PIH Health - Whittier Hospital,102,,Cook 2
2026-04-16,2026-04-16 11:00:00,2026-04-16 19:00:00,The Vered,The Vered,102,,Cook 2
2026-04-16,2026-04-16 11:00:00,2026-04-16 16:00:00,Union Station Homeless Services,Union Station Homeless Services - Adult Center,110,,Prep Cook 2
2026-04-16,2026-04-16 12:00:00,2026-04-16 20:30:00,Pepperdine University,Pepperdine University - Waves Cafe - Back of House,104,,General
2026-04-16,2026-04-16 12:00:00,2026-04-16 20:30:00,PIH Health - Whittier Hospital,PIH Health - Whittier Hospital,110,,Prep Cook 2
2026-04-16,2026-04-16 12:00:00,2026-04-16 20:30:00,SBLP Warner Center OPCO LLC - The Variel,The Variel of Woodland Hills,102,,Cook 2
2026-04-16,2026-04-16 12:00:00,2026-04-16 18:00:00,Wolfgang Puck Catering,Wolfgang Puck Catering - Hollywood & Highland,102,,Cook 2
2026-04-16,2026-04-16 14:00:00,2026-04-16 22:30:00,Crescent Heights Ten Thousand,Crescent Heights Ten Thousand - Butler Department,115,Butler/Porter,Server 2
2026-04-16,2026-04-16 14:00:00,2026-04-16 22:00:00,Hotel Bel Air,Hotel Bel Air - Swan Cafe,102,,Cook 2
2026-04-16,2026-04-16 14:00:00,2026-04-16 22:30:00,SBLP Warner Center OPCO LLC - The Variel,The Variel of Woodland Hills,105,,Dishwasher
2026-04-16,2026-04-16 14:30:00,2026-04-16 23:00:00,Commerce Casino,Commerce Casino - Employee Dining Room,102,,Cook 2
2026-04-16,2026-04-16 14:30:00,2026-04-16 23:00:00,VH Property Corp. dba Trump National Golf Club Los Angeles,Trump National Golf Course Los Angeles | BOH,102,,Cook 2
2026-04-16,2026-04-16 15:00:00,2026-04-16 23:30:00,Crescent Heights Ten Thousand,Crescent Heights Ten Thousand - Butler Department,115,Butler/Porter,Server 2
2026-04-16,2026-04-16 15:00:00,2026-04-16 22:30:00,Wolfgang Puck Catering,Wolfgang Puck Catering BOH | Offsite,102,,Cook 2
2026-04-16,2026-04-16 15:30:00,2026-04-17 00:00:00,Cedars Sinai Medical Center,Cedars Sinai - Plaza & Cafe,105,,Dishwasher
2026-04-16,2026-04-16 15:30:00,2026-04-16 22:00:00,Malibu Beach Inn,Malibu Beach Inn - BOH,105,,Dishwasher
2026-04-16,2026-04-16 16:00:00,2026-04-16 23:00:00,Canyon Palm Springs Hotel dba Thompson Palm Springs,Thompson Palm Springs |  FOH,99,,Busser
2026-04-16,2026-04-16 16:00:00,2026-04-16 22:00:00,Terra  American Bistro Inc dba Terra Catering and Terra Hospitality Group,@ Terra American Bistro | OFFSITE,98,,Bartender 2
2026-04-16,2026-04-16 17:00:00,2026-04-17 01:30:00,Commerce Casino,Commerce Casino - High Limit Kitchen | FOH | MON - TH,112,with cashier duties,Runner
2026-04-16,2026-04-16 17:00:00,2026-04-16 22:30:00,Griffin Club Los Angeles,Griffin Club Los Angeles,105,,Dishwasher
2026-04-16,2026-04-16 17:00:00,2026-04-17 01:30:00,Pepperdine University,Pepperdine University - HAWC Cafe & Store,102,,Cook 2
2026-04-16,2026-04-16 17:00:00,2026-04-16 22:00:00,Sofitel Los Angeles at Beverly Hills Hotel,Sofitel Los Angeles at Beverly Hills Hotel -  Beverly Foyer | Banquets,115,,Server 2
2026-04-16,2026-04-16 22:00:00,2026-04-17 06:30:00,Commerce Casino,Commerce Casino - Employee Dining Room,102,OVERNIGHT SHIFT,Cook 2
2026-04-16,2026-04-16 22:00:00,2026-04-17 06:30:00,Commerce Casino,Commerce Casino - Employee Dining Room,105,Overnight Shift,Dishwasher
2026-04-17,2026-04-17 05:00:00,2026-04-17 10:00:00,"Broadview, Inc.","@ Broadview, Inc.",102,,Cook 2
2026-04-17,2026-04-17 05:00:00,2026-04-17 13:30:00,Google Spruce Goose Offices,Google Spruce Goose - Catering Operations,102,,Cook 2
2026-04-17,2026-04-17 05:00:00,2026-04-17 13:30:00,People Assisting the Homeless,People Assisting the Homeless - YWCA,102,,Cook 2
2026-04-17,2026-04-17 05:00:00,2026-04-17 13:30:00,PIH Health - Good Samaritan Hospital,PIH Health - Good Samaritan Hospital,290,,Cook 3
2026-04-17,2026-04-17 05:00:00,2026-04-17 13:30:00,PIH Health - Whittier Hospital,PIH Health - Whittier Hospital,110,,Prep Cook 2
2026-04-17,2026-04-17 05:30:00,2026-04-17 11:00:00,Empowered 4 Life Foundation,@ Empowered 4 Life Foundation,110,,Prep Cook 2
2026-04-17,2026-04-17 05:30:00,2026-04-17 14:00:00,Henry Mayo Newhall Hospital,Henry Mayo Newhall Hospital,102,TB and Physical testing  - Must have prior Testing ,Cook 2
2026-04-17,2026-04-17 06:00:00,2026-04-17 13:30:00,Beverly Hills Unified School District,BHUSD - Beverly Hills High School,110,,Prep Cook 2
2026-04-17,2026-04-17 06:00:00,2026-04-17 13:30:00,Beverly Hills Unified School District,BHUSD - Beverly Hills High School,102,,Cook 2
2026-04-17,2026-04-17 06:00:00,2026-04-17 13:45:00,Beverly Hills Unified School District,BHUSD - Beverly Hills High School,104,,General
2026-04-17,2026-04-17 06:00:00,2026-04-17 14:30:00,Commerce Casino,Commerce Casino - High Limit Kitchen | FOH | MON - TH,112,with Cashier role,Runner
2026-04-17,2026-04-17 06:00:00,2026-04-17 14:00:00,Commerce Casino,Commerce Casino - Employee Dining Room,115,,Server 2
2026-04-17,2026-04-17 06:00:00,2026-04-17 12:00:00,Crescent Heights Ten Thousand,Crescent Heights Ten Thousand - Buffet,115,,Server 2
2026-04-17,2026-04-17 06:00:00,2026-04-17 14:30:00,Edwards Lifesciences,Edwards Lifesciences FOH Bldg. C,101,,Cashier
2026-04-17,2026-04-17 06:00:00,2026-04-17 14:30:00,Edwards Lifesciences,Edwards Lifesciences FOH Bldg. C,101,,Cashier
2026-04-17,2026-04-17 06:00:00,2026-04-17 14:30:00,Edwards Lifesciences,Edwards Lifesciences FOH Bldg. C,101,,Cashier
2026-04-17,2026-04-17 06:00:00,2026-04-17 14:30:00,"Fox Studio Lot, LLC",Fox Studio - Commissary,102,,Cook 2
2026-04-17,2026-04-17 06:00:00,2026-04-17 15:00:00,"Fox Studio Lot, LLC",Fox Studio - News Cafe BoH,102,,Cook 2
2026-04-17,2026-04-17 06:00:00,2026-04-17 14:30:00,Martin Luther King Jr Hospital,Martin Luther King Jr. Hospital | BOH,102,,Cook 2
2026-04-17,2026-04-17 06:00:00,2026-04-17 14:30:00,USC Verdugo Hills Hospital,USC Verdugo Hills Hospital,102,,Cook 2
2026-04-17,2026-04-17 06:30:00,2026-04-17 14:30:00,Amgen Thousand Oaks,Amgen Thousand Oaks - Bistro Cafe,102,,Cook 2
2026-04-17,2026-04-17 06:30:00,2026-04-17 15:00:00,Childrens Hospital Los Angeles,Childrens Hospital Los Angeles,105,,Dishwasher
2026-04-17,2026-04-17 06:30:00,2026-04-17 15:00:00,Park Place Plaza,Park Place Plaza,115,with Barista Duties,Server 2
2026-04-17,2026-04-17 06:30:00,2026-04-17 15:00:00,The Archer School for Girls,The Archer School for Girls,102,Read Description Thoroughly,Cook 2
2026-04-17,2026-04-17 06:30:00,2026-04-17 15:00:00,The Archer School for Girls,The Archer School for Girls,290,Read Description Thoroughly,Cook 3
2026-04-17,2026-04-17 07:00:00,2026-04-17 14:00:00,Beverly Hills Unified School District,BHUSD - Beverly Hills High School,105,,Dishwasher
2026-04-17,2026-04-17 07:00:00,2026-04-17 13:30:00,Beverly Hills Unified School District,BHUSD- El Rodeo Elementary,104,,General
2026-04-17,2026-04-17 07:00:00,2026-04-17 14:00:00,Beverly Hills Unified School District,BHUSD - Horace Mann Elementary School,104,,General
2026-04-17,2026-04-17 07:00:00,2026-04-17 15:00:00,Camp Ronald McDonald,Camp Ronald McDonald,105,,Dishwasher
2026-04-17,2026-04-17 07:00:00,2026-04-17 14:30:00,City National Bank,City National Bank - Blue Ladder Cafe,115,,Server 2
2026-04-17,2026-04-17 07:00:00,2026-04-17 14:30:00,Guckenheimer Cafe at Red Bull,Guckenheimer Cafe at Red Bull - Front of House,97,,Barista 2
2026-04-17,2026-04-17 07:00:00,2026-04-17 15:30:00,Martin Luther King Jr Hospital,Martin Luther King Jr. Hospital | BOH,102,,Cook 2
2026-04-17,2026-04-17 07:00:00,2026-04-17 15:30:00,"Platinum Equity, LLC",Platinum Equity LLC,102,,Cook 2
2026-04-17,2026-04-17 07:00:00,2026-04-17 15:30:00,"Platinum Equity, LLC",Platinum Equity LLC,105,,Dishwasher
2026-04-17,2026-04-17 07:00:00,2026-04-17 15:00:00,RAND Corporation,RAND Corporation,102,,Cook 2
2026-04-17,2026-04-17 07:00:00,2026-04-17 15:30:00,The Getty Center,The Getty Center - Cafe,102,,Cook 2
2026-04-17,2026-04-17 07:00:00,2026-04-17 14:00:00,Union Station Homeless Services,Union Station Homeless Services - Adult Center,102,,Cook 2
2026-04-17,2026-04-17 07:00:00,2026-04-17 15:30:00,Union Station Homeless Services,Union Station Homeless Services - Adult Center,102,,Cook 2
2026-04-17,2026-04-17 07:00:00,2026-04-17 15:30:00,Wolfgang Puck Catering,Wolfgang Puck Catering - Hollywood & Highland,110,,Prep Cook 2
2026-04-17,2026-04-17 07:00:00,2026-04-17 15:30:00,Wolfgang Puck Catering,Wolfgang Puck Catering - Hollywood & Highland,102,,Cook 2
2026-04-17,2026-04-17 07:30:00,2026-04-17 16:00:00,Amgen Thousand Oaks,Amgen Thousand Oaks - Terrace Cafe,105,,Dishwasher
2026-04-17,2026-04-17 07:30:00,2026-04-17 15:30:00,Amgen Thousand Oaks,Amgen Thousand Oaks - Bistro Cafe,105,,Dishwasher
2026-04-17,2026-04-17 07:30:00,2026-04-17 14:30:00,Edwards Lifesciences,Edwards Lifesciences FOH Bldg. C,97,,Barista 2
2026-04-17,2026-04-17 07:30:00,2026-04-17 16:00:00,"Fox Studio Lot, LLC",Fox Studio - Moe's Cafe BoH,105,,Dishwasher
2026-04-17,2026-04-17 08:00:00,2026-04-17 13:50:00,@Elmaleh Catering LLC,@Elmaleh Catering LLC - Offsite,102,Active Carving Stations- Must be customer facing and customer experienced,Cook 2
2026-04-17,2026-04-17 08:00:00,2026-04-17 14:00:00,Beverly Hills Unified School District,BHUSD - Beverly Vista Middle School,104,,General
2026-04-17,2026-04-17 08:00:00,2026-04-17 16:00:00,Hotel Bel Air,Hotel Bel Air - Main Kitchen,110,,Prep Cook 2
2026-04-17,2026-04-17 08:00:00,2026-04-17 15:00:00,Malibu Beach Inn,Malibu Beach Inn - BOH,105,,Dishwasher
2026-04-17,2026-04-17 08:00:00,2026-04-17 16:30:00,"Platinum Equity, LLC",Platinum Equity LLC,102,,Cook 2
2026-04-17,2026-04-17 08:00:00,2026-04-17 14:30:00,Santa Clarita Valley Senior Center,Santa Clarita Valley Senior Center,105,,Dishwasher
2026-04-17,2026-04-17 08:00:00,2026-04-17 16:00:00,SBLP Warner Center OPCO LLC - The Variel,The Variel of Woodland Hills,105,,Dishwasher
2026-04-17,2026-04-17 08:00:00,2026-04-17 16:30:00,Union Station Homeless Services,Union Station Homeless Services - Adult Center,102,URGENT,Cook 2
2026-04-17,2026-04-17 08:00:00,2026-04-17 16:30:00,VH Property Corp. dba Trump National Golf Club Los Angeles,Trump National Golf Course Los Angeles | BOH,105,,Dishwasher
2026-04-17,2026-04-17 08:30:00,2026-04-17 17:00:00,"Platinum Equity, LLC",Platinum Equity LLC,102,,Cook 2
2026-04-17,2026-04-17 09:00:00,2026-04-17 15:00:00,Google Spruce Goose Offices,Google Spruce Goose - Cafe,104,Juan Jimenez,General
2026-04-17,2026-04-17 09:00:00,2026-04-17 17:00:00,Malibu Beach Inn,Malibu Beach Inn - BOH,107,Housekeeping,Houseperson
2026-04-17,2026-04-17 09:00:00,2026-04-17 14:00:00,New West Charter School,New West Charter School - ARMACOST Location,115,,Server 2
2026-04-17,2026-04-17 09:30:00,2026-04-17 15:00:00,Google Spruce Goose Offices,Google Spruce Goose - Cafe,104,Dishwasher - Time to be Discussed ,General
2026-04-17,2026-04-17 10:00:00,2026-04-17 18:30:00,Griffin Club Los Angeles,Griffin Club Los Angeles,102,,Cook 2
2026-04-17,2026-04-17 10:00:00,2026-04-17 18:30:00,Masimo Technology Cafe,Masimo Technology Cafe | BOH,102,Two week ongoing shift Must work both weeks,Cook 2
2026-04-17,2026-04-17 10:00:00,2026-04-17 18:30:00,SBLP Warner Center OPCO LLC - The Variel,The Variel of Woodland Hills,102,,Cook 2
2026-04-17,2026-04-17 10:00:00,2026-04-17 18:30:00,The Garland,The Garland,102,,Cook 2
2026-04-17,2026-04-17 10:30:00,2026-04-17 17:00:00,VH Property Corp. dba Trump National Golf Club Los Angeles,Trump National Golf Course Los Angeles | Vista Grill,102,,Cook 2
2026-04-17,2026-04-17 11:00:00,2026-04-17 19:30:00,PIH Health - Whittier Hospital,PIH Health - Whittier Hospital,102,,Cook 2
2026-04-17,2026-04-17 11:00:00,2026-04-17 17:30:00,Sand Hill Kitchen,Sand Hill Kitchen | Quad Conference Center,285,,Server 1
2026-04-17,2026-04-17 11:00:00,2026-04-17 16:00:00,Union Station Homeless Services,Union Station Homeless Services - Adult Center,110,,Prep Cook 2
2026-04-17,2026-04-17 11:00:00,2026-04-17 19:30:00,University Village Thousand Oaks,University Village Thousand Oaks ,102,,Cook 2
2026-04-17,2026-04-17 11:45:00,2026-04-17 16:00:00,Newport Harbor Yacht Club,Newport Harbor Yacht Club | Banquets,105,URGENT - Heavy Lifting - Read Description,Dishwasher
2026-04-17,2026-04-17 12:00:00,2026-04-17 20:30:00,Crescent Heights Ten Thousand,Crescent Heights Ten Thousand - Butler Department,115,Butler/Porter,Server 2
2026-04-17,2026-04-17 12:00:00,2026-04-17 20:30:00,Pepperdine University,Pepperdine University - Waves Cafe - Back of House,104,,General
2026-04-17,2026-04-17 12:00:00,2026-04-17 20:30:00,SBLP Warner Center OPCO LLC - The Variel,The Variel of Woodland Hills,102,,Cook 2
2026-04-17,2026-04-17 13:30:00,2026-04-17 19:30:00,The Vered,The Vered,102,TB and LIVE Scan Required - Ongoing Shift - Do not publish,Cook 2
2026-04-17,2026-04-17 14:00:00,2026-04-17 22:30:00,Commerce Casino,Commerce Casino - High Limit Kitchen | BOH,102,,Cook 2
2026-04-17,2026-04-17 14:00:00,2026-04-17 22:00:00,Hotel Bel Air,Hotel Bel Air - Swan Cafe,102,,Cook 2
2026-04-17,2026-04-17 14:00:00,2026-04-17 22:30:00,"Lido House, Autograph Collection","Lido House, Autograph Collection",110,,Prep Cook 2
2026-04-17,2026-04-17 14:00:00,2026-04-17 22:30:00,Martin Luther King Jr Hospital,Martin Luther King Jr. Hospital | BOH,102,,Cook 2
2026-04-17,2026-04-17 14:00:00,2026-04-17 22:30:00,SBLP Warner Center OPCO LLC - The Variel,The Variel of Woodland Hills,105,,Dishwasher
2026-04-17,2026-04-17 14:30:00,2026-04-17 22:00:00,"Nowsta Labor Marketplace, LLC",Legends - Angel Stadium,264,,Event Supervisor
2026-04-17,2026-04-17 14:30:00,2026-04-17 23:00:00,VH Property Corp. dba Trump National Golf Club Los Angeles,Trump National Golf Course Los Angeles | BOH,102,,Cook 2
2026-04-17,2026-04-17 15:00:00,2026-04-17 23:30:00,Commerce Casino,Commerce Casino - Employee Dining Room,102,,Cook 2
2026-04-17,2026-04-17 15:00:00,2026-04-17 23:30:00,Crescent Heights Ten Thousand,Crescent Heights Ten Thousand - Butler Department,115,Butler/Porter,Server 2
2026-04-17,2026-04-17 15:00:00,2026-04-17 22:30:00,Griffin Club Los Angeles,Griffin Club Los Angeles,102,,Cook 2
2026-04-17,2026-04-17 15:15:00,2026-04-17 21:00:00,"Nowsta Labor Marketplace, LLC",Legends - Angel Stadium,229,,Concessions Worker
2026-04-17,2026-04-17 15:30:00,2026-04-17 22:00:00,Glen Arden Club,Glen Arden Club,115,,Server 2
2026-04-17,2026-04-17 15:30:00,2026-04-17 23:00:00,Malibu Beach Inn,Malibu Beach Inn - BOH,105,,Dishwasher
2026-04-17,2026-04-17 15:30:00,2026-04-17 22:00:00,Wolfgang Puck Catering,Wolfgang Puck Catering - Hollywood & Highland,102,,Cook 2
2026-04-17,2026-04-17 15:30:00,2026-04-17 22:00:00,Wolfgang Puck Catering,Wolfgang Puck Catering - Hollywood & Highland,110,,Prep Cook 2
2026-04-17,2026-04-17 17:00:00,2026-04-18 01:30:00,Commerce Casino,Commerce Casino - High Limit Kitchen | FOH | MON - TH,112,with cashier duties,Runner
2026-04-17,2026-04-17 17:00:00,2026-04-17 22:30:00,Griffin Club Los Angeles,Griffin Club Los Angeles,105,,Dishwasher
2026-04-17,2026-04-17 17:00:00,2026-04-18 01:30:00,Pepperdine University,Pepperdine University - HAWC Cafe & Store,102,,Cook 2
2026-04-17,2026-04-17 17:00:00,2026-04-18 01:00:00,The Garland,The Garland,104,this is for stewarding ,General
2026-04-17,2026-04-17 22:00:00,2026-04-18 06:00:00,Commerce Casino,Commerce Casino - Employee Dining Room,115,FOH Attendant | Overnight Shift,Server 2
2026-04-17,2026-04-17 22:00:00,2026-04-18 06:30:00,Commerce Casino,Commerce Casino - Employee Dining Room,102,OVERNIGHT SHIFT,Cook 2
2026-04-18,2026-04-18 05:00:00,2026-04-18 13:30:00,People Assisting the Homeless,People Assisting the Homeless - YWCA,102,,Cook 2
2026-04-18,2026-04-18 05:30:00,2026-04-18 14:30:00,"Fox Studio Lot, LLC",Fox Studio - Moe's Cafe BoH,102,,Cook 2
2026-04-18,2026-04-18 06:00:00,2026-04-18 14:00:00,Camp Ronald McDonald,Camp Ronald McDonald,105,,Dishwasher
2026-04-18,2026-04-18 06:00:00,2026-04-18 14:30:00,Commerce Casino,Commerce Casino - High Limit Kitchen | FOH | MON - TH,112,with Cashier role,Runner
2026-04-18,2026-04-18 06:00:00,2026-04-18 14:30:00,"Fox Studio Lot, LLC",Fox Studio - Moe's Cafe BoH,102,,Cook 2
2026-04-18,2026-04-18 06:00:00,2026-04-18 14:30:00,"Fox Studio Lot, LLC",Fox Studio - Moe's Cafe BoH,102,,Cook 2
2026-04-18,2026-04-18 06:00:00,2026-04-18 14:30:00,The Getty Center,The Getty Center - Cafe,110,Strong Production Cooks Needed,Prep Cook 2
2026-04-18,2026-04-18 06:30:00,2026-04-18 15:00:00,Childrens Hospital Los Angeles,Childrens Hospital Los Angeles,105,,Dishwasher
2026-04-18,2026-04-18 06:30:00,2026-04-18 14:30:00,"Fox Studio Lot, LLC",Fox Studio - Moe's Cafe FoH,99,,Busser
2026-04-18,2026-04-18 06:30:00,2026-04-18 16:00:00,SBLP Warner Center OPCO LLC - The Variel,The Variel of Woodland Hills,105,,Dishwasher
2026-04-18,2026-04-18 07:00:00,2026-04-18 15:30:00,"Fox Studio Lot, LLC",Fox Studio - Moe's Cafe BoH,105,,Dishwasher
2026-04-18,2026-04-18 07:00:00,2026-04-18 15:00:00,Malibu Beach Inn,Malibu Beach Inn - BOH,105,,Dishwasher
2026-04-18,2026-04-18 07:00:00,2026-04-18 15:00:00,Marina Del Rey Marriott,Marina Del Rey Marriott,105,,Dishwasher
2026-04-18,2026-04-18 07:00:00,2026-04-18 15:30:00,Mount Saint Mary's University,Mount Saint Mary's University - Doheny Campus,102,,Cook 2
2026-04-18,2026-04-18 07:00:00,2026-04-18 15:00:00,Newport Harbor Yacht Club,Newport Harbor Yacht Club | Banquets,105,Heavy Lifting - Read Description,Dishwasher
2026-04-18,2026-04-18 07:00:00,2026-04-18 15:30:00,The Getty Center,The Getty Center - Cafe,102,Strong Line Cook Needed,Cook 2
2026-04-18,2026-04-18 07:00:00,2026-04-18 15:30:00,Union Station Homeless Services,Union Station Homeless Services - Adult Center,102,,Cook 2
2026-04-18,2026-04-18 07:30:00,2026-04-18 13:30:00,Apricot Lane Farms,@ Apricot Lane Farms,102,$50.00 Flat Travel Pay for this Event,Cook 2
2026-04-18,2026-04-18 07:30:00,2026-04-18 08:30:00,Apricot Lane Farms,@ Apricot Lane Farms,300,Flat Rate $50 Travel,Travel
2026-04-18,2026-04-18 08:00:00,2026-04-18 16:00:00,Hotel Bel Air,Hotel Bel Air - Main Kitchen,110,,Prep Cook 2
2026-04-18,2026-04-18 08:00:00,2026-04-18 16:30:00,PIH Health - Downey Hospital,PIH Health - Downey Hospital,105,,Dishwasher
2026-04-18,2026-04-18 08:00:00,2026-04-18 16:00:00,The Garland,The Garland,102,,Cook 2
2026-04-18,2026-04-18 09:00:00,2026-04-18 15:00:00,Cedars Sinai Medical Center,Cedars Sinai - Plaza & Cafe,105,Utility,Dishwasher
2026-04-18,2026-04-18 09:00:00,2026-04-18 17:00:00,Malibu Beach Inn,Malibu Beach Inn - BOH,107,Housekeeping,Houseperson
2026-04-18,2026-04-18 10:00:00,2026-04-18 19:30:00,@Palm Springs Surf Club,@Palm Springs Surf Club- Atrium,107,Busser for Main Restaurant ,Houseperson
2026-04-18,2026-04-18 10:00:00,2026-04-18 19:30:00,@Palm Springs Surf Club,@Palm Springs Surf Club- Atrium,115,,Server 2
2026-04-18,2026-04-18 10:00:00,2026-04-18 18:30:00,Four Seasons Hotel Westlake Village,Four Seasons Hotel Westlake Village ,102,pastry experience preferred,Cook 2
2026-04-18,2026-04-18 10:00:00,2026-04-18 18:30:00,Griffin Club Los Angeles,Griffin Club Los Angeles,102,,Cook 2
2026-04-18,2026-04-18 10:30:00,2026-04-18 19:30:00,@Palm Springs Surf Club,@Palm Springs Surf Club- Atrium,98,,Bartender 2
2026-04-18,2026-04-18 10:30:00,2026-04-18 14:30:00,Judd's Catering ,@Judd's Catering,115,,Server 2
2026-04-18,2026-04-18 10:30:00,2026-04-18 14:30:00,Judd's Catering ,@Judd's Catering,98,,Bartender 2
2026-04-18,2026-04-18 10:30:00,2026-04-18 17:00:00,VH Property Corp. dba Trump National Golf Club Los Angeles,Trump National Golf Course Los Angeles | Vista Grill,102,,Cook 2
2026-04-18,2026-04-18 11:00:00,2026-04-18 19:00:00,Hotel Bel Air,Hotel Bel Air - Stewards,104,Steward,General
2026-04-18,2026-04-18 11:00:00,2026-04-18 15:00:00,Private - Beth Moskovitz,@ Private - Beth Moskovitz,280,,Bartender 3
2026-04-18,2026-04-18 11:00:00,2026-04-18 15:00:00,Private - Beth Moskovitz,@ Private - Beth Moskovitz,287,Busser,Server 3
2026-04-18,2026-04-18 11:00:00,2026-04-18 17:00:00,The Valley Hunt Club,The Valley Hunt Club,115,,Server 2
2026-04-18,2026-04-18 11:00:00,2026-04-18 19:30:00,VH Property Corp. dba Trump National Golf Club Los Angeles,Trump National Golf Course Los Angeles | BOH,102,,Cook 2
2026-04-18,2026-04-18 12:00:00,2026-04-18 20:30:00,Childrens Hospital Los Angeles,Childrens Hospital Los Angeles,104,Food Service Worker,General
2026-04-18,2026-04-18 12:00:00,2026-04-18 20:30:00,SBLP Warner Center OPCO LLC - The Variel,The Variel of Woodland Hills,102,,Cook 2
2026-04-18,2026-04-18 12:00:00,2026-04-18 20:30:00,The Garland,The Garland,102,,Cook 2
2026-04-18,2026-04-18 12:00:00,2026-04-18 20:30:00,USC Verdugo Hills Hospital,USC Verdugo Hills Hospital,105,,Dishwasher
2026-04-18,2026-04-18 12:30:00,2026-04-18 21:00:00,JW Marriott L.A. Live,JW Marriott L.A. Live Banquets,102,,Cook 2
2026-04-18,2026-04-18 13:00:00,2026-04-18 18:45:00,@Palm Springs Surf Club,@Palm Springs Surf Club- Atrium,104,Grounds and steward role duties | bilingual is a plus,General
2026-04-18,2026-04-18 13:00:00,2026-04-18 21:30:00,Crescent Heights Ten Thousand,Crescent Heights Ten Thousand - Butler Department,115,Butler/Porter,Server 2
2026-04-18,2026-04-18 13:00:00,2026-04-18 21:30:00,Pepperdine University,Pepperdine University - Waves Cafe - Front of House,115,,Server 2
2026-04-18,2026-04-18 13:30:00,2026-04-18 22:00:00,Gourmet Gatherings LLC. | Cutting Edge,@Cutting Edge Catering,110,,Prep Cook 2
2026-04-18,2026-04-18 13:30:00,2026-04-18 22:00:00,Griffin Club Los Angeles,Griffin Club Los Angeles,98,,Bartender 2
2026-04-18,2026-04-18 13:30:00,2026-04-18 22:00:00,JW Marriott L.A. Live,JW Marriott L.A. Live Banquets,102,,Cook 2
2026-04-18,2026-04-18 13:30:00,2026-04-18 18:30:00,The Acresti Group LLC,@ The Acresti Group LLC - Offsite,102,,Cook 2
2026-04-18,2026-04-18 13:30:00,2026-04-18 18:30:00,The Acresti Group LLC,@ The Acresti Group LLC - Offsite,102,,Cook 2
2026-04-18,2026-04-18 13:30:00,2026-04-18 18:30:00,The Acresti Group LLC,@ The Acresti Group LLC - Offsite,102,,Cook 2
2026-04-18,2026-04-18 13:30:00,2026-04-18 19:30:00,The Vered,The Vered,102,TB and LIVE Scan Required - Ongoing Shift - Do not publish,Cook 2
2026-04-18,2026-04-18 14:00:00,2026-04-18 22:30:00,Commerce Casino,Commerce Casino - High Limit Kitchen | BOH,102,,Cook 2
2026-04-18,2026-04-18 14:00:00,2026-04-18 23:30:00,Country Market Catering Inc dba Contemporary Catering,@ Contemporary Catering,102,"NO STRIPPED CHEF PANTS, MUST BE ALL BLACK",Cook 2
2026-04-18,2026-04-18 14:00:00,2026-04-18 23:30:00,Country Market Catering Inc dba Contemporary Catering,@ Contemporary Catering,98,WHITE Button DOWN Long Sleeve,Bartender 2
2026-04-18,2026-04-18 14:00:00,2026-04-18 22:00:00,DMC Staff Inc.,@ DMC Staff Inc - Offsite,110,Kitchen Assistant,Prep Cook 2
2026-04-18,2026-04-18 14:00:00,2026-04-18 22:00:00,Gourmet Gatherings LLC. | Cutting Edge,@Cutting Edge Catering,115,,Server 2
2026-04-18,2026-04-18 14:00:00,2026-04-18 22:30:00,Martin Luther King Jr Hospital,Martin Luther King Jr. Hospital | BOH,102,,Cook 2
2026-04-18,2026-04-18 14:00:00,2026-04-18 22:30:00,SBLP Warner Center OPCO LLC - The Variel,The Variel of Woodland Hills,105,,Dishwasher
2026-04-18,2026-04-18 14:00:00,2026-04-18 22:00:00,Viceroy Santa Monica Hotel,Viceroy Santa Monica Hotel,264,,Event Supervisor
2026-04-18,2026-04-18 14:30:00,2026-04-18 23:30:00,Country Market Catering Inc dba Contemporary Catering,@ Contemporary Catering,115,WHITE BUTTON DOWN,Server 2
2026-04-18,2026-04-18 14:30:00,2026-04-19 00:30:00,Country Market Catering Inc dba Contemporary Catering,@ Contemporary Catering,102,,Cook 2
2026-04-18,2026-04-18 14:30:00,2026-04-18 23:00:00,VH Property Corp. dba Trump National Golf Club Los Angeles,Trump National Golf Course Los Angeles | BOH,102,,Cook 2
2026-04-18,2026-04-18 14:30:00,2026-04-18 21:00:00,Wolfgang Puck Catering,Wolfgang Puck Catering - Hollywood & Highland,102,BONUS Pay Rate,Cook 2
2026-04-18,2026-04-18 14:30:00,2026-04-18 21:00:00,Wolfgang Puck Catering,Wolfgang Puck Catering - Hollywood & Highland,110,BONUS PAY Rate SHIFT,Prep Cook 2
2026-04-18,2026-04-18 15:00:00,2026-04-18 23:00:00,Bite Catering Couture,@ Bite Catering Couture,102,,Cook 2
2026-04-18,2026-04-18 15:00:00,2026-04-18 23:00:00,Bite Catering Couture,@Bite Catering Couture | 440 Elm,102,,Cook 2
2026-04-18,2026-04-18 15:00:00,2026-04-18 23:30:00,Commerce Casino,Commerce Casino - Employee Dining Room,102,,Cook 2
2026-04-18,2026-04-18 15:00:00,2026-04-18 23:00:00,DMC Staff Inc.,@ DMC Staff Inc - Offsite,110,Kitchen Assistant,Prep Cook 2
2026-04-18,2026-04-18 15:00:00,2026-04-18 21:00:00,Ebell of Los Angeles,Ebell of Los Angeles - Saturday - FOH,115,WPA SERVER,Server 2
2026-04-18,2026-04-18 15:00:00,2026-04-18 19:00:00,"Taylor Made Cuisine, Inc.","Taylor Made Cuisine, Inc.",102,,Cook 2
2026-04-18,2026-04-18 15:30:00,2026-04-19 00:30:00,Country Market Catering Inc dba Contemporary Catering,@ Contemporary Catering,98,White Button Down,Bartender 2
2026-04-18,2026-04-18 15:30:00,2026-04-19 00:30:00,Country Market Catering Inc dba Contemporary Catering,@ Contemporary Catering,115,White Button Down,Server 2
2026-04-18,2026-04-18 15:30:00,2026-04-18 23:00:00,Malibu Beach Inn,Malibu Beach Inn - BOH,105,,Dishwasher
2026-04-18,2026-04-18 15:30:00,2026-04-19 00:00:00,VH Property Corp. dba Trump National Golf Club Los Angeles,Trump National Golf Course Los Angeles | BOH,102,,Cook 2
2026-04-18,2026-04-18 15:30:00,2026-04-19 00:00:00,Vibiana Events and Redbird Events,@ Vibiana,98,,Bartender 2
2026-04-18,2026-04-18 16:00:00,2026-04-18 23:00:00,Garibaldina Society ,Garibaldina Society,102,,Cook 2
2026-04-18,2026-04-18 16:00:00,2026-04-18 23:00:00,Garibaldina Society ,Garibaldina Society,102,,Cook 2
2026-04-18,2026-04-18 16:00:00,2026-04-18 23:45:00,Garibaldina Society ,Garibaldina Society,264,,Event Supervisor
2026-04-18,2026-04-18 16:00:00,2026-04-19 00:00:00,Good Gracious Events Inc.,Good Gracious Events,102,,Cook 2
2026-04-18,2026-04-18 16:00:00,2026-04-19 00:30:00,"Manhattan Beach Hotel TRS LLC., dba Westdrift Manhattan Beach",Manhattan Beach Hotel | Banquet,264,,Event Supervisor
2026-04-18,2026-04-18 16:00:00,2026-04-18 22:00:00,NORR Kitchen,@ NORR Kitchen | OFFSITE EVENT,98,,Bartender 2
2026-04-18,2026-04-18 16:00:00,2026-04-18 20:00:00,"Taylor Made Cuisine, Inc.","Taylor Made Cuisine, Inc.",115,,Server 2
2026-04-18,2026-04-18 16:00:00,2026-04-19 23:00:00,Vibiana Events and Redbird Events,@ Vibiana,115,,Server 2
2026-04-18,2026-04-18 16:00:00,2026-04-19 00:00:00,VP Op Co LLC | The Aster LA,The Aster Los Angeles,105,,Dishwasher
2026-04-18,2026-04-18 16:30:00,2026-04-18 22:00:00,Ebell of Los Angeles,Ebell of Los Angeles - Saturday - FOH,115,Busser,Server 2
2026-04-18,2026-04-18 16:30:00,2026-04-18 23:15:00,Garibaldina Society ,Garibaldina Society,115,,Server 2
2026-04-18,2026-04-18 16:45:00,2026-04-18 22:00:00,Los Angeles LGBT Center,LA LGBT Center | Events,115,,Server 2
2026-04-18,2026-04-18 16:45:00,2026-04-18 22:00:00,Los Angeles LGBT Center,LA LGBT Center | Events,98,,Bartender 2
2026-04-18,2026-04-18 17:00:00,2026-04-19 01:30:00,Commerce Casino,Commerce Casino - High Limit Kitchen | FOH | MON - TH,112,with cashier duties,Runner
2026-04-18,2026-04-18 17:00:00,2026-04-18 22:30:00,Griffin Club Los Angeles,Griffin Club Los Angeles,105,,Dishwasher
2026-04-18,2026-04-18 17:00:00,2026-04-19 01:00:00,Marina Del Rey Marriott,Marina Del Rey Marriott,105,,Dishwasher
2026-04-18,2026-04-18 17:00:00,2026-04-19 01:30:00,Pepperdine University,Pepperdine University - HAWC Cafe & Store,102,,Cook 2
2026-04-18,2026-04-18 17:30:00,2026-04-19 00:00:00,Avalon Hollywood,Avalon Hollywood - FOH,115,,Server 2
2026-04-18,2026-04-18 17:30:00,2026-04-18 22:00:00,NORR Kitchen,@ NORR Kitchen | OFFSITE EVENT,273,,Sous Chef 2
2026-04-18,2026-04-18 17:30:00,2026-04-19 00:30:00,Wolfgang Puck Catering,Wolfgang Puck Catering - Temple | AIP,105,,Dishwasher
2026-04-18,2026-04-18 17:45:00,2026-04-18 23:30:00,Garibaldina Society ,Garibaldina Society,96,,Barback
2026-04-18,2026-04-18 17:45:00,2026-04-18 23:30:00,Garibaldina Society ,Garibaldina Society,99,,Busser
2026-04-18,2026-04-18 17:45:00,2026-04-18 23:30:00,Garibaldina Society ,Garibaldina Society,105,,Dishwasher
2026-04-18,2026-04-18 18:30:00,2026-04-19 00:30:00,Ebell of Los Angeles,Ebell of Los Angeles - Back of House,105,,Dishwasher
2026-04-18,2026-04-18 19:00:00,2026-04-18 23:45:00,Garibaldina Society ,Garibaldina Society,105,,Dishwasher
2026-04-18,2026-04-18 22:00:00,2026-04-19 06:00:00,Commerce Casino,Commerce Casino - Employee Dining Room,115,FOH Attendant | Overnight Shift,Server 2
2026-04-18,2026-04-18 22:00:00,2026-04-19 06:30:00,Commerce Casino,Commerce Casino - Employee Dining Room,102,OVERNIGHT SHIFT,Cook 2
2026-04-19,2026-04-19 05:00:00,2026-04-19 13:30:00,People Assisting the Homeless,People Assisting the Homeless - YWCA,102,,Cook 2
2026-04-19,2026-04-19 05:00:00,2026-04-19 13:30:00,PIH Health - Whittier Hospital,PIH Health - Whittier Hospital,110,,Prep Cook 2
2026-04-19,2026-04-19 05:00:00,2026-04-19 13:30:00,PIH Health - Whittier Hospital,PIH Health - Whittier Hospital,102,,Cook 2
2026-04-19,2026-04-19 06:00:00,2026-04-19 14:30:00,"Fox Studio Lot, LLC",Fox Studio - Moe's Cafe BoH,102,,Cook 2
2026-04-19,2026-04-19 06:00:00,2026-04-19 14:30:00,"Fox Studio Lot, LLC",Fox Studio - Moe's Cafe BoH,102,,Cook 2
2026-04-19,2026-04-19 06:00:00,2026-04-19 12:00:00,SBLP Warner Center OPCO LLC - The Variel,The Variel of Woodland Hills,102,,Cook 2
2026-04-19,2026-04-19 06:00:00,2026-04-19 14:30:00,The Getty Center,The Getty Center - Cafe,110,Strong Production Prep Needed,Prep Cook 2
2026-04-19,2026-04-19 06:30:00,2026-04-19 15:00:00,Childrens Hospital Los Angeles,Childrens Hospital Los Angeles,105,,Dishwasher
2026-04-19,2026-04-19 06:30:00,2026-04-19 14:30:00,"Fox Studio Lot, LLC",Fox Studio - Moe's Cafe FoH,99,,Busser
2026-04-19,2026-04-19 07:00:00,2026-04-19 15:00:00,Malibu Beach Inn,Malibu Beach Inn - BOH,105,,Dishwasher
2026-04-19,2026-04-19 07:00:00,2026-04-19 15:00:00,Marina Del Rey Marriott,Marina Del Rey Marriott,105,,Dishwasher
2026-04-19,2026-04-19 07:00:00,2026-04-19 15:00:00,Netflix,Netflix - NOV - WPC- Catering Service,110,,Prep Cook 2
2026-04-19,2026-04-19 07:00:00,2026-04-19 15:00:00,Newport Harbor Yacht Club,Newport Harbor Yacht Club | Banquets,105,Heavy Lifting - Read Description,Dishwasher
2026-04-19,2026-04-19 07:00:00,2026-04-19 15:30:00,The Getty Center,The Getty Center - Cafe,102,Strong Line Cook Needed,Cook 2
2026-04-19,2026-04-19 07:00:00,2026-04-19 15:30:00,Union Station Homeless Services,Union Station Homeless Services - Adult Center,102,,Cook 2
2026-04-19,2026-04-19 07:00:00,2026-04-19 15:30:00,VH Property Corp. dba Trump National Golf Club Los Angeles,Trump National Golf Course Los Angeles | BOH,102,,Cook 2
2026-04-19,2026-04-19 08:00:00,2026-04-19 16:30:00,Beverly Hills Hotel,Beverly Hills Hotel - Main Kitchen,102,,Cook 2
2026-04-19,2026-04-19 08:00:00,2026-04-19 16:00:00,Hotel Bel Air,Hotel Bel Air - Main Kitchen,110,,Prep Cook 2
2026-04-19,2026-04-19 08:00:00,2026-04-19 16:30:00,Oak View Group at Pasadena Convention Center,Oak View Group at Pasadena Convention Center,110,,Prep Cook 2
2026-04-19,2026-04-19 08:00:00,2026-04-19 16:30:00,PIH Health - Downey Hospital,PIH Health - Downey Hospital,105,,Dishwasher
2026-04-19,2026-04-19 08:00:00,2026-04-19 16:30:00,VH Property Corp. dba Trump National Golf Club Los Angeles,Trump National Golf Course Los Angeles | BOH,105,,Dishwasher
2026-04-19,2026-04-19 08:00:00,2026-04-19 14:00:00,West Angeles Church of God in Christ Inc,West Angeles Church of God,115,,Server 2
2026-04-19,2026-04-19 09:00:00,2026-04-19 15:30:00,Academy Museum of Motion Pictures,Academy Museum of Motion Pictures - Fanny's Restaurant,102,,Cook 2
2026-04-19,2026-04-19 09:00:00,2026-04-19 17:30:00,"Beverly Hills Acquisition, LLC dba Maybourne Beverly Hills",Maybourne Beverly Hills,102,,Cook 2
2026-04-19,2026-04-19 09:00:00,2026-04-19 15:00:00,Cedars Sinai Medical Center,Cedars Sinai - Plaza & Cafe,105,Utility,Dishwasher
2026-04-19,2026-04-19 09:00:00,2026-04-19 17:00:00,Malibu Beach Inn,Malibu Beach Inn - BOH,107,Housekeeping,Houseperson
2026-04-19,2026-04-19 10:00:00,2026-04-19 19:30:00,@Palm Springs Surf Club,@Palm Springs Surf Club- Atrium,115,,Server 2
2026-04-19,2026-04-19 10:00:00,2026-04-19 19:30:00,@Palm Springs Surf Club,@Palm Springs Surf Club- Atrium,107,Busser for Main Restaurant,Houseperson
2026-04-19,2026-04-19 10:00:00,2026-04-19 18:30:00,Four Seasons Hotel Westlake Village,Four Seasons Hotel Westlake Village ,102,pastry experience preferred,Cook 2
2026-04-19,2026-04-19 10:00:00,2026-04-19 16:00:00,"Fox Studio Lot, LLC",Fox Studio - Commissary,102,,Cook 2
2026-04-19,2026-04-19 10:00:00,2026-04-19 18:30:00,Griffin Club Los Angeles,Griffin Club Los Angeles,102,,Cook 2
2026-04-19,2026-04-19 10:00:00,2026-04-19 18:00:00,SBLP Warner Center OPCO LLC - The Variel,The Variel of Woodland Hills,102,,Cook 2
2026-04-19,2026-04-19 10:30:00,2026-04-19 19:30:00,@Palm Springs Surf Club,@Palm Springs Surf Club- Atrium,98,,Bartender 2
2026-04-19,2026-04-19 10:30:00,2026-04-19 19:00:00,Mount Saint Mary's University,Mount Saint Mary's University - Doheny Campus,102,,Cook 2
2026-04-19,2026-04-19 10:30:00,2026-04-19 17:00:00,VH Property Corp. dba Trump National Golf Club Los Angeles,Trump National Golf Course Los Angeles | Vista Grill,102,,Cook 2
2026-04-19,2026-04-19 12:00:00,2026-04-19 20:30:00,Childrens Hospital Los Angeles,Childrens Hospital Los Angeles,104,Food Service Worker,General
2026-04-19,2026-04-19 12:00:00,2026-04-19 16:00:00,Private - Beth Moskovitz,@ Private - Beth Moskovitz,287,Busser,Server 3
2026-04-19,2026-04-19 12:00:00,2026-04-19 16:00:00,Private - Beth Moskovitz,@ Private - Beth Moskovitz,280,,Bartender 3
2026-04-19,2026-04-19 13:00:00,2026-04-19 18:45:00,@Palm Springs Surf Club,@Palm Springs Surf Club- Atrium,104,Grounds and steward role duties | bilingual is a plus,General
2026-04-19,2026-04-19 13:00:00,2026-04-19 21:30:00,Crescent Heights Ten Thousand,Crescent Heights Ten Thousand - Butler Department,115,Butler/Porter,Server 2
2026-04-19,2026-04-19 13:30:00,2026-04-19 22:00:00,Griffin Club Los Angeles,Griffin Club Los Angeles,98,,Bartender 2
2026-04-19,2026-04-19 13:30:00,2026-04-19 19:30:00,The Vered,The Vered,102,TB and LIVE Scan Required - Ongoing Shift - Do not publish,Cook 2
2026-04-19,2026-04-19 14:00:00,2026-04-19 22:30:00,Blue Devils Lessee LLC | Hyatt Centric Delfina Santa Monica,Hyatt Centric Delfina Santa Monica,264,Ongoing Assignment - Read description before signing up,Event Supervisor
2026-04-19,2026-04-19 14:00:00,2026-04-19 22:30:00,Commerce Casino,Commerce Casino - High Limit Kitchen | BOH,102,,Cook 2
2026-04-19,2026-04-19 14:00:00,2026-04-19 22:00:00,Hotel Bel Air,Hotel Bel Air - Swan Cafe,102,,Cook 2
2026-04-19,2026-04-19 14:00:00,2026-04-19 22:30:00,Martin Luther King Jr Hospital,Martin Luther King Jr. Hospital | BOH,102,,Cook 2
2026-04-19,2026-04-19 14:00:00,2026-04-19 22:30:00,SBLP Warner Center OPCO LLC - The Variel,The Variel of Woodland Hills,105,,Dishwasher
2026-04-19,2026-04-19 14:00:00,2026-04-19 22:30:00,SBLP Warner Center OPCO LLC - The Variel,The Variel of Woodland Hills,105,,Dishwasher
2026-04-19,2026-04-19 14:00:00,2026-04-19 22:00:00,Viceroy Santa Monica Hotel,Viceroy Santa Monica Hotel,264,,Event Supervisor
2026-04-19,2026-04-19 15:00:00,2026-04-19 23:30:00,Commerce Casino,Commerce Casino - Employee Dining Room,102,,Cook 2
2026-04-19,2026-04-19 15:00:00,2026-04-19 23:30:00,Pitzer College,Pitzer College,102,Shakedown ,Cook 2
2026-04-19,2026-04-19 15:30:00,2026-04-19 23:00:00,Malibu Beach Inn,Malibu Beach Inn - BOH,105,,Dishwasher
2026-04-19,2026-04-19 15:30:00,2026-04-20 00:00:00,"Manhattan Beach Hotel TRS LLC., dba Westdrift Manhattan Beach",Manhattan Beach Hotel | Banquet,264,,Event Supervisor
2026-04-19,2026-04-19 15:30:00,2026-04-20 00:00:00,VH Property Corp. dba Trump National Golf Club Los Angeles,Trump National Golf Course Los Angeles | BOH,102,,Cook 2
2026-04-19,2026-04-19 16:30:00,2026-04-19 21:30:00,Griffin Club Los Angeles,Griffin Club Los Angeles,105,,Dishwasher
2026-04-19,2026-04-19 17:00:00,2026-04-20 01:00:00,Marina Del Rey Marriott,Marina Del Rey Marriott,105,,Dishwasher
2026-04-19,2026-04-19 17:00:00,2026-04-20 01:30:00,Pepperdine University,Pepperdine University - HAWC Cafe & Store,102,,Cook 2
2026-04-19,2026-04-19 17:00:00,2026-04-19 22:30:00,SBLP Warner Center OPCO LLC - The Variel,The Variel of Woodland Hills,105,,Dishwasher
2026-04-19,2026-04-19 22:00:00,2026-04-20 06:30:00,Commerce Casino,Commerce Casino - Employee Dining Room,102,OVERNIGHT SHIFT,Cook 2
2026-04-19,2026-04-19 23:00:00,2026-04-20 07:30:00,Commerce Casino,Commerce Casino - High Limit Kitchen | BOH,105,,Dishwasher
2026-04-20,2026-04-20 05:00:00,2026-04-20 13:30:00,Edwards Lifesciences,Edwards Lifesciences FOH Bldg. C,101,,Cashier
2026-04-20,2026-04-20 05:00:00,2026-04-20 13:30:00,Google Spruce Goose Offices,Google Spruce Goose - Catering Operations,102,,Cook 2
2026-04-20,2026-04-20 05:00:00,2026-04-20 13:30:00,People Assisting the Homeless,People Assisting the Homeless - YWCA,110,,Prep Cook 2
2026-04-20,2026-04-20 05:00:00,2026-04-20 13:30:00,PIH Health - Good Samaritan Hospital,PIH Health - Good Samaritan Hospital,290,,Cook 3
2026-04-20,2026-04-20 05:00:00,2026-04-20 13:30:00,PIH Health - Whittier Hospital,PIH Health - Whittier Hospital,110,,Prep Cook 2
2026-04-20,2026-04-20 05:00:00,2026-04-20 13:30:00,PIH Health - Whittier Hospital,PIH Health - Whittier Hospital,102,,Cook 2
2026-04-20,2026-04-20 05:30:00,2026-04-20 11:00:00,Empowered 4 Life Foundation,@ Empowered 4 Life Foundation,110,,Prep Cook 2
2026-04-20,2026-04-20 05:30:00,2026-04-20 14:00:00,Teledyne,Teledyne,102,,Cook 2
2026-04-20,2026-04-20 06:00:00,2026-04-20 11:30:00,Beverly Hills Unified School District,BHUSD - Beverly Hills High School,110,pizza ,Prep Cook 2
2026-04-20,2026-04-20 06:00:00,2026-04-20 13:30:00,Beverly Hills Unified School District,BHUSD - Beverly Hills High School,104,,General
2026-04-20,2026-04-20 06:00:00,2026-04-20 13:30:00,Beverly Hills Unified School District,BHUSD - Beverly Hills High School,102,,Cook 2
2026-04-20,2026-04-20 06:00:00,2026-04-20 14:30:00,Capital Group - Irvine,Capital Group - Irvine | BOH,102,,Cook 2
2026-04-20,2026-04-20 06:00:00,2026-04-20 14:30:00,Capital Group - Irvine,Capital Group - Irvine | FOH,101,,Cashier
2026-04-20,2026-04-20 06:00:00,2026-04-20 12:00:00,Crescent Heights Ten Thousand,Crescent Heights Ten Thousand - Buffet,115,,Server 2
2026-04-20,2026-04-20 06:00:00,2026-04-20 14:30:00,Edwards Lifesciences,Edwards Lifesciences FOH Bldg. C,101,,Cashier
2026-04-20,2026-04-20 06:00:00,2026-04-20 14:30:00,Edwards Lifesciences,Edwards Lifesciences FOH Bldg. C,101,,Cashier
2026-04-20,2026-04-20 06:00:00,2026-04-20 15:00:00,"Fox Studio Lot, LLC",Fox Studio - News Cafe BoH,102,,Cook 2
2026-04-20,2026-04-20 06:00:00,2026-04-20 15:00:00,"Fox Studio Lot, LLC",Fox Studio - Moe's Cafe BoH,102,,Cook 2
2026-04-20,2026-04-20 06:00:00,2026-04-20 14:30:00,"Fox Studio Lot, LLC",Fox Studio - Commissary,102,,Cook 2
2026-04-20,2026-04-20 06:00:00,2026-04-20 14:30:00,Martin Luther King Jr Hospital,Martin Luther King Jr. Hospital | BOH,102,,Cook 2
2026-04-20,2026-04-20 06:00:00,2026-04-20 14:30:00,USC Verdugo Hills Hospital,USC Verdugo Hills Hospital,102,,Cook 2
2026-04-20,2026-04-20 06:00:00,2026-04-20 14:30:00,VEA Hotel - Newport Beach,VEA Hotel - Newport Beach | Cooks,102,,Cook 2
2026-04-20,2026-04-20 06:15:00,2026-04-20 14:45:00,Disney Studios,Disney Studios | Big D Cafe Glendale,102,,Cook 2
2026-04-20,2026-04-20 06:30:00,2026-04-20 14:30:00,Amgen Thousand Oaks,Amgen Thousand Oaks - Bistro Cafe,102,,Cook 2
2026-04-20,2026-04-20 06:30:00,2026-04-20 13:30:00,Beverly Hills Unified School District,BHUSD- El Rodeo Elementary,104,,General
2026-04-20,2026-04-20 06:30:00,2026-04-20 13:30:00,Beverly Hills Unified School District,BHUSD- El Rodeo Elementary,288,,Cook 1
2026-04-20,2026-04-20 06:30:00,2026-04-20 15:00:00,Masimo Technology Cafe,Masimo Technology Cafe | FOH,115,,Server 2
2026-04-20,2026-04-20 06:30:00,2026-04-20 15:00:00,The Archer School for Girls,The Archer School for Girls,290,Read Description Thoroughly,Cook 3
2026-04-20,2026-04-20 06:30:00,2026-04-20 15:00:00,The Archer School for Girls,The Archer School for Girls,102,Read Description Thoroughly,Cook 2
2026-04-20,2026-04-20 07:00:00,2026-04-20 15:30:00,"Beverly Hills Acquisition, LLC dba Maybourne Beverly Hills",Maybourne Beverly Hills,102,,Cook 2
2026-04-20,2026-04-20 07:00:00,2026-04-20 14:00:00,Beverly Hills Unified School District,BHUSD - Horace Mann Elementary School,104,,General
2026-04-20,2026-04-20 07:00:00,2026-04-20 14:00:00,Beverly Hills Unified School District,BHUSD - Beverly Hills High School,105,,Dishwasher
2026-04-20,2026-04-20 07:00:00,2026-04-20 15:30:00,Crescent Heights Ten Thousand,Crescent Heights Ten Thousand - Butler Department,115,Butler/Porter,Server 2
2026-04-20,2026-04-20 07:00:00,2026-04-20 15:30:00,Crescent Heights Ten Thousand,Crescent Heights Ten Thousand - Butler Department,115,Butler/Porter,Server 2
2026-04-20,2026-04-20 07:00:00,2026-04-20 15:30:00,Guckenheimer Cafe at Red Bull,Guckenheimer Cafe at Red Bull - Back of House,105,,Dishwasher
2026-04-20,2026-04-20 07:00:00,2026-04-20 14:30:00,Guckenheimer Cafe at Red Bull,Guckenheimer Cafe at Red Bull - Front of House,97,,Barista 2
2026-04-20,2026-04-20 07:00:00,2026-04-20 15:30:00,L.A. Rams,L.A. Rams,102,,Cook 2
2026-04-20,2026-04-20 07:00:00,2026-04-20 15:30:00,L.A. Rams,L.A. Rams,105,,Dishwasher
2026-04-20,2026-04-20 07:00:00,2026-04-20 15:00:00,Marina Del Rey Marriott,Marina Del Rey Marriott,105,,Dishwasher
2026-04-20,2026-04-20 07:00:00,2026-04-20 15:30:00,Martin Luther King Jr Hospital,Martin Luther King Jr. Hospital | BOH,102,,Cook 2
2026-04-20,2026-04-20 07:00:00,2026-04-20 15:00:00,NBC Universal,NBC Universal Studios | The Market Place,102,Report to Catering,Cook 2
2026-04-20,2026-04-20 07:00:00,2026-04-20 15:30:00,Oak View Group at Pasadena Convention Center,Oak View Group at Pasadena Convention Center,110,,Prep Cook 2
2026-04-20,2026-04-20 07:00:00,2026-04-20 15:30:00,"Platinum Equity, LLC",Platinum Equity LLC,105,,Dishwasher
2026-04-20,2026-04-20 07:00:00,2026-04-20 15:30:00,"Platinum Equity, LLC",Platinum Equity LLC,102,,Cook 2
2026-04-20,2026-04-20 07:00:00,2026-04-20 15:00:00,RAND Corporation,RAND Corporation,102,,Cook 2
2026-04-20,2026-04-20 07:00:00,2026-04-20 15:00:00,RAND Corporation,RAND Corporation,105,,Dishwasher
2026-04-20,2026-04-20 07:00:00,2026-04-20 15:00:00,The Archer School for Girls,The Archer School for Girls,105,Read Description Thoroughly,Dishwasher
2026-04-20,2026-04-20 07:00:00,2026-04-20 14:00:00,Union Station Homeless Services,Union Station Homeless Services - Adult Center,102,,Cook 2
2026-04-20,2026-04-20 07:00:00,2026-04-20 15:30:00,Union Station Homeless Services,Union Station Homeless Services - Adult Center,102,,Cook 2
2026-04-20,2026-04-20 07:00:00,2026-04-20 15:00:00,Viceroy Santa Monica Hotel,Viceroy Santa Monica Hotel,105,Steward,Dishwasher
2026-04-20,2026-04-20 07:30:00,2026-04-20 15:30:00,Amgen Thousand Oaks,Amgen Thousand Oaks - Bistro Cafe,105,,Dishwasher
2026-04-20,2026-04-20 07:30:00,2026-04-20 16:00:00,"Fox Studio Lot, LLC",Fox Studio - Moe's Cafe BoH,105,,Dishwasher
2026-04-20,2026-04-20 07:30:00,2026-04-20 16:00:00,Mount Saint Mary's University,Mount Saint Mary's University - Doheny Campus,110,,Prep Cook 2
2026-04-20,2026-04-20 07:30:00,2026-04-20 16:00:00,NFL LA Huddle Cafe,NFL LA Huddle Cafe,105,,Dishwasher
2026-04-20,2026-04-20 08:00:00,2026-04-20 16:30:00,Beverly Hills Hotel,Beverly Hills Hotel - Main Kitchen,102,,Cook 2
2026-04-20,2026-04-20 08:00:00,2026-04-20 13:30:00,Beverly Hills Unified School District,BHUSD - Beverly Vista Middle School,104,,General
2026-04-20,2026-04-20 08:00:00,2026-04-20 16:30:00,"Fox Studio Lot, LLC",Fox Studio - Moe's Cafe FoH,264,,Event Supervisor
2026-04-20,2026-04-20 08:00:00,2026-04-20 16:00:00,Guckenheimer Cafe at Red Bull,Guckenheimer Cafe at Red Bull - Back of House,105,Strong dishwasher ,Dishwasher
2026-04-20,2026-04-20 08:00:00,2026-04-20 14:00:00,Malibu Beach Inn,Malibu Beach Inn - BOH,105,,Dishwasher
2026-04-20,2026-04-20 08:00:00,2026-04-20 15:30:00,Netflix,Netflix - NOV - WPC- Catering Service,110,when you are at the lobby please contact Chef Max 626-893-6119,Prep Cook 2
2026-04-20,2026-04-20 08:00:00,2026-04-20 13:00:00,New West Charter School,New West Charter School - W. PICO Location,115,,Server 2
2026-04-20,2026-04-20 08:00:00,2026-04-20 16:30:00,PIH Health - Downey Hospital,PIH Health - Downey Hospital,105,,Dishwasher
2026-04-20,2026-04-20 08:00:00,2026-04-20 16:30:00,"Platinum Equity, LLC",Platinum Equity LLC,102,,Cook 2
2026-04-20,2026-04-20 08:00:00,2026-04-20 16:00:00,SBLP Warner Center OPCO LLC - The Variel,The Variel of Woodland Hills,105,,Dishwasher
2026-04-20,2026-04-20 08:00:00,2026-04-20 16:30:00,The Wonderful Company,The Wonderful Company,97,,Barista 2
2026-04-20,2026-04-20 08:30:00,2026-04-20 17:00:00,"Platinum Equity, LLC",Platinum Equity LLC,102,,Cook 2
2026-04-20,2026-04-20 09:00:00,2026-04-20 15:00:00,Google Spruce Goose Offices,Google Spruce Goose - Cafe,104,Dishwasher - Time to be Discussed ,General
2026-04-20,2026-04-20 10:00:00,2026-04-20 18:30:00,Four Seasons Hotel Westlake Village,Four Seasons Hotel Westlake Village ,102,,Cook 2
2026-04-20,2026-04-20 10:00:00,2026-04-20 18:30:00,Griffin Club Los Angeles,Griffin Club Los Angeles,102,,Cook 2
2026-04-20,2026-04-20 10:00:00,2026-04-20 15:00:00,Universal Music Group,Universal Music Group,105,,Dishwasher
2026-04-20,2026-04-20 10:00:00,2026-04-20 15:00:00,Wolfgang Puck Catering,Wolfgang Puck Catering - Hollywood & Highland,110,,Prep Cook 2
2026-04-20,2026-04-20 10:30:00,2026-04-20 19:00:00,Netflix,Netflix - NOV - WPC- Catering Service,97,,Barista 2
2026-04-20,2026-04-20 11:00:00,2026-04-20 16:30:00,Google Spruce Goose Offices,Google Spruce Goose - Cafe,104,URGENT - Dishwasher,General
2026-04-20,2026-04-20 11:00:00,2026-04-20 19:00:00,NBC Universal,NBC Universal Studios | The Market Place,102,Report to Catering,Cook 2
2026-04-20,2026-04-20 11:30:00,2026-04-20 20:00:00,People Assisting the Homeless,People Assisting the Homeless - YWCA,110,,Prep Cook 2
2026-04-20,2026-04-20 12:00:00,2026-04-20 20:30:00,Childrens Hospital Los Angeles,Childrens Hospital Los Angeles,104,Food Service Worker,General
2026-04-20,2026-04-20 12:00:00,2026-04-20 20:30:00,Crescent Heights Ten Thousand,Crescent Heights Ten Thousand - Butler Department,115,Butler/Porter,Server 2
2026-04-20,2026-04-20 12:00:00,2026-04-20 20:30:00,Riviera Country Club,Riviera Country Club - Kitchen,105,,Dishwasher
2026-04-20,2026-04-20 12:00:00,2026-04-20 20:30:00,SBLP Warner Center OPCO LLC - The Variel,The Variel of Woodland Hills,102,,Cook 2
2026-04-20,2026-04-20 12:00:00,2026-04-20 20:30:00,VEA Hotel - Newport Beach,VEA Hotel - Newport Beach | Cooks,102,,Cook 2
2026-04-20,2026-04-20 13:00:00,2026-04-20 20:30:00,PIH Health - Whittier Hospital,PIH Health - Whittier Hospital,110,,Prep Cook 2
2026-04-20,2026-04-20 13:30:00,2026-04-20 19:30:00,The Vered,The Vered,102,TB and LIVE Scan Required - Ongoing Shift - Do not publish,Cook 2
2026-04-20,2026-04-20 14:00:00,2026-04-20 22:00:00,Hotel Bel Air,Hotel Bel Air - Swan Cafe,102,,Cook 2
2026-04-20,2026-04-20 14:00:00,2026-04-20 22:30:00,Martin Luther King Jr Hospital,Martin Luther King Jr. Hospital | BOH,102,,Cook 2
2026-04-20,2026-04-20 14:00:00,2026-04-20 22:30:00,SBLP Warner Center OPCO LLC - The Variel,The Variel of Woodland Hills,102,,Cook 2
2026-04-20,2026-04-20 14:00:00,2026-04-20 22:30:00,SBLP Warner Center OPCO LLC - The Variel,The Variel of Woodland Hills,105,,Dishwasher
2026-04-20,2026-04-20 14:30:00,2026-04-20 22:30:00,Viceroy Santa Monica Hotel,Viceroy Santa Monica Hotel,264,,Event Supervisor
2026-04-20,2026-04-20 15:00:00,2026-04-20 23:30:00,Crescent Heights Ten Thousand,Crescent Heights Ten Thousand - Butler Department,115,Butler/Porter,Server 2
2026-04-20,2026-04-20 15:00:00,2026-04-20 23:30:00,"LBVH Hotel, LLC - L'Ermitage Beverly Hills",L'Ermitage Beverly Hills,105,URGENT,Dishwasher
2026-04-20,2026-04-20 15:00:00,2026-04-20 22:00:00,Malibu Beach Inn,Malibu Beach Inn - BOH,102,Line Cook,Cook 2
2026-04-20,2026-04-20 15:00:00,2026-04-20 23:30:00,Oak View Group at Pasadena Convention Center,Oak View Group at Pasadena Convention Center,110,,Prep Cook 2
2026-04-20,2026-04-20 15:00:00,2026-04-20 23:30:00,Pitzer College,Pitzer College,102,Shakedown ,Cook 2
2026-04-20,2026-04-20 15:30:00,2026-04-20 22:00:00,Malibu Beach Inn,Malibu Beach Inn - BOH,105,,Dishwasher
2026-04-20,2026-04-20 15:30:00,2026-04-21 00:00:00,"Manhattan Beach Hotel TRS LLC., dba Westdrift Manhattan Beach",Manhattan Beach Hotel | Banquet,264,,Event Supervisor
2026-04-20,2026-04-20 15:30:00,2026-04-20 21:30:00,Riviera Country Club,Riviera Country Club - Kitchen,105,,Dishwasher
2026-04-20,2026-04-20 16:00:00,2026-04-20 22:30:00,Commerce Casino,Commerce Casino - High Limit Kitchen | FOH | MON - TH,101,with runner and cashier duties,Cashier
2026-04-20,2026-04-20 17:00:00,2026-04-21 01:00:00,Marina Del Rey Marriott,Marina Del Rey Marriott,105,,Dishwasher
2026-04-20,2026-04-20 17:00:00,2026-04-21 01:30:00,Pepperdine University,Pepperdine University - HAWC Cafe & Store,102,,Cook 2
2026-04-20,2026-04-20 18:00:00,2026-04-20 23:00:00,Canyon Palm Springs Hotel dba Thompson Palm Springs,Thompson Palm Springs |  FOH,99,,Busser
2026-04-20,2026-04-20 19:00:00,2026-04-20 23:00:00,Canyon Palm Springs Hotel dba Thompson Palm Springs,Thompson Palm Springs |  FOH,99,,Busser
2026-04-20,2026-04-20 22:00:00,2026-04-21 06:30:00,Commerce Casino,Commerce Casino - Employee Dining Room,102,,Cook 2
2026-04-20,2026-04-20 22:00:00,2026-04-21 06:30:00,Commerce Casino,Commerce Casino - Employee Dining Room,105,Overnight Shift,Dishwasher
2026-04-21,2026-04-21 05:00:00,2026-04-21 13:30:00,Edwards Lifesciences,Edwards Lifesciences FOH Bldg. C,101,,Cashier
2026-04-21,2026-04-21 05:00:00,2026-04-21 13:30:00,Google Spruce Goose Offices,Google Spruce Goose - Catering Operations,102,,Cook 2
2026-04-21,2026-04-21 05:00:00,2026-04-21 12:00:00,NBC Universal,NBC Universal Studios | The Market Place,102,,Cook 2
2026-04-21,2026-04-21 05:00:00,2026-04-21 13:30:00,PIH Health - Good Samaritan Hospital,PIH Health - Good Samaritan Hospital,290,,Cook 3
2026-04-21,2026-04-21 05:00:00,2026-04-21 13:30:00,PIH Health - Whittier Hospital,PIH Health - Whittier Hospital,110,,Prep Cook 2
2026-04-21,2026-04-21 05:00:00,2026-04-21 13:30:00,PIH Health - Whittier Hospital,PIH Health - Whittier Hospital,102,,Cook 2
2026-04-21,2026-04-21 05:30:00,2026-04-21 11:00:00,Empowered 4 Life Foundation,@ Empowered 4 Life Foundation,110,,Prep Cook 2
2026-04-21,2026-04-21 05:30:00,2026-04-21 14:00:00,Teledyne,Teledyne,102,,Cook 2
2026-04-21,2026-04-21 06:00:00,2026-04-21 13:30:00,Beverly Hills Unified School District,BHUSD - Beverly Hills High School,102,,Cook 2
2026-04-21,2026-04-21 06:00:00,2026-04-21 13:30:00,Beverly Hills Unified School District,BHUSD - Beverly Hills High School,104,,General
2026-04-21,2026-04-21 06:00:00,2026-04-21 14:30:00,Capital Group - Irvine,Capital Group - Irvine | BOH,102,,Cook 2
2026-04-21,2026-04-21 06:00:00,2026-04-21 14:30:00,Capital Group - Irvine,Capital Group - Irvine | FOH,101,,Cashier
2026-04-21,2026-04-21 06:00:00,2026-04-21 12:00:00,Crescent Heights Ten Thousand,Crescent Heights Ten Thousand - Buffet,115,,Server 2
2026-04-21,2026-04-21 06:00:00,2026-04-21 14:30:00,Edwards Lifesciences,Edwards Lifesciences FOH Bldg. C,101,,Cashier
2026-04-21,2026-04-21 06:00:00,2026-04-21 14:30:00,"Fox Studio Lot, LLC",Fox Studio - Commissary,102,,Cook 2
2026-04-21,2026-04-21 06:00:00,2026-04-21 15:00:00,"Fox Studio Lot, LLC",Fox Studio - News Cafe BoH,102,,Cook 2
2026-04-21,2026-04-21 06:00:00,2026-04-21 14:30:00,"Fox Studio Lot, LLC",Fox Studio - Moe's Cafe BoH,102,,Cook 2
2026-04-21,2026-04-21 06:00:00,2026-04-21 14:30:00,Martin Luther King Jr Hospital,Martin Luther King Jr. Hospital | BOH,102,,Cook 2
2026-04-21,2026-04-21 06:00:00,2026-04-21 14:30:00,Masimo Technology Cafe,Masimo Technology Cafe | FOH,115,,Server 2
2026-04-21,2026-04-21 06:00:00,2026-04-21 14:00:00,NBC Universal,NBC Universal Studios | The Market Place,102,Report to Catering,Cook 2
2026-04-21,2026-04-21 06:00:00,2026-04-21 14:30:00,The Getty Center,The Getty Center - Cafe,110,,Prep Cook 2
2026-04-21,2026-04-21 06:00:00,2026-04-21 14:30:00,The Getty Center,The Getty Center - Catering,102,,Cook 2
2026-04-21,2026-04-21 06:00:00,2026-04-21 14:30:00,USC Verdugo Hills Hospital,USC Verdugo Hills Hospital,102,,Cook 2
2026-04-21,2026-04-21 06:15:00,2026-04-21 14:45:00,Disney Studios,Disney Studios | Big D Cafe Glendale,102,,Cook 2
2026-04-21,2026-04-21 06:15:00,2026-04-21 14:45:00,PIH Health - Whittier Hospital,PIH Health - Whittier Hospital,104,Food Service Worker,General
2026-04-21,2026-04-21 06:30:00,2026-04-21 14:30:00,Amgen Thousand Oaks,Amgen Thousand Oaks - Bistro Cafe,102,,Cook 2
2026-04-21,2026-04-21 06:30:00,2026-04-21 14:00:00,Beverly Hills Unified School District,BHUSD- El Rodeo Elementary,104,,General
2026-04-21,2026-04-21 06:30:00,2026-04-21 13:30:00,Beverly Hills Unified School District,BHUSD- El Rodeo Elementary,288,,Cook 1
2026-04-21,2026-04-21 06:30:00,2026-04-21 15:30:00,SBLP Warner Center OPCO LLC - The Variel,The Variel of Woodland Hills,105,,Dishwasher
2026-04-21,2026-04-21 06:30:00,2026-04-21 15:00:00,The Archer School for Girls,The Archer School for Girls,290,Read Description Thoroughly,Cook 3
2026-04-21,2026-04-21 06:30:00,2026-04-21 15:00:00,The Archer School for Girls,The Archer School for Girls,102,Read Description Thoroughly,Cook 2
2026-04-21,2026-04-21 07:00:00,2026-04-21 14:00:00,Beverly Hills Unified School District,BHUSD - Horace Mann Elementary School,104,,General
2026-04-21,2026-04-21 07:00:00,2026-04-21 14:00:00,Beverly Hills Unified School District,BHUSD - Beverly Hills High School,105,,Dishwasher
2026-04-21,2026-04-21 07:00:00,2026-04-21 15:30:00,Crescent Heights Ten Thousand,Crescent Heights Ten Thousand - Butler Department,115,Butler/Porter,Server 2
2026-04-21,2026-04-21 07:00:00,2026-04-21 15:30:00,Crescent Heights Ten Thousand,Crescent Heights Ten Thousand - Butler Department,115,Butler/Porter,Server 2
2026-04-21,2026-04-21 07:00:00,2026-04-21 15:30:00,Guckenheimer Cafe at Red Bull,Guckenheimer Cafe at Red Bull - Back of House,105,Strong dishwasher ,Dishwasher
2026-04-21,2026-04-21 07:00:00,2026-04-21 14:30:00,Guckenheimer Cafe at Red Bull,Guckenheimer Cafe at Red Bull - Front of House,97,,Barista 2
2026-04-21,2026-04-21 07:00:00,2026-04-21 15:30:00,L.A. Rams,L.A. Rams,105,,Dishwasher
2026-04-21,2026-04-21 07:00:00,2026-04-21 15:30:00,L.A. Rams,L.A. Rams,102,,Cook 2
2026-04-21,2026-04-21 07:00:00,2026-04-21 15:00:00,Marina Del Rey Marriott,Marina Del Rey Marriott,105,,Dishwasher
2026-04-21,2026-04-21 07:00:00,2026-04-21 15:30:00,Martin Luther King Jr Hospital,Martin Luther King Jr. Hospital | BOH,102,,Cook 2
2026-04-21,2026-04-21 07:00:00,2026-04-21 15:30:00,NBC Universal,NBC Universal Studios | The Market Place,102,,Cook 2
2026-04-21,2026-04-21 07:00:00,2026-04-21 15:30:00,NBC Universal,NBC Universal Studios | The Market Place,102,sushi cook,Cook 2
2026-04-21,2026-04-21 07:00:00,2026-04-21 15:00:00,Netflix,Netflix - NOV - WPC- Catering Service,110,when you are at the lobby please contact Chef Max 626-893-6119,Prep Cook 2
2026-04-21,2026-04-21 07:00:00,2026-04-21 15:30:00,Oak View Group at Pasadena Convention Center,Oak View Group at Pasadena Convention Center,110,,Prep Cook 2
2026-04-21,2026-04-21 07:00:00,2026-04-21 14:00:00,Park Place Plaza,Park Place Plaza,101,,Cashier
2026-04-21,2026-04-21 07:00:00,2026-04-21 15:30:00,"Platinum Equity, LLC",Platinum Equity LLC,102,,Cook 2
2026-04-21,2026-04-21 07:00:00,2026-04-21 15:30:00,"Platinum Equity, LLC",Platinum Equity LLC,105,,Dishwasher
2026-04-21,2026-04-21 07:00:00,2026-04-21 15:00:00,RAND Corporation,RAND Corporation,102,,Cook 2
2026-04-21,2026-04-21 07:00:00,2026-04-21 15:00:00,The Archer School for Girls,The Archer School for Girls,105,Read Description Throughly,Dishwasher
2026-04-21,2026-04-21 07:00:00,2026-04-21 15:30:00,The Getty Center,The Getty Center - Cafe,102,Strong Line Cook Needed,Cook 2
2026-04-21,2026-04-21 07:00:00,2026-04-21 15:30:00,Union Station Homeless Services,Union Station Homeless Services - Adult Center,102,,Cook 2
2026-04-21,2026-04-21 07:00:00,2026-04-21 14:00:00,Union Station Homeless Services,Union Station Homeless Services - Adult Center,102,,Cook 2
2026-04-21,2026-04-21 07:30:00,2026-04-21 15:30:00,Amgen Thousand Oaks,Amgen Thousand Oaks - Bistro Cafe,105,,Dishwasher
2026-04-21,2026-04-21 07:30:00,2026-04-21 16:00:00,"Fox Studio Lot, LLC",Fox Studio - Moe's Cafe BoH,105,,Dishwasher
2026-04-21,2026-04-21 07:30:00,2026-04-21 16:00:00,NFL LA Huddle Cafe,NFL LA Huddle Cafe,102,,Cook 2
2026-04-21,2026-04-21 07:30:00,2026-04-21 16:00:00,NFL LA Huddle Cafe,NFL LA Huddle Cafe,105,,Dishwasher
2026-04-21,2026-04-21 08:00:00,2026-04-21 16:30:00,Beverly Hills Hotel,Beverly Hills Hotel - Main Kitchen,102,,Cook 2
2026-04-21,2026-04-21 08:00:00,2026-04-21 13:30:00,Beverly Hills Unified School District,BHUSD - Beverly Vista Middle School,104,,General
2026-04-21,2026-04-21 08:00:00,2026-04-21 16:30:00,Edwards Lifesciences,Edwards Lifesciences FOH Bldg. C,97,,Barista 2
2026-04-21,2026-04-21 08:00:00,2026-04-21 16:00:00,Hotel Bel Air,Hotel Bel Air - Main Kitchen,110,,Prep Cook 2
2026-04-21,2026-04-21 08:00:00,2026-04-21 15:00:00,Jet Propulsion Laboratory,JPL - Cafe 303,102,MUST HAVE NEW DMV Real ID to pass  on site Security Clearance,Cook 2
2026-04-21,2026-04-21 08:00:00,2026-04-21 14:00:00,Malibu Beach Inn,Malibu Beach Inn - BOH,105,,Dishwasher
2026-04-21,2026-04-21 08:00:00,2026-04-21 13:00:00,New West Charter School,New West Charter School - W. PICO Location,115,,Server 2
2026-04-21,2026-04-21 08:00:00,2026-04-21 16:30:00,PIH Health - Downey Hospital,PIH Health - Downey Hospital,105,,Dishwasher
2026-04-21,2026-04-21 08:00:00,2026-04-21 16:30:00,"Platinum Equity, LLC",Platinum Equity LLC,102,,Cook 2
2026-04-21,2026-04-21 08:00:00,2026-04-21 16:30:00,The Wonderful Company,The Wonderful Company,97,,Barista 2
2026-04-21,2026-04-21 08:30:00,2026-04-21 17:00:00,"Platinum Equity, LLC",Platinum Equity LLC,102,,Cook 2
2026-04-21,2026-04-21 09:00:00,2026-04-21 17:30:00,"Beverly Hills Acquisition, LLC dba Maybourne Beverly Hills",Maybourne Beverly Hills,102,,Cook 2
2026-04-21,2026-04-21 09:00:00,2026-04-21 13:30:00,Beverly Hills Unified School District,BHUSD - Beverly Vista Middle School,104,,General
2026-04-21,2026-04-21 09:30:00,2026-04-21 15:00:00,Google Spruce Goose Offices,Google Spruce Goose - Cafe,104,Dishwasher - Time to be Discussed ,General
2026-04-21,2026-04-21 10:00:00,2026-04-21 18:30:00,Four Seasons Hotel Westlake Village,Four Seasons Hotel Westlake Village ,102,,Cook 2
2026-04-21,2026-04-21 10:00:00,2026-04-21 15:00:00,Universal Music Group,Universal Music Group,105,,Dishwasher
2026-04-21,2026-04-21 11:00:00,2026-04-21 19:30:00,PIH Health - Whittier Hospital,PIH Health - Whittier Hospital,102,,Cook 2
2026-04-21,2026-04-21 11:30:00,2026-04-21 20:00:00,People Assisting the Homeless,People Assisting the Homeless - YWCA,110,,Prep Cook 2
2026-04-21,2026-04-21 12:00:00,2026-04-21 20:30:00,Childrens Hospital Los Angeles,Childrens Hospital Los Angeles,104,Food Service Worker,General
2026-04-21,2026-04-21 12:00:00,2026-04-21 20:30:00,Griffin Club Los Angeles,Griffin Club Los Angeles,102,,Cook 2
2026-04-21,2026-04-21 12:00:00,2026-04-21 20:30:00,PIH Health - Whittier Hospital,PIH Health - Whittier Hospital,110,,Prep Cook 2
2026-04-21,2026-04-21 12:00:00,2026-04-21 20:30:00,SBLP Warner Center OPCO LLC - The Variel,The Variel of Woodland Hills,102,,Cook 2
2026-04-21,2026-04-21 13:00:00,2026-04-21 21:00:00,NBC Universal,NBC Universal Studios | The Market Place,102,Report to Catering,Cook 2
2026-04-21,2026-04-21 13:30:00,2026-04-21 22:00:00,JW Marriott L.A. Live,JW Marriott L.A. Live Banquets,102,,Cook 2
2026-04-21,2026-04-21 13:30:00,2026-04-21 19:30:00,The Vered,The Vered,102,,Cook 2
2026-04-21,2026-04-21 14:00:00,2026-04-21 22:30:00,Blue Devils Lessee LLC | Hyatt Centric Delfina Santa Monica,Hyatt Centric Delfina Santa Monica,264,Ongoing Assignment - Read description before signing up,Event Supervisor
2026-04-21,2026-04-21 14:00:00,2026-04-21 22:30:00,Commerce Casino,Commerce Casino - High Limit Kitchen | FOH | MON - TH,101,with runner and cashier duties,Cashier
2026-04-21,2026-04-21 14:00:00,2026-04-21 22:00:00,Hotel Bel Air,Hotel Bel Air - Swan Cafe,102,,Cook 2
2026-04-21,2026-04-21 14:00:00,2026-04-21 22:30:00,Martin Luther King Jr Hospital,Martin Luther King Jr. Hospital | BOH,102,,Cook 2
2026-04-21,2026-04-21 14:00:00,2026-04-21 22:30:00,SBLP Warner Center OPCO LLC - The Variel,The Variel of Woodland Hills,105,,Dishwasher
2026-04-21,2026-04-21 14:30:00,2026-04-21 22:30:00,Viceroy Santa Monica Hotel,Viceroy Santa Monica Hotel,264,,Event Supervisor
2026-04-21,2026-04-21 15:00:00,2026-04-21 23:30:00,Commerce Casino,Commerce Casino - Employee Dining Room,102,,Cook 2
2026-04-21,2026-04-21 15:00:00,2026-04-21 23:30:00,Crescent Heights Ten Thousand,Crescent Heights Ten Thousand - Butler Department,115,Butler/Porter,Server 2
2026-04-21,2026-04-21 15:00:00,2026-04-21 23:30:00,"LBVH Hotel, LLC - L'Ermitage Beverly Hills",L'Ermitage Beverly Hills,105,,Dishwasher
2026-04-21,2026-04-21 15:00:00,2026-04-21 22:00:00,Malibu Beach Inn,Malibu Beach Inn - BOH,102,Line Cook,Cook 2
2026-04-21,2026-04-21 15:00:00,2026-04-21 23:00:00,Viceroy Santa Monica Hotel,Viceroy Santa Monica Hotel,105,Steward,Dishwasher
2026-04-21,2026-04-21 15:30:00,2026-04-21 22:00:00,Malibu Beach Inn,Malibu Beach Inn - BOH,105,,Dishwasher
2026-04-21,2026-04-21 15:30:00,2026-04-22 00:00:00,"Manhattan Beach Hotel TRS LLC., dba Westdrift Manhattan Beach",Manhattan Beach Hotel | Banquet,264,,Event Supervisor
2026-04-21,2026-04-21 16:00:00,2026-04-21 21:30:00,Griffin Club Los Angeles,Griffin Club Los Angeles,105,,Dishwasher
2026-04-21,2026-04-21 16:30:00,2026-04-21 20:30:00,"Super Eco CA, LLC","@Super Eco CA, LLC | Off Site Events |",98,VIP Dinner for Kings Hockey wives,Bartender 2
2026-04-21,2026-04-21 16:30:00,2026-04-21 20:30:00,USC Verdugo Hills Hospital,USC Verdugo Hills Hospital,98,,Bartender 2
2026-04-21,2026-04-21 17:00:00,2026-04-22 01:00:00,Marina Del Rey Marriott,Marina Del Rey Marriott,105,,Dishwasher
2026-04-21,2026-04-21 18:30:00,2026-04-21 23:00:00,Wolfgang Puck Catering,Wolfgang Puck Catering - L.A. Live,105,,Dishwasher
2026-04-21,2026-04-21 19:00:00,2026-04-22 01:30:00,Pepperdine University,Pepperdine University - HAWC Cafe & Store,102,URGENT,Cook 2
2026-04-21,2026-04-21 22:00:00,2026-04-22 06:30:00,Commerce Casino,Commerce Casino - Employee Dining Room,105,,Dishwasher
2026-04-21,2026-04-21 22:00:00,2026-04-22 06:30:00,Commerce Casino,Commerce Casino - Employee Dining Room,102,,Cook 2
2026-04-22,2026-04-22 05:00:00,2026-04-22 13:30:00,Edwards Lifesciences,Edwards Lifesciences FOH Bldg. C,101,,Cashier
2026-04-22,2026-04-22 05:00:00,2026-04-22 13:30:00,Google Spruce Goose Offices,Google Spruce Goose - Catering Operations,102,,Cook 2
2026-04-22,2026-04-22 05:00:00,2026-04-22 13:00:00,NBC Universal,NBC Universal Studios | The Market Place,102,Report to Catering,Cook 2
2026-04-22,2026-04-22 05:00:00,2026-04-22 13:30:00,People Assisting the Homeless,People Assisting the Homeless - YWCA,110,,Prep Cook 2
2026-04-22,2026-04-22 05:00:00,2026-04-22 13:30:00,PIH Health - Good Samaritan Hospital,PIH Health - Good Samaritan Hospital,290,,Cook 3
2026-04-22,2026-04-22 05:00:00,2026-04-22 13:30:00,PIH Health - Whittier Hospital,PIH Health - Whittier Hospital,102,,Cook 2
2026-04-22,2026-04-22 05:00:00,2026-04-22 13:30:00,PIH Health - Whittier Hospital,PIH Health - Whittier Hospital,110,,Prep Cook 2
2026-04-22,2026-04-22 05:30:00,2026-04-22 11:00:00,Empowered 4 Life Foundation,@ Empowered 4 Life Foundation,110,,Prep Cook 2
2026-04-22,2026-04-22 05:30:00,2026-04-22 14:30:00,"Fox Studio Lot, LLC",Fox Studio - Moe's Cafe BoH,102,,Cook 2
2026-04-22,2026-04-22 05:30:00,2026-04-22 14:00:00,Teledyne,Teledyne,102,,Cook 2
2026-04-22,2026-04-22 06:00:00,2026-04-22 11:00:00,"Beverly Hills Acquisition, LLC dba Maybourne Beverly Hills",Maybourne Beverly Hills,102,,Cook 2
2026-04-22,2026-04-22 06:00:00,2026-04-22 13:30:00,Beverly Hills Unified School District,BHUSD - Beverly Hills High School,104,,General
2026-04-22,2026-04-22 06:00:00,2026-04-22 14:00:00,Beverly Hills Unified School District,BHUSD - Horace Mann Elementary School,110,,Prep Cook 2
2026-04-22,2026-04-22 06:00:00,2026-04-22 13:30:00,Beverly Hills Unified School District,BHUSD - Beverly Hills High School,102,,Cook 2
2026-04-22,2026-04-22 06:00:00,2026-04-22 13:30:00,Beverly Hills Unified School District,BHUSD - Beverly Hills High School,110,,Prep Cook 2
2026-04-22,2026-04-22 06:00:00,2026-04-22 14:30:00,Capital Group - Irvine,Capital Group - Irvine | BOH,102,,Cook 2
2026-04-22,2026-04-22 06:00:00,2026-04-22 14:30:00,Capital Group - Irvine,Capital Group - Irvine | FOH,101,,Cashier
2026-04-22,2026-04-22 06:00:00,2026-04-22 14:30:00,Disney Studios,Disney Studios | GC3 Cafe Glendale,102,,Cook 2
2026-04-22,2026-04-22 06:00:00,2026-04-22 14:30:00,Edwards Lifesciences,Edwards Lifesciences FOH Bldg. C,101,,Cashier
2026-04-22,2026-04-22 06:00:00,2026-04-22 14:30:00,Edwards Lifesciences,Edwards Lifesciences FOH Bldg. C,101,,Cashier
2026-04-22,2026-04-22 06:00:00,2026-04-22 14:30:00,"Fox Studio Lot, LLC",Fox Studio - Commissary,102,,Cook 2
2026-04-22,2026-04-22 06:00:00,2026-04-22 15:00:00,"Fox Studio Lot, LLC",Fox Studio - News Cafe BoH,102,,Cook 2
2026-04-22,2026-04-22 06:00:00,2026-04-22 14:30:00,Jet Propulsion Laboratory,JPL - Cafe 303,102,,Cook 2
2026-04-22,2026-04-22 06:00:00,2026-04-22 14:30:00,Martin Luther King Jr Hospital,Martin Luther King Jr. Hospital | BOH,102,,Cook 2
2026-04-22,2026-04-22 06:00:00,2026-04-22 14:30:00,The Getty Center,The Getty Center - Cafe,110,,Prep Cook 2
2026-04-22,2026-04-22 06:00:00,2026-04-22 14:30:00,VEA Hotel - Newport Beach,VEA Hotel - Newport Beach | Cooks,102,,Cook 2
2026-04-22,2026-04-22 06:15:00,2026-04-22 14:45:00,Disney Studios,Disney Studios | Big D Cafe Glendale,102,,Cook 2
2026-04-22,2026-04-22 06:15:00,2026-04-22 14:45:00,PIH Health - Whittier Hospital,PIH Health - Whittier Hospital,104,Food Service Worker,General
2026-04-22,2026-04-22 06:30:00,2026-04-22 14:30:00,Amgen Thousand Oaks,Amgen Thousand Oaks - Bistro Cafe,102,,Cook 2
2026-04-22,2026-04-22 06:30:00,2026-04-22 13:30:00,Beverly Hills Unified School District,BHUSD- El Rodeo Elementary,104,,General
2026-04-22,2026-04-22 06:30:00,2026-04-22 15:00:00,Childrens Hospital Los Angeles,Childrens Hospital Los Angeles,105,,Dishwasher
2026-04-22,2026-04-22 06:30:00,2026-04-22 13:30:00,Disney Studios,Disney Studios | Rotunda Restaurant,99,,Busser
2026-04-22,2026-04-22 06:30:00,2026-04-22 15:00:00,Masimo Technology Cafe,Masimo Technology Cafe | FOH,115,,Server 2
2026-04-22,2026-04-22 06:30:00,2026-04-22 15:00:00,The Archer School for Girls,The Archer School for Girls,102,Read Description Thoroughly,Cook 2
2026-04-22,2026-04-22 07:00:00,2026-04-22 14:00:00,Beverly Hills Unified School District,BHUSD - Beverly Hills High School,105,,Dishwasher
2026-04-22,2026-04-22 07:00:00,2026-04-22 14:00:00,Beverly Hills Unified School District,BHUSD - Horace Mann Elementary School,104,,General
2026-04-22,2026-04-22 07:00:00,2026-04-22 15:30:00,Crescent Heights Ten Thousand,Crescent Heights Ten Thousand - Butler Department,115,Butler/Porter,Server 2
2026-04-22,2026-04-22 07:00:00,2026-04-22 14:30:00,Guckenheimer Cafe at Red Bull,Guckenheimer Cafe at Red Bull - Front of House,97,,Barista 2
2026-04-22,2026-04-22 07:00:00,2026-04-22 15:30:00,L.A. Rams,L.A. Rams,105,,Dishwasher
2026-04-22,2026-04-22 07:00:00,2026-04-22 15:30:00,L.A. Rams,L.A. Rams,102,,Cook 2
2026-04-22,2026-04-22 07:00:00,2026-04-22 15:00:00,Marina Del Rey Marriott,Marina Del Rey Marriott,105,,Dishwasher
2026-04-22,2026-04-22 07:00:00,2026-04-22 15:30:00,Martin Luther King Jr Hospital,Martin Luther King Jr. Hospital | BOH,102,,Cook 2
2026-04-22,2026-04-22 07:00:00,2026-04-22 15:30:00,NBC Universal,NBC Universal Studios | The Market Place,102,,Cook 2
2026-04-22,2026-04-22 07:00:00,2026-04-22 15:00:00,Newport Harbor Yacht Club,Newport Harbor Yacht Club | Banquets,105,Heavy Lifting - Read Description,Dishwasher
2026-04-22,2026-04-22 07:00:00,2026-04-22 15:00:00,NFL LA Huddle Cafe,NFL LA Huddle Cafe,102,,Cook 2
2026-04-22,2026-04-22 07:00:00,2026-04-22 14:00:00,Park Place Plaza,Park Place Plaza,101,,Cashier
2026-04-22,2026-04-22 07:00:00,2026-04-22 15:30:00,"Platinum Equity, LLC",Platinum Equity LLC,102,,Cook 2
2026-04-22,2026-04-22 07:00:00,2026-04-22 15:30:00,"Platinum Equity, LLC",Platinum Equity LLC,105,,Dishwasher
2026-04-22,2026-04-22 07:00:00,2026-04-22 15:00:00,RAND Corporation,RAND Corporation,102,,Cook 2
2026-04-22,2026-04-22 07:00:00,2026-04-22 15:00:00,The Archer School for Girls,The Archer School for Girls,105,Read Description Throughly,Dishwasher
2026-04-22,2026-04-22 07:00:00,2026-04-22 15:30:00,The Getty Center,The Getty Center - Cafe,102,,Cook 2
2026-04-22,2026-04-22 07:00:00,2026-04-22 15:30:00,Union Station Homeless Services,Union Station Homeless Services - Adult Center,102,,Cook 2
2026-04-22,2026-04-22 07:00:00,2026-04-22 14:00:00,Union Station Homeless Services,Union Station Homeless Services - Adult Center,102,,Cook 2
2026-04-22,2026-04-22 07:30:00,2026-04-22 15:30:00,Amgen Thousand Oaks,Amgen Thousand Oaks - Bistro Cafe,105,,Dishwasher
2026-04-22,2026-04-22 07:30:00,2026-04-22 15:00:00,Cedars Sinai Medical Center,Cedars Sinai - Plaza & Cafe,102,Grill - 2 Day Assignment for Wednesday 4/22 and Thursday 4/23,Cook 2
2026-04-22,2026-04-22 07:30:00,2026-04-22 16:00:00,"Fox Studio Lot, LLC",Fox Studio - Moe's Cafe BoH,105,,Dishwasher
2026-04-22,2026-04-22 07:30:00,2026-04-22 16:00:00,NFL LA Huddle Cafe,NFL LA Huddle Cafe,105,,Dishwasher
2026-04-22,2026-04-22 08:00:00,2026-04-22 16:30:00,Beverly Hills Hotel,Beverly Hills Hotel - Main Kitchen,102,,Cook 2
2026-04-22,2026-04-22 08:00:00,2026-04-22 13:30:00,Beverly Hills Unified School District,BHUSD - Beverly Vista Middle School,104,,General
2026-04-22,2026-04-22 08:00:00,2026-04-22 16:30:00,Edwards Lifesciences,Edwards Lifesciences FOH Bldg. C,97,,Barista 2
2026-04-22,2026-04-22 08:00:00,2026-04-22 14:00:00,Malibu Beach Inn,Malibu Beach Inn - BOH,105,,Dishwasher
2026-04-22,2026-04-22 08:00:00,2026-04-22 13:30:00,Park Place Plaza,Park Place Plaza,115,,Server 2
2026-04-22,2026-04-22 08:00:00,2026-04-22 16:00:00,SBLP Warner Center OPCO LLC - The Variel,The Variel of Woodland Hills,102,,Cook 2
2026-04-22,2026-04-22 08:00:00,2026-04-22 16:00:00,SBLP Warner Center OPCO LLC - The Variel,The Variel of Woodland Hills,105,,Dishwasher
2026-04-22,2026-04-22 08:00:00,2026-04-22 16:30:00,The Wonderful Company,The Wonderful Company,97,,Barista 2
2026-04-22,2026-04-22 08:30:00,2026-04-22 15:00:00,MCP Catering,@ MCP Catering-Offsite,102,,Cook 2
2026-04-22,2026-04-22 08:30:00,2026-04-22 17:00:00,"Platinum Equity, LLC",Platinum Equity LLC,102,,Cook 2
2026-04-22,2026-04-22 09:00:00,2026-04-22 15:00:00,Google Spruce Goose Offices,Google Spruce Goose - Cafe,104,Dishwasher - Time to be Discussed ,General
2026-04-22,2026-04-22 09:00:00,2026-04-22 17:00:00,Malibu Beach Inn,Malibu Beach Inn - BOH,107,Read Description Throughly,Houseperson
2026-04-22,2026-04-22 09:30:00,2026-04-22 14:00:00,Judd's Catering ,@Judd's Catering,115,,Server 2
2026-04-22,2026-04-22 10:00:00,2026-04-22 18:30:00,Four Seasons Hotel Westlake Village,Four Seasons Hotel Westlake Village ,102,pastry experience preferred,Cook 2
2026-04-22,2026-04-22 10:00:00,2026-04-22 14:30:00,Google Spruce Goose Offices,Google Spruce Goose - Cafe,104,,General
2026-04-22,2026-04-22 10:00:00,2026-04-22 18:30:00,Griffin Club Los Angeles,Griffin Club Los Angeles,102,,Cook 2
2026-04-22,2026-04-22 10:00:00,2026-04-22 15:00:00,Universal Music Group,Universal Music Group,105,,Dishwasher
2026-04-22,2026-04-22 11:00:00,2026-04-22 17:30:00,Camp Ronald McDonald,Camp Ronald McDonald,102,Wed - Sunday Assign. | Travel pay offered | Island/Camp Living for a week,Cook 2
2026-04-22,2026-04-22 11:00:00,2026-04-22 19:30:00,Guckenheimer Cafe at Red Bull,Guckenheimer Cafe at Red Bull - Back of House,105,URGENT,Dishwasher
2026-04-22,2026-04-22 11:00:00,2026-04-22 16:00:00,Middleby Residential SoCal,Middleby Residential SoCal,105,,Dishwasher
2026-04-22,2026-04-22 11:00:00,2026-04-22 19:30:00,NBC Universal,NBC Universal Studios | The Market Place,102,Report to Catering,Cook 2
2026-04-22,2026-04-22 11:00:00,2026-04-22 19:30:00,PIH Health - Whittier Hospital,PIH Health - Whittier Hospital,102,,Cook 2
2026-04-22,2026-04-22 12:00:00,2026-04-22 20:30:00,Academy Museum of Motion Pictures,Academy Museum of Motion Pictures - Fanny's Restaurant,105,,Dishwasher
2026-04-22,2026-04-22 12:00:00,2026-04-22 20:30:00,Childrens Hospital Los Angeles,Childrens Hospital Los Angeles,104,Food Service Worker,General
2026-04-22,2026-04-22 12:00:00,2026-04-22 20:30:00,Guckenheimer Cafe at Red Bull,Guckenheimer Cafe at Red Bull - Back of House,105,URGENT,Dishwasher
2026-04-22,2026-04-22 12:00:00,2026-04-22 20:30:00,PIH Health - Whittier Hospital,PIH Health - Whittier Hospital,110,,Prep Cook 2
2026-04-22,2026-04-22 12:00:00,2026-04-22 20:30:00,SBLP Warner Center OPCO LLC - The Variel,The Variel of Woodland Hills,102,,Cook 2
2026-04-22,2026-04-22 12:30:00,2026-04-22 21:00:00,Griffin Club Los Angeles,Griffin Club Los Angeles,102,,Cook 2
2026-04-22,2026-04-22 13:00:00,2026-04-22 21:00:00,"LBVH Hotel, LLC - L'Ermitage Beverly Hills",L'Ermitage Beverly Hills,102,Pastry Cook Assignment - Read Job Description and Event Details Thoroughly,Cook 2
2026-04-22,2026-04-22 14:00:00,2026-04-22 22:30:00,Blue Devils Lessee LLC | Hyatt Centric Delfina Santa Monica,Hyatt Centric Delfina Santa Monica,264,Ongoing Assignment - Read description before signing up,Event Supervisor
2026-04-22,2026-04-22 14:00:00,2026-04-22 22:30:00,Commerce Casino,Commerce Casino - High Limit Kitchen | FOH | MON - TH,101,with runner and cashier duties,Cashier
2026-04-22,2026-04-22 14:00:00,2026-04-22 21:00:00,Disney Studios,Disney Studios | Rotunda Restaurant,102,,Cook 2
2026-04-22,2026-04-22 14:00:00,2026-04-22 22:00:00,Hotel Bel Air,Hotel Bel Air - Swan Cafe,102,,Cook 2
2026-04-22,2026-04-22 14:00:00,2026-04-22 22:30:00,Martin Luther King Jr Hospital,Martin Luther King Jr. Hospital | BOH,102,,Cook 2
2026-04-22,2026-04-22 14:00:00,2026-04-22 22:30:00,SBLP Warner Center OPCO LLC - The Variel,The Variel of Woodland Hills,105,,Dishwasher
2026-04-22,2026-04-22 14:00:00,2026-04-22 22:00:00,Viceroy Santa Monica Hotel,Viceroy Santa Monica Hotel,264,,Event Supervisor
2026-04-22,2026-04-22 14:30:00,2026-04-22 23:00:00,VH Property Corp. dba Trump National Golf Club Los Angeles,Trump National Golf Course Los Angeles | BOH,102,,Cook 2
2026-04-22,2026-04-22 15:00:00,2026-04-22 23:30:00,Commerce Casino,Commerce Casino - Employee Dining Room,102,,Cook 2
2026-04-22,2026-04-22 15:00:00,2026-04-22 23:30:00,Crescent Heights Ten Thousand,Crescent Heights Ten Thousand - Butler Department,115,Butler/Porter,Server 2
2026-04-22,2026-04-22 15:00:00,2026-04-22 23:30:00,Henry Mayo Newhall Hospital,Henry Mayo Newhall Hospital,118,Dishwasher | Deep Cleaning | Must be TB and Physical Tested before Shift,Utility
2026-04-22,2026-04-22 15:00:00,2026-04-22 23:30:00,"LBVH Hotel, LLC - L'Ermitage Beverly Hills",L'Ermitage Beverly Hills,105,,Dishwasher
2026-04-22,2026-04-22 15:00:00,2026-04-22 20:00:00,Wolfgang Puck Catering,Wolfgang Puck Catering - L.A. Live,102,,Cook 2
2026-04-22,2026-04-22 15:30:00,2026-04-22 23:00:00,Glen Arden Club,Glen Arden Club,115,,Server 2
2026-04-22,2026-04-22 15:30:00,2026-04-22 22:00:00,Malibu Beach Inn,Malibu Beach Inn - BOH,105,,Dishwasher
2026-04-22,2026-04-22 15:30:00,2026-04-23 00:00:00,"Manhattan Beach Hotel TRS LLC., dba Westdrift Manhattan Beach",Manhattan Beach Hotel | Banquet,264,,Event Supervisor
2026-04-22,2026-04-22 15:30:00,2026-04-22 21:30:00,Riviera Country Club,Riviera Country Club - Kitchen,105,,Dishwasher
2026-04-22,2026-04-22 16:00:00,2026-04-23 00:30:00,Irvine Spectrum ,Irvine Spectrum - BOH,105,,Dishwasher
2026-04-22,2026-04-22 16:00:00,2026-04-22 20:15:00,Villa Portofino,Villa Portofino,115,,Server 2
2026-04-22,2026-04-22 17:00:00,2026-04-23 01:00:00,Marina Del Rey Marriott,Marina Del Rey Marriott,105,,Dishwasher
2026-04-22,2026-04-22 17:00:00,2026-04-23 01:30:00,Pepperdine University,Pepperdine University - HAWC Cafe & Store,102,,Cook 2
2026-04-22,2026-04-22 17:00:00,2026-04-22 23:00:00,Wolfgang Puck Catering,Wolfgang Puck Catering - Hollywood & Highland,102,,Cook 2
2026-04-22,2026-04-22 21:00:00,2026-04-23 01:30:00,Wolfgang Puck Catering,Wolfgang Puck Catering - L.A. Live,105,,Dishwasher
2026-04-22,2026-04-22 22:00:00,2026-04-23 06:30:00,Commerce Casino,Commerce Casino - Employee Dining Room,102,,Cook 2
2026-04-23,2026-04-23 05:00:00,2026-04-23 13:30:00,Edwards Lifesciences,Edwards Lifesciences FOH Bldg. C,101,,Cashier
2026-04-23,2026-04-23 05:00:00,2026-04-23 13:30:00,Google Spruce Goose Offices,Google Spruce Goose - Catering Operations,102,,Cook 2
2026-04-23,2026-04-23 05:00:00,2026-04-23 13:30:00,People Assisting the Homeless,People Assisting the Homeless - YWCA,110,,Prep Cook 2
2026-04-23,2026-04-23 05:00:00,2026-04-23 13:30:00,PIH Health - Good Samaritan Hospital,PIH Health - Good Samaritan Hospital,290,,Cook 3
2026-04-23,2026-04-23 05:00:00,2026-04-23 13:30:00,PIH Health - Whittier Hospital,PIH Health - Whittier Hospital,102,,Cook 2
2026-04-23,2026-04-23 05:00:00,2026-04-23 13:30:00,PIH Health - Whittier Hospital,PIH Health - Whittier Hospital,110,,Prep Cook 2
2026-04-23,2026-04-23 05:30:00,2026-04-23 11:00:00,Empowered 4 Life Foundation,@ Empowered 4 Life Foundation,110,,Prep Cook 2
2026-04-23,2026-04-23 05:30:00,2026-04-23 14:30:00,"Fox Studio Lot, LLC",Fox Studio - Moe's Cafe BoH,102,,Cook 2
2026-04-23,2026-04-23 05:30:00,2026-04-23 14:00:00,Teledyne,Teledyne,102,,Cook 2
2026-04-23,2026-04-23 06:00:00,2026-04-23 13:30:00,Beverly Hills Unified School District,BHUSD - Beverly Hills High School,102,,Cook 2
2026-04-23,2026-04-23 06:00:00,2026-04-23 13:30:00,Beverly Hills Unified School District,BHUSD- El Rodeo Elementary,288,,Cook 1
2026-04-23,2026-04-23 06:00:00,2026-04-23 14:00:00,Beverly Hills Unified School District,BHUSD - Beverly Hills High School,110,,Prep Cook 2
2026-04-23,2026-04-23 06:00:00,2026-04-23 13:30:00,Beverly Hills Unified School District,BHUSD - Beverly Hills High School,104,,General
2026-04-23,2026-04-23 06:00:00,2026-04-23 14:30:00,Capital Group - Irvine,Capital Group - Irvine | BOH,102,,Cook 2
2026-04-23,2026-04-23 06:00:00,2026-04-23 14:30:00,Capital Group - Irvine,Capital Group - Irvine | FOH,101,,Cashier
2026-04-23,2026-04-23 06:00:00,2026-04-23 14:00:00,Commerce Casino,Commerce Casino - Employee Dining Room,115,,Server 2
2026-04-23,2026-04-23 06:00:00,2026-04-23 14:30:00,Disney Studios,Disney Studios | GC3 Cafe Glendale,102,,Cook 2
2026-04-23,2026-04-23 06:00:00,2026-04-23 14:30:00,Edwards Lifesciences,Edwards Lifesciences FOH Bldg. C,101,,Cashier
2026-04-23,2026-04-23 06:00:00,2026-04-23 14:30:00,Edwards Lifesciences,Edwards Lifesciences FOH Bldg. C,101,,Cashier
2026-04-23,2026-04-23 06:00:00,2026-04-23 14:30:00,Edwards Lifesciences,Edwards Lifesciences FOH Bldg. C,101,,Cashier
2026-04-23,2026-04-23 06:00:00,2026-04-23 14:30:00,"Fox Studio Lot, LLC",Fox Studio - Commissary,102,,Cook 2
2026-04-23,2026-04-23 06:00:00,2026-04-23 15:00:00,"Fox Studio Lot, LLC",Fox Studio - News Cafe BoH,102,,Cook 2
2026-04-23,2026-04-23 06:00:00,2026-04-23 14:30:00,Jet Propulsion Laboratory,JPL - Cafe 303,102,,Cook 2
2026-04-23,2026-04-23 06:00:00,2026-04-23 10:00:00,Judd's Catering ,@Judd's Catering,115,,Server 2
2026-04-23,2026-04-23 06:00:00,2026-04-23 10:00:00,Judd's Catering ,@Judd's Catering,115,,Server 2
2026-04-23,2026-04-23 06:00:00,2026-04-23 14:30:00,Martin Luther King Jr Hospital,Martin Luther King Jr. Hospital | BOH,102,,Cook 2
2026-04-23,2026-04-23 06:00:00,2026-04-23 14:30:00,Netflix,Netflix - NOV - WPC- Catering Service,110,when you are at the lobby please contact Chef Max 626-893-6119,Prep Cook 2
2026-04-23,2026-04-23 06:00:00,2026-04-23 14:30:00,The Getty Center,The Getty Center - Cafe,110,,Prep Cook 2
2026-04-23,2026-04-23 06:00:00,2026-04-23 14:30:00,The Getty Center,The Getty Center - Cafe,110,,Prep Cook 2
2026-04-23,2026-04-23 06:15:00,2026-04-23 14:45:00,Disney Studios,Disney Studios | Big D Cafe Glendale,102,,Cook 2
2026-04-23,2026-04-23 06:15:00,2026-04-23 14:45:00,PIH Health - Whittier Hospital,PIH Health - Whittier Hospital,104,Food Service Worker,General
2026-04-23,2026-04-23 06:30:00,2026-04-23 14:30:00,Amgen Thousand Oaks,Amgen Thousand Oaks - Bistro Cafe,102,,Cook 2
2026-04-23,2026-04-23 06:30:00,2026-04-23 13:30:00,Beverly Hills Unified School District,BHUSD- El Rodeo Elementary,104,,General
2026-04-23,2026-04-23 06:30:00,2026-04-23 15:00:00,Childrens Hospital Los Angeles,Childrens Hospital Los Angeles,105,,Dishwasher
2026-04-23,2026-04-23 06:30:00,2026-04-23 15:00:00,SBLP Warner Center OPCO LLC - The Variel,The Variel of Woodland Hills,105,,Dishwasher
2026-04-23,2026-04-23 06:30:00,2026-04-23 15:00:00,The Archer School for Girls,The Archer School for Girls,102,Read Description Thoroughly,Cook 2
2026-04-23,2026-04-23 07:00:00,2026-04-23 14:00:00,Beverly Hills Unified School District,BHUSD - Beverly Hills High School,105,,Dishwasher
2026-04-23,2026-04-23 07:00:00,2026-04-23 14:00:00,Beverly Hills Unified School District,BHUSD - Horace Mann Elementary School,104,,General
2026-04-23,2026-04-23 07:00:00,2026-04-23 15:30:00,Crescent Heights Ten Thousand,Crescent Heights Ten Thousand - Butler Department,115,Butler/Porter,Server 2
2026-04-23,2026-04-23 07:00:00,2026-04-23 16:00:00,"Fox Studio Lot, LLC",Fox Studio - Moe's Cafe FoH,99,,Busser
2026-04-23,2026-04-23 07:00:00,2026-04-23 14:30:00,Guckenheimer Cafe at Red Bull,Guckenheimer Cafe at Red Bull - Front of House,97,,Barista 2
2026-04-23,2026-04-23 07:00:00,2026-04-23 15:30:00,L.A. Rams,L.A. Rams,105,,Dishwasher
2026-04-23,2026-04-23 07:00:00,2026-04-23 15:30:00,L.A. Rams,L.A. Rams,102,,Cook 2
2026-04-23,2026-04-23 07:00:00,2026-04-23 15:00:00,Marina Del Rey Marriott,Marina Del Rey Marriott,105,,Dishwasher
2026-04-23,2026-04-23 07:00:00,2026-04-23 15:30:00,Martin Luther King Jr Hospital,Martin Luther King Jr. Hospital | BOH,102,,Cook 2
2026-04-23,2026-04-23 07:00:00,2026-04-23 15:00:00,NBC Universal,NBC Universal Studios | The Market Place,110,,Prep Cook 2
2026-04-23,2026-04-23 07:00:00,2026-04-23 15:00:00,NBC Universal,NBC Universal Studios | The Market Place,102,Report to Catering,Cook 2
2026-04-23,2026-04-23 07:00:00,2026-04-23 15:30:00,NBC Universal,NBC Universal Studios | The Market Place,102,,Cook 2
2026-04-23,2026-04-23 07:00:00,2026-04-23 15:00:00,Newport Harbor Yacht Club,Newport Harbor Yacht Club | Banquets,105,Heavy Lifting - Read Description,Dishwasher
2026-04-23,2026-04-23 07:00:00,2026-04-23 15:30:00,Oak View Group at Pasadena Convention Center,Oak View Group at Pasadena Convention Center,110,,Prep Cook 2
2026-04-23,2026-04-23 07:00:00,2026-04-23 14:00:00,Park Place Plaza,Park Place Plaza,101,,Cashier
2026-04-23,2026-04-23 07:00:00,2026-04-23 15:30:00,"Platinum Equity, LLC",Platinum Equity LLC,102,,Cook 2
2026-04-23,2026-04-23 07:00:00,2026-04-23 15:30:00,"Platinum Equity, LLC",Platinum Equity LLC,105,,Dishwasher
2026-04-23,2026-04-23 07:00:00,2026-04-23 15:00:00,RAND Corporation,RAND Corporation,102,,Cook 2
2026-04-23,2026-04-23 07:00:00,2026-04-23 15:00:00,The Archer School for Girls,The Archer School for Girls,105,Read Description Throughly,Dishwasher
2026-04-23,2026-04-23 07:00:00,2026-04-23 15:30:00,The Getty Center,The Getty Center - Cafe,102,,Cook 2
2026-04-23,2026-04-23 07:00:00,2026-04-23 15:30:00,Union Station Homeless Services,Union Station Homeless Services - Adult Center,102,,Cook 2
2026-04-23,2026-04-23 07:00:00,2026-04-23 14:00:00,Union Station Homeless Services,Union Station Homeless Services - Adult Center,102,,Cook 2
2026-04-23,2026-04-23 07:30:00,2026-04-23 15:30:00,Amgen Thousand Oaks,Amgen Thousand Oaks - Bistro Cafe,105,,Dishwasher
2026-04-23,2026-04-23 07:30:00,2026-04-23 16:00:00,Cedars Sinai Medical Center,Cedars Sinai Medical Center - Pavilion,102,Grill Cook,Cook 2
2026-04-23,2026-04-23 07:30:00,2026-04-23 15:30:00,Edwards Lifesciences,Edwards Lifesciences FOH Bldg. C,97,,Barista 2
2026-04-23,2026-04-23 07:30:00,2026-04-23 16:00:00,"Fox Studio Lot, LLC",Fox Studio - Moe's Cafe BoH,105,,Dishwasher
2026-04-23,2026-04-23 07:30:00,2026-04-23 16:00:00,Guckenheimer Cafe at Red Bull,Guckenheimer Cafe at Red Bull - Back of House,105,,Dishwasher
2026-04-23,2026-04-23 07:30:00,2026-04-23 16:00:00,NFL LA Huddle Cafe,NFL LA Huddle Cafe,105,,Dishwasher
2026-04-23,2026-04-23 08:00:00,2026-04-23 13:30:00,Beverly Hills Unified School District,BHUSD - Beverly Vista Middle School,104,,General
2026-04-23,2026-04-23 08:00:00,2026-04-23 14:00:00,Malibu Beach Inn,Malibu Beach Inn - BOH,105,,Dishwasher
2026-04-23,2026-04-23 08:00:00,2026-04-23 16:30:00,PIH Health - Downey Hospital,PIH Health - Downey Hospital,105,,Dishwasher
2026-04-23,2026-04-23 08:30:00,2026-04-23 17:00:00,"Platinum Equity, LLC",Platinum Equity LLC,102,,Cook 2
2026-04-23,2026-04-23 09:00:00,2026-04-23 13:30:00,Beverly Hills Unified School District,BHUSD - Beverly Vista Middle School,104,,General
2026-04-23,2026-04-23 09:00:00,2026-04-23 15:00:00,Cedars Sinai Medical Center,Cedars Sinai Medical Center - Catering Dept.,115,,Server 2
2026-04-23,2026-04-23 09:00:00,2026-04-23 17:00:00,Malibu Beach Inn,Malibu Beach Inn - BOH,107,Housekeeping,Houseperson
2026-04-23,2026-04-23 09:00:00,2026-04-23 17:30:00,The Bolt Chargers Practice Training Facility,LA Chargers Training Facility | The Bolt,110,,Prep Cook 2
2026-04-23,2026-04-23 09:00:00,2026-04-23 14:30:00,Wolfgang Puck Catering,Wolfgang Puck Catering - Sony Studios,102,,Cook 2
2026-04-23,2026-04-23 09:30:00,2026-04-23 15:00:00,Google Spruce Goose Offices,Google Spruce Goose - Cafe,104,Dishwasher - Time to be Discussed ,General
2026-04-23,2026-04-23 10:00:00,2026-04-23 15:00:00,Cedars Sinai Medical Center,Cedars Sinai Medical Center - Catering Dept.,115,,Server 2
2026-04-23,2026-04-23 10:00:00,2026-04-23 18:30:00,Four Seasons Hotel Westlake Village,Four Seasons Hotel Westlake Village ,102,pastry experience preferred,Cook 2
2026-04-23,2026-04-23 10:00:00,2026-04-23 18:00:00,L.A. Galaxy,L.A. Galaxy,105,,Dishwasher
2026-04-23,2026-04-23 10:00:00,2026-04-23 15:00:00,Middleby Residential SoCal,Middleby Residential SoCal,105,,Dishwasher
2026-04-23,2026-04-23 10:00:00,2026-04-23 15:00:00,Universal Music Group,Universal Music Group,105,,Dishwasher
2026-04-23,2026-04-23 10:45:00,2026-04-23 15:30:00,Netflix,Netflix - ICON - WPC- Catering Service,105,,Dishwasher
2026-04-23,2026-04-23 11:00:00,2026-04-23 19:00:00,Blue Devils Lessee LLC | Hyatt Centric Delfina Santa Monica,Hyatt Centric Delfina Santa Monica,105,Steward,Dishwasher
2026-04-23,2026-04-23 11:00:00,2026-04-23 19:30:00,PIH Health - Whittier Hospital,PIH Health - Whittier Hospital,102,,Cook 2
2026-04-23,2026-04-23 12:00:00,2026-04-23 20:30:00,Academy Museum of Motion Pictures,Academy Museum of Motion Pictures - Fanny's Restaurant,105,,Dishwasher
2026-04-23,2026-04-23 12:00:00,2026-04-23 20:00:00,Hotel Bel Air,Hotel Bel Air - Main Kitchen,102,,Cook 2
2026-04-23,2026-04-23 12:00:00,2026-04-23 20:30:00,PIH Health - Whittier Hospital,PIH Health - Whittier Hospital,110,,Prep Cook 2
2026-04-23,2026-04-23 12:00:00,2026-04-23 20:30:00,SBLP Warner Center OPCO LLC - The Variel,The Variel of Woodland Hills,102,,Cook 2
2026-04-23,2026-04-23 12:30:00,2026-04-23 21:00:00,Camp Ronald McDonald,Camp Ronald McDonald,102,Wed - Sunday Assign. | Travel pay offered | Island/Camp Living for a week,Cook 2
2026-04-23,2026-04-23 13:00:00,2026-04-23 21:00:00,"LBVH Hotel, LLC - L'Ermitage Beverly Hills",L'Ermitage Beverly Hills,102,Pastry Cook Assignment - Read Job Description and Event Details Thoroughly,Cook 2
2026-04-23,2026-04-23 13:00:00,2026-04-23 21:30:00,VEA Hotel - Newport Beach,VEA Hotel - Newport Beach | Cooks,102,,Cook 2
2026-04-23,2026-04-23 13:30:00,2026-04-23 21:00:00,The Vered,The Vered,102,,Cook 2
2026-04-23,2026-04-23 14:00:00,2026-04-23 22:30:00,Commerce Casino,Commerce Casino - High Limit Kitchen | FOH | MON - TH,101,with runner and cashier duties,Cashier
2026-04-23,2026-04-23 14:00:00,2026-04-23 22:00:00,Hotel Bel Air,Hotel Bel Air - Swan Cafe,102,,Cook 2
2026-04-23,2026-04-23 14:00:00,2026-04-23 22:30:00,Martin Luther King Jr Hospital,Martin Luther King Jr. Hospital | BOH,102,,Cook 2
2026-04-23,2026-04-23 14:00:00,2026-04-23 22:30:00,SBLP Warner Center OPCO LLC - The Variel,The Variel of Woodland Hills,105,,Dishwasher
2026-04-23,2026-04-23 14:00:00,2026-04-23 22:30:00,SBLP Warner Center OPCO LLC - The Variel,The Variel of Woodland Hills,105,,Dishwasher
2026-04-23,2026-04-23 14:30:00,2026-04-23 23:00:00,Commerce Casino,Commerce Casino - Employee Dining Room,102,,Cook 2
2026-04-23,2026-04-23 14:30:00,2026-04-23 23:00:00,VH Property Corp. dba Trump National Golf Club Los Angeles,Trump National Golf Course Los Angeles | BOH,102,,Cook 2
2026-04-23,2026-04-23 15:00:00,2026-04-23 23:00:00,Blue Devils Lessee LLC | Hyatt Centric Delfina Santa Monica,Hyatt Centric Delfina Santa Monica,105,Steward,Dishwasher
2026-04-23,2026-04-23 15:00:00,2026-04-23 20:00:00,City National Bank,City National Bank - Blue Ladder Cafe,98,,Bartender 2
2026-04-23,2026-04-23 15:00:00,2026-04-23 23:30:00,Crescent Heights Ten Thousand,Crescent Heights Ten Thousand - Butler Department,115,Butler/Porter,Server 2
2026-04-23,2026-04-23 15:00:00,2026-04-23 23:30:00,Henry Mayo Newhall Hospital,Henry Mayo Newhall Hospital,118,Dishwasher | Deep Cleaning | Must be TB and Physical Tested before Shift,Utility
2026-04-23,2026-04-23 15:00:00,2026-04-23 23:30:00,"LBVH Hotel, LLC - L'Ermitage Beverly Hills",L'Ermitage Beverly Hills,105,,Dishwasher
2026-04-23,2026-04-23 15:00:00,2026-04-23 20:30:00,Wolfgang Puck Catering,Wolfgang Puck Catering - L.A. Live,102,,Cook 2
2026-04-23,2026-04-23 15:30:00,2026-04-23 22:00:00,Malibu Beach Inn,Malibu Beach Inn - BOH,105,,Dishwasher
2026-04-23,2026-04-23 15:30:00,2026-04-23 19:30:00,Netflix,Netflix - ICON - WPC- Catering Service,98,,Bartender 2
2026-04-23,2026-04-23 16:00:00,2026-04-23 20:00:00,Los Angeles LGBT Center,LA LGBT Center | Events,115,Read Description,Server 2
2026-04-23,2026-04-23 16:00:00,2026-04-23 22:00:00,"Manhattan Beach Hotel TRS LLC., dba Westdrift Manhattan Beach",Manhattan Beach Hotel | Banquet,96,,Barback
2026-04-23,2026-04-23 16:00:00,2026-04-23 21:30:00,Sand Hill Kitchen,Sand Hill Kitchen | Quad Conference Center,285,,Server 1
2026-04-23,2026-04-23 16:00:00,2026-04-23 22:30:00,SBLP Warner Center OPCO LLC - The Variel,The Variel of Woodland Hills,102,,Cook 2
2026-04-23,2026-04-23 16:30:00,2026-04-23 21:30:00,Country Market Catering Inc dba Contemporary Catering,@ Contemporary Catering,102,,Cook 2
2026-04-23,2026-04-23 17:00:00,2026-04-23 22:30:00,Griffin Club Los Angeles,Griffin Club Los Angeles,105,,Dishwasher
2026-04-23,2026-04-23 17:00:00,2026-04-24 01:00:00,Marina Del Rey Marriott,Marina Del Rey Marriott,105,,Dishwasher
2026-04-23,2026-04-23 17:00:00,2026-04-24 01:30:00,Pepperdine University,Pepperdine University - HAWC Cafe & Store,102,,Cook 2
2026-04-23,2026-04-23 17:00:00,2026-04-23 21:30:00,Sand Hill Kitchen,Sand Hill Kitchen | Quad Conference Center,105,,Dishwasher
2026-04-23,2026-04-23 17:00:00,2026-04-23 22:00:00,Wolfgang Puck Catering,Wolfgang Puck Catering - L.A. Live,105,,Dishwasher
2026-04-23,2026-04-23 18:30:00,2026-04-24 00:30:00,Irvine Spectrum ,Irvine Spectrum - BOH,105,,Dishwasher
2026-04-23,2026-04-23 22:00:00,2026-04-24 06:30:00,Commerce Casino,Commerce Casino - Employee Dining Room,102,,Cook 2
2026-04-24,2026-04-24 05:00:00,2026-04-24 13:30:00,Edwards Lifesciences,Edwards Lifesciences FOH Bldg. C,101,,Cashier
2026-04-24,2026-04-24 05:00:00,2026-04-24 13:30:00,Edwards Lifesciences,Edwards Lifesciences FOH Bldg. C,101,,Cashier
2026-04-24,2026-04-24 05:00:00,2026-04-24 13:30:00,Google Spruce Goose Offices,Google Spruce Goose - Catering Operations,102,,Cook 2
2026-04-24,2026-04-24 05:00:00,2026-04-24 13:30:00,People Assisting the Homeless,People Assisting the Homeless - YWCA,110,,Prep Cook 2
2026-04-24,2026-04-24 05:00:00,2026-04-24 13:30:00,PIH Health - Good Samaritan Hospital,PIH Health - Good Samaritan Hospital,290,,Cook 3
2026-04-24,2026-04-24 05:00:00,2026-04-24 13:30:00,PIH Health - Whittier Hospital,PIH Health - Whittier Hospital,102,,Cook 2
2026-04-24,2026-04-24 05:30:00,2026-04-24 11:00:00,Empowered 4 Life Foundation,@ Empowered 4 Life Foundation,110,,Prep Cook 2
2026-04-24,2026-04-24 05:30:00,2026-04-24 14:00:00,Teledyne,Teledyne,102,,Cook 2
2026-04-24,2026-04-24 06:00:00,2026-04-24 14:00:00,Beverly Hills Unified School District,BHUSD - Beverly Hills High School,110,,Prep Cook 2
2026-04-24,2026-04-24 06:00:00,2026-04-24 13:30:00,Beverly Hills Unified School District,BHUSD - Beverly Hills High School,102,,Cook 2
2026-04-24,2026-04-24 06:00:00,2026-04-24 13:30:00,Beverly Hills Unified School District,BHUSD - Beverly Hills High School,104,,General
2026-04-24,2026-04-24 06:00:00,2026-04-24 13:30:00,Beverly Hills Unified School District,BHUSD- El Rodeo Elementary,288,,Cook 1
2026-04-24,2026-04-24 06:00:00,2026-04-24 14:30:00,Commerce Casino,Commerce Casino - High Limit Kitchen | FOH | FRIDAY - SUN,101,runner with limited cashier duties,Cashier
2026-04-24,2026-04-24 06:00:00,2026-04-24 14:00:00,Commerce Casino,Commerce Casino - Employee Dining Room,115,,Server 2
2026-04-24,2026-04-24 06:00:00,2026-04-24 12:00:00,Crescent Heights Ten Thousand,Crescent Heights Ten Thousand - Buffet,115,,Server 2
2026-04-24,2026-04-24 06:00:00,2026-04-24 14:30:00,Edwards Lifesciences,Edwards Lifesciences FOH Bldg. C,101,,Cashier
2026-04-24,2026-04-24 06:00:00,2026-04-24 15:00:00,"Fox Studio Lot, LLC",Fox Studio - News Cafe BoH,102,,Cook 2
2026-04-24,2026-04-24 06:00:00,2026-04-24 15:00:00,"Fox Studio Lot, LLC",Fox Studio - Moe's Cafe BoH,102,,Cook 2
2026-04-24,2026-04-24 06:00:00,2026-04-24 14:30:00,Martin Luther King Jr Hospital,Martin Luther King Jr. Hospital | BOH,102,,Cook 2
2026-04-24,2026-04-24 06:00:00,2026-04-24 14:30:00,The Getty Center,The Getty Center - Cafe,110,,Prep Cook 2
2026-04-24,2026-04-24 06:00:00,2026-04-24 14:30:00,USC Verdugo Hills Hospital,USC Verdugo Hills Hospital,102,,Cook 2
2026-04-24,2026-04-24 06:00:00,2026-04-24 14:30:00,VEA Hotel - Newport Beach,VEA Hotel - Newport Beach | Cooks,102,,Cook 2
2026-04-24,2026-04-24 06:30:00,2026-04-24 14:30:00,Amgen Thousand Oaks,Amgen Thousand Oaks - Bistro Cafe,102,,Cook 2
2026-04-24,2026-04-24 06:30:00,2026-04-24 14:00:00,Beverly Hills Unified School District,BHUSD- El Rodeo Elementary,104,,General
2026-04-24,2026-04-24 06:30:00,2026-04-24 15:00:00,Childrens Hospital Los Angeles,Childrens Hospital Los Angeles,105,,Dishwasher
2026-04-24,2026-04-24 06:30:00,2026-04-24 15:30:00,Google Spruce Goose Offices,Google Spruce Goose - Catering Operations,317,Miguel Sanchez ,Captain
2026-04-24,2026-04-24 06:30:00,2026-04-24 15:00:00,Google Spruce Goose Offices,Google Spruce Goose - Catering Operations,115,Ernesto Moreno ,Server 2
2026-04-24,2026-04-24 06:30:00,2026-04-24 12:30:00,Mosaic Hotel,Mosaic Hotel,102,Ongoing Assignment - Read description before signing up,Cook 2
2026-04-24,2026-04-24 06:30:00,2026-04-24 15:00:00,The Archer School for Girls,The Archer School for Girls,290,Read Description Thoroughly,Cook 3
2026-04-24,2026-04-24 06:30:00,2026-04-24 15:00:00,The Archer School for Girls,The Archer School for Girls,102,Read Description Thoroughly,Cook 2
2026-04-24,2026-04-24 06:30:00,2026-04-24 15:00:00,The Archer School for Girls,The Archer School for Girls,102,,Cook 2
2026-04-24,2026-04-24 07:00:00,2026-04-24 14:00:00,Beverly Hills Unified School District,BHUSD - Horace Mann Elementary School,104,,General
2026-04-24,2026-04-24 07:00:00,2026-04-24 14:00:00,Beverly Hills Unified School District,BHUSD - Beverly Hills High School,105,,Dishwasher
2026-04-24,2026-04-24 07:00:00,2026-04-24 15:30:00,Crescent Heights Ten Thousand,Crescent Heights Ten Thousand - Butler Department,115,Butler/Porter,Server 2
2026-04-24,2026-04-24 07:00:00,2026-04-24 15:30:00,Crescent Heights Ten Thousand,Crescent Heights Ten Thousand - Butler Department,115,Butler/Porter,Server 2
2026-04-24,2026-04-24 07:00:00,2026-04-24 15:30:00,Edwards Lifesciences,Edwards Lifesciences FOH Bldg. C,281,,Barista 1
2026-04-24,2026-04-24 07:00:00,2026-04-24 15:30:00,L.A. Rams,L.A. Rams,105,,Dishwasher
2026-04-24,2026-04-24 07:00:00,2026-04-24 15:30:00,L.A. Rams,L.A. Rams,102,,Cook 2
2026-04-24,2026-04-24 07:00:00,2026-04-24 15:00:00,Marina Del Rey Marriott,Marina Del Rey Marriott,105,,Dishwasher
2026-04-24,2026-04-24 07:00:00,2026-04-24 15:30:00,Martin Luther King Jr Hospital,Martin Luther King Jr. Hospital | BOH,102,,Cook 2
2026-04-24,2026-04-24 07:00:00,2026-04-24 15:00:00,Newport Harbor Yacht Club,Newport Harbor Yacht Club | Banquets,105,Heavy Lifting - Read Description,Dishwasher
2026-04-24,2026-04-24 07:00:00,2026-04-24 15:30:00,Oak View Group at Pasadena Convention Center,Oak View Group at Pasadena Convention Center,110,,Prep Cook 2
2026-04-24,2026-04-24 07:00:00,2026-04-24 15:30:00,Park Place Plaza,Park Place Plaza,101,with Barista Duties,Cashier
2026-04-24,2026-04-24 07:00:00,2026-04-24 15:30:00,"Platinum Equity, LLC",Platinum Equity LLC,102,,Cook 2
2026-04-24,2026-04-24 07:00:00,2026-04-24 15:30:00,"Platinum Equity, LLC",Platinum Equity LLC,105,,Dishwasher
2026-04-24,2026-04-24 07:00:00,2026-04-24 15:00:00,RAND Corporation,RAND Corporation,102,,Cook 2
2026-04-24,2026-04-24 07:00:00,2026-04-24 15:30:00,Terrace Kitchen,Terrace Kitchen,115,Catering Attendant,Server 2
2026-04-24,2026-04-24 07:00:00,2026-04-24 15:00:00,The Archer School for Girls,The Archer School for Girls,105,Read Description Throughly,Dishwasher
2026-04-24,2026-04-24 07:00:00,2026-04-24 15:30:00,The Getty Center,The Getty Center - Cafe,102,,Cook 2
2026-04-24,2026-04-24 07:00:00,2026-04-24 15:30:00,Union Station Homeless Services,Union Station Homeless Services - Adult Center,102,,Cook 2
2026-04-24,2026-04-24 07:00:00,2026-04-24 14:00:00,Union Station Homeless Services,Union Station Homeless Services - Adult Center,102,,Cook 2
2026-04-24,2026-04-24 07:30:00,2026-04-24 16:00:00,Amgen Thousand Oaks,Amgen Thousand Oaks - Terrace Cafe,105,,Dishwasher
2026-04-24,2026-04-24 07:30:00,2026-04-24 15:30:00,Amgen Thousand Oaks,Amgen Thousand Oaks - Bistro Cafe,105,,Dishwasher
2026-04-24,2026-04-24 07:30:00,2026-04-24 16:00:00,"Fox Studio Lot, LLC",Fox Studio - Moe's Cafe BoH,105,,Dishwasher
2026-04-24,2026-04-24 07:30:00,2026-04-24 16:00:00,Guckenheimer Cafe at Red Bull,Guckenheimer Cafe at Red Bull - Back of House,105,,Dishwasher
2026-04-24,2026-04-24 08:00:00,2026-04-24 13:30:00,Beverly Hills Unified School District,BHUSD - Beverly Vista Middle School,104,,General
2026-04-24,2026-04-24 08:00:00,2026-04-24 16:30:00,Crescent Heights Ten Thousand,Crescent Heights Ten Thousand - Butler Department,115,Butler/Porter,Server 2
2026-04-24,2026-04-24 08:00:00,2026-04-24 16:30:00,Edwards Lifesciences,Edwards Lifesciences FOH Bldg. C,97,,Barista 2
2026-04-24,2026-04-24 08:00:00,2026-04-24 15:00:00,Google Spruce Goose Offices,Google Spruce Goose - Cafe,97,Read Description Throughly,Barista 2
2026-04-24,2026-04-24 08:00:00,2026-04-24 09:00:00,Henry Mayo Newhall Hospital,Henry Mayo Newhall Hospital,299,,Specialty Testing
2026-04-24,2026-04-24 08:00:00,2026-04-24 16:00:00,Hotel Bel Air,Hotel Bel Air - Main Kitchen,110,,Prep Cook 2
2026-04-24,2026-04-24 08:00:00,2026-04-24 16:00:00,Hotel Bel Air,Hotel Bel Air - Main Kitchen,102,,Cook 2
2026-04-24,2026-04-24 08:00:00,2026-04-24 14:00:00,Malibu Beach Inn,Malibu Beach Inn - BOH,105,,Dishwasher
2026-04-24,2026-04-24 08:00:00,2026-04-24 16:30:00,PIH Health - Downey Hospital,PIH Health - Downey Hospital,105,,Dishwasher
2026-04-24,2026-04-24 08:00:00,2026-04-24 16:00:00,SBLP Warner Center OPCO LLC - The Variel,The Variel of Woodland Hills,105,,Dishwasher
2026-04-24,2026-04-24 08:00:00,2026-04-24 16:00:00,The Westin Long Beach,The Westin Long Beach,105,Steward,Dishwasher
2026-04-24,2026-04-24 08:30:00,2026-04-24 17:00:00,"Platinum Equity, LLC",Platinum Equity LLC,102,,Cook 2
2026-04-24,2026-04-24 09:00:00,2026-04-24 13:30:00,Beverly Hills Unified School District,BHUSD- El Rodeo Elementary,104,,General
2026-04-24,2026-04-24 09:00:00,2026-04-24 15:00:00,Google Spruce Goose Offices,Google Spruce Goose - Cafe,104,Dishwasher - Time to be Discussed ,General
2026-04-24,2026-04-24 09:00:00,2026-04-24 17:00:00,Malibu Beach Inn,Malibu Beach Inn - BOH,107,Housekeeping,Houseperson
2026-04-24,2026-04-24 09:30:00,2026-04-24 13:30:00,NORR Kitchen,@ NORR Kitchen | OFFSITE EVENT,273,,Sous Chef 2
2026-04-24,2026-04-24 10:00:00,2026-04-24 18:30:00,Four Seasons Hotel Westlake Village,Four Seasons Hotel Westlake Village ,102,pastry experience preferred,Cook 2
2026-04-24,2026-04-24 10:00:00,2026-04-24 18:30:00,Griffin Club Los Angeles,Griffin Club Los Angeles,102,,Cook 2
2026-04-24,2026-04-24 10:00:00,2026-04-24 16:00:00,Newport Harbor Yacht Club,Newport Harbor Yacht Club | Banquets,115,,Server 2
2026-04-24,2026-04-24 10:00:00,2026-04-24 18:30:00,NFL LA Huddle Cafe,NFL LA Huddle Cafe,105,,Dishwasher
2026-04-24,2026-04-24 10:00:00,2026-04-24 15:30:00,Oak View Group at Pasadena Convention Center,Oak View Group at Pasadena Convention Center,115,,Server 2
2026-04-24,2026-04-24 10:30:00,2026-04-24 17:00:00,VH Property Corp. dba Trump National Golf Club Los Angeles,Trump National Golf Course Los Angeles | Vista Grill,102,,Cook 2
2026-04-24,2026-04-24 11:00:00,2026-04-24 16:30:00,"Fox Studio Lot, LLC",Fox Studio - Moe's Cafe FoH,264,,Event Supervisor
2026-04-24,2026-04-24 11:00:00,2026-04-24 18:30:00,Griffin Club Los Angeles,Griffin Club Los Angeles,102,,Cook 2
2026-04-24,2026-04-24 11:00:00,2026-04-24 19:30:00,PIH Health - Whittier Hospital,PIH Health - Whittier Hospital,102,,Cook 2
2026-04-24,2026-04-24 12:00:00,2026-04-24 20:30:00,USC Verdugo Hills Hospital,USC Verdugo Hills Hospital,105,,Dishwasher
2026-04-24,2026-04-24 12:00:00,2026-04-24 20:00:00,Viceroy Santa Monica Hotel,Viceroy Santa Monica Hotel,102,,Cook 2
2026-04-24,2026-04-24 12:30:00,2026-04-24 21:00:00,Camp Ronald McDonald,Camp Ronald McDonald,102,Wed - Sunday Assign. | Travel pay offered | Island/Camp Living for a week,Cook 2
2026-04-24,2026-04-24 13:30:00,2026-04-24 19:30:00,The Vered,The Vered,102,TB and LIVE Scan Required - Ongoing Shift - Do not publish,Cook 2
2026-04-24,2026-04-24 14:00:00,2026-04-24 22:30:00,Commerce Casino,Commerce Casino - High Limit Kitchen | FOH | FRIDAY - SUN,101,Runner with Cashier Duties,Cashier
2026-04-24,2026-04-24 14:00:00,2026-04-24 22:00:00,Hotel Bel Air,Hotel Bel Air - Swan Cafe,102,,Cook 2
2026-04-24,2026-04-24 14:00:00,2026-04-24 22:30:00,"LBVH Hotel, LLC - L'Ermitage Beverly Hills",L'Ermitage Beverly Hills,102,Pastry Cook Assignment - Read Job Description and Event Details Thoroughly,Cook 2
2026-04-24,2026-04-24 14:00:00,2026-04-24 22:30:00,Martin Luther King Jr Hospital,Martin Luther King Jr. Hospital | BOH,102,,Cook 2
2026-04-24,2026-04-24 14:00:00,2026-04-24 22:30:00,SBLP Warner Center OPCO LLC - The Variel,The Variel of Woodland Hills,105,,Dishwasher
2026-04-24,2026-04-24 14:00:00,2026-04-24 22:30:00,VEA Hotel - Newport Beach,VEA Hotel - Newport Beach | Cooks,102,,Cook 2
2026-04-24,2026-04-24 14:30:00,2026-04-24 23:00:00,Commerce Casino,Commerce Casino - Employee Dining Room,102,,Cook 2
2026-04-24,2026-04-24 14:30:00,2026-04-24 23:00:00,VH Property Corp. dba Trump National Golf Club Los Angeles,Trump National Golf Course Los Angeles | BOH,102,,Cook 2
2026-04-24,2026-04-24 15:00:00,2026-04-24 23:30:00,Crescent Heights Ten Thousand,Crescent Heights Ten Thousand - Butler Department,115,Butler/Porter,Server 2
2026-04-24,2026-04-24 15:00:00,2026-04-24 23:30:00,"LBVH Hotel, LLC - L'Ermitage Beverly Hills",L'Ermitage Beverly Hills,105,,Dishwasher
2026-04-24,2026-04-24 15:00:00,2026-04-24 22:00:00,Renaissance LA Airport Hotel,Renaissance LA Airport Hotel - Banquets,107,,Houseperson
2026-04-24,2026-04-24 15:00:00,2026-04-24 20:00:00,The Westin Long Beach,The Westin Long Beach,102,,Cook 2
2026-04-24,2026-04-24 15:00:00,2026-04-24 23:00:00,Viceroy Santa Monica Hotel,Viceroy Santa Monica Hotel,105,,Dishwasher
2026-04-24,2026-04-24 15:30:00,2026-04-24 23:00:00,Malibu Beach Inn,Malibu Beach Inn - BOH,105,,Dishwasher
2026-04-24,2026-04-24 15:30:00,2026-04-24 21:30:00,Riviera Country Club,Riviera Country Club - Kitchen,105,,Dishwasher
2026-04-24,2026-04-24 15:30:00,2026-04-24 19:30:00,The Music Center - DTLA,The Music Center | FOH,264,,Event Supervisor
2026-04-24,2026-04-24 16:00:00,2026-04-25 00:30:00,Irvine Spectrum ,Irvine Spectrum - BOH,105,,Dishwasher
2026-04-24,2026-04-24 16:00:00,2026-04-24 22:30:00,The Music Center - DTLA,The Music Center | FOH,96,,Barback
2026-04-24,2026-04-24 16:00:00,2026-04-24 23:00:00,Viceroy Santa Monica Hotel,Viceroy Santa Monica Hotel,105,URGENT,Dishwasher
2026-04-24,2026-04-24 16:30:00,2026-04-24 23:00:00,Crescent Heights Ten Thousand,Crescent Heights Ten Thousand - Bartending,98,,Bartender 2
2026-04-24,2026-04-24 17:00:00,2026-04-25 01:30:00,Commerce Casino,Commerce Casino - High Limit Kitchen | FOH | FRIDAY - SUN,101,runner with limited cashier duties,Cashier
2026-04-24,2026-04-24 17:00:00,2026-04-24 22:30:00,Griffin Club Los Angeles,Griffin Club Los Angeles,105,,Dishwasher
2026-04-24,2026-04-24 17:00:00,2026-04-25 01:00:00,Marina Del Rey Marriott,Marina Del Rey Marriott,105,,Dishwasher
2026-04-24,2026-04-24 17:00:00,2026-04-25 01:30:00,Pepperdine University,Pepperdine University - HAWC Cafe & Store,102,,Cook 2
2026-04-24,2026-04-24 17:00:00,2026-04-25 01:00:00,The Westin Long Beach,The Westin Long Beach,105,Steward,Dishwasher
2026-04-24,2026-04-24 17:00:00,2026-04-24 23:00:00,Viceroy Santa Monica Hotel,Viceroy Santa Monica Hotel,105,URGENT,Dishwasher
2026-04-24,2026-04-24 17:30:00,2026-04-25 01:30:00,The Music Center - DTLA,The Music Center | FOH,115,,Server 2
2026-04-24,2026-04-24 18:00:00,2026-04-24 23:00:00,Viceroy Santa Monica Hotel,Viceroy Santa Monica Hotel,105,URGENT,Dishwasher
2026-04-24,2026-04-24 19:00:00,2026-04-25 00:00:00,VH Property Corp. dba Trump National Golf Club Los Angeles,Trump National Golf Course Los Angeles | BOH,105,,Dishwasher
2026-04-24,2026-04-24 22:00:00,2026-04-25 06:30:00,Commerce Casino,Commerce Casino - Employee Dining Room,102,,Cook 2
2026-04-24,2026-04-24 22:00:00,2026-04-25 06:00:00,Commerce Casino,Commerce Casino - Employee Dining Room,115,FOH Attendant | Overnight Shift,Server 2
2026-04-25,2026-04-25 05:00:00,2026-04-25 13:30:00,Martin Luther King Jr Hospital,Martin Luther King Jr. Hospital | BOH,102,,Cook 2
2026-04-25,2026-04-25 05:00:00,2026-04-25 13:30:00,People Assisting the Homeless,People Assisting the Homeless - YWCA,110,,Prep Cook 2
2026-04-25,2026-04-25 05:30:00,2026-04-25 14:30:00,"Fox Studio Lot, LLC",Fox Studio - Moe's Cafe BoH,102,,Cook 2
2026-04-25,2026-04-25 06:00:00,2026-04-25 14:30:00,Commerce Casino,Commerce Casino - High Limit Kitchen | FOH | FRIDAY - SUN,101,runner with limited cashier duties,Cashier
2026-04-25,2026-04-25 06:00:00,2026-04-25 14:30:00,"Fox Studio Lot, LLC",Fox Studio - Moe's Cafe BoH,102,,Cook 2
2026-04-25,2026-04-25 06:00:00,2026-04-25 14:30:00,"Fox Studio Lot, LLC",Fox Studio - Moe's Cafe BoH,102,,Cook 2
2026-04-25,2026-04-25 06:00:00,2026-04-25 14:30:00,The Getty Center,The Getty Center - Cafe,110,,Prep Cook 2
2026-04-25,2026-04-25 06:30:00,2026-04-25 15:00:00,Childrens Hospital Los Angeles,Childrens Hospital Los Angeles,105,,Dishwasher
2026-04-25,2026-04-25 06:30:00,2026-04-25 14:30:00,"Fox Studio Lot, LLC",Fox Studio - Moe's Cafe FoH,99,,Busser
2026-04-25,2026-04-25 06:30:00,2026-04-25 13:00:00,Mosaic Hotel,Mosaic Hotel,102,Ongoing Assignment - Read description before signing up,Cook 2
2026-04-25,2026-04-25 06:30:00,2026-04-25 15:30:00,SBLP Warner Center OPCO LLC - The Variel,The Variel of Woodland Hills,105,,Dishwasher
2026-04-25,2026-04-25 06:30:00,2026-04-25 14:00:00,St. Anne's Maternity,St. Anne's Maternity,115,,Server 2
2026-04-25,2026-04-25 06:30:00,2026-04-25 11:30:00,Wolfgang Puck Catering,Wolfgang Puck Catering - L.A. Live,102,,Cook 2
2026-04-25,2026-04-25 07:00:00,2026-04-25 15:00:00,Camp Ronald McDonald,Camp Ronald McDonald,105,,Dishwasher
2026-04-25,2026-04-25 07:00:00,2026-04-25 15:30:00,Crescent Heights Ten Thousand,Crescent Heights Ten Thousand - Butler Department,115,Butler/Porter,Server 2
2026-04-25,2026-04-25 07:00:00,2026-04-25 15:30:00,"Fox Studio Lot, LLC",Fox Studio - Moe's Cafe BoH,105,,Dishwasher
2026-04-25,2026-04-25 07:00:00,2026-04-25 15:00:00,Malibu Beach Inn,Malibu Beach Inn - BOH,105,,Dishwasher
2026-04-25,2026-04-25 07:00:00,2026-04-25 15:00:00,Newport Harbor Yacht Club,Newport Harbor Yacht Club | Banquets,105,Heavy Lifting - Read Description,Dishwasher
2026-04-25,2026-04-25 07:00:00,2026-04-26 11:00:00,NORR Kitchen,@ NORR Kitchen | OFFSITE EVENT,273,,Sous Chef 2
2026-04-25,2026-04-25 07:00:00,2026-04-25 15:30:00,The Getty Center,The Getty Center - Cafe,102,,Cook 2
2026-04-25,2026-04-25 07:00:00,2026-04-25 15:30:00,Union Station Homeless Services,Union Station Homeless Services - Adult Center,102,,Cook 2
2026-04-25,2026-04-25 07:00:00,2026-04-25 14:30:00,Wolfgang Puck Catering,Wolfgang Puck Catering - Hollywood & Highland,102,,Cook 2
2026-04-25,2026-04-25 08:00:00,2026-04-25 16:30:00,Beverly Hills Hotel,Beverly Hills Hotel - Main Kitchen,102,,Cook 2
2026-04-25,2026-04-25 08:00:00,2026-04-25 16:00:00,Hotel Bel Air,Hotel Bel Air - Main Kitchen,110,,Prep Cook 2
2026-04-25,2026-04-25 08:00:00,2026-04-25 16:30:00,PIH Health - Downey Hospital,PIH Health - Downey Hospital,105,,Dishwasher
2026-04-25,2026-04-25 08:00:00,2026-04-25 16:00:00,Renaissance LA Airport Hotel,Renaissance LA Airport Hotel - Banquets,107,,Houseperson
2026-04-25,2026-04-25 09:00:00,2026-04-25 15:00:00,@Palm Springs Surf Club,@Palm Springs Surf Club- Atrium,115,with Server duties ,Server 2
2026-04-25,2026-04-25 09:00:00,2026-04-25 15:00:00,@Palm Springs Surf Club,@Palm Springs Surf Club- Atrium,107,Server Assistant ,Houseperson
2026-04-25,2026-04-25 09:00:00,2026-04-25 15:00:00,Cedars Sinai Medical Center,Cedars Sinai - Plaza & Cafe,105,Utility,Dishwasher
2026-04-25,2026-04-25 09:00:00,2026-04-25 17:00:00,Malibu Beach Inn,Malibu Beach Inn - BOH,107,Housekeeping,Houseperson
2026-04-25,2026-04-25 10:00:00,2026-04-25 18:30:00,Four Seasons Hotel Westlake Village,Four Seasons Hotel Westlake Village ,102,pastry experience preferred,Cook 2
2026-04-25,2026-04-25 10:00:00,2026-04-25 18:30:00,Griffin Club Los Angeles,Griffin Club Los Angeles,102,,Cook 2
2026-04-25,2026-04-25 10:30:00,2026-04-25 19:00:00,Mount Saint Mary's University,Mount Saint Mary's University - Doheny Campus,102,,Cook 2
2026-04-25,2026-04-25 10:30:00,2026-04-25 17:00:00,VH Property Corp. dba Trump National Golf Club Los Angeles,Trump National Golf Course Los Angeles | Vista Grill,102,,Cook 2
2026-04-25,2026-04-25 11:00:00,2026-04-25 18:30:00,Griffin Club Los Angeles,Griffin Club Los Angeles,102,,Cook 2
2026-04-25,2026-04-25 11:30:00,2026-04-25 16:30:00,Wolfgang Puck Catering,Wolfgang Puck Catering - Temple | AIP,105,,Dishwasher
2026-04-25,2026-04-25 12:00:00,2026-04-25 20:30:00,Childrens Hospital Los Angeles,Childrens Hospital Los Angeles,104,Food Service Worker,General
2026-04-25,2026-04-25 12:00:00,2026-04-25 20:30:00,SBLP Warner Center OPCO LLC - The Variel,The Variel of Woodland Hills,102,,Cook 2
2026-04-25,2026-04-25 12:00:00,2026-04-25 20:30:00,The Garland,The Garland,102,,Cook 2
2026-04-25,2026-04-25 12:00:00,2026-04-25 20:30:00,USC Verdugo Hills Hospital,USC Verdugo Hills Hospital,105,Ongoing Assignment.,Dishwasher
2026-04-25,2026-04-25 12:00:00,2026-04-25 20:30:00,VEA Hotel - Newport Beach,VEA Hotel - Newport Beach | Cooks,102,,Cook 2
2026-04-25,2026-04-25 12:00:00,2026-04-25 20:00:00,Viceroy Santa Monica Hotel,Viceroy Santa Monica Hotel,102,,Cook 2
2026-04-25,2026-04-25 12:30:00,2026-04-25 21:00:00,Camp Ronald McDonald,Camp Ronald McDonald,102,Wed - Sunday Assign. | Travel pay offered | Island/Camp Living for a week,Cook 2
2026-04-25,2026-04-25 13:30:00,2026-04-25 22:00:00,Griffin Club Los Angeles,Griffin Club Los Angeles,98,,Bartender 2
2026-04-25,2026-04-25 13:30:00,2026-04-25 19:30:00,The Vered,The Vered,102,TB and LIVE Scan Required - Ongoing Shift - Do not publish,Cook 2
2026-04-25,2026-04-25 14:00:00,2026-04-25 22:30:00,Commerce Casino,Commerce Casino - High Limit Kitchen | FOH | FRIDAY - SUN,101,Runner with Cashier Duties,Cashier
2026-04-25,2026-04-25 14:00:00,2026-04-25 21:00:00,Ebell of Los Angeles,Ebell of Los Angeles - Saturday - FOH,115,WPA SERVER,Server 2
2026-04-25,2026-04-25 14:00:00,2026-04-25 22:30:00,"LBVH Hotel, LLC - L'Ermitage Beverly Hills",L'Ermitage Beverly Hills,102,Pastry Cook Assignment - Read Job Description and Event Details Thoroughly,Cook 2
2026-04-25,2026-04-25 14:00:00,2026-04-25 22:30:00,Martin Luther King Jr Hospital,Martin Luther King Jr. Hospital | BOH,102,,Cook 2
2026-04-25,2026-04-25 14:00:00,2026-04-25 22:00:00,NBC Universal,NBC Universal Studios | The Market Place,102,Sushi Cook,Cook 2
2026-04-25,2026-04-25 14:00:00,2026-04-25 22:00:00,NBC Universal,NBC Universal Studios | The Market Place,102,Report to Catering,Cook 2
2026-04-25,2026-04-25 14:00:00,2026-04-25 15:00:00,Santa Catalina Island Company,Santa Catalina Island Company,300,Booking #341254548,Travel
2026-04-25,2026-04-25 14:00:00,2026-04-25 22:30:00,SBLP Warner Center OPCO LLC - The Variel,The Variel of Woodland Hills,105,,Dishwasher
2026-04-25,2026-04-25 14:00:00,2026-04-25 21:00:00,Wolfgang Puck Catering,Wolfgang Puck Catering BOH | Offsite,110,,Prep Cook 2
2026-04-25,2026-04-25 14:15:00,2026-04-25 18:30:00,Judd's Catering ,@Judd's Catering,115,,Server 2
2026-04-25,2026-04-25 14:30:00,2026-04-25 22:30:00,Viceroy Santa Monica Hotel,Viceroy Santa Monica Hotel,98,Also have a Server experience.,Bartender 2
2026-04-25,2026-04-25 15:00:00,2026-04-25 23:00:00,Blue Devils Lessee LLC | Hyatt Centric Delfina Santa Monica,Hyatt Centric Delfina Santa Monica,105,Steward,Dishwasher
2026-04-25,2026-04-25 15:00:00,2026-04-25 23:30:00,Commerce Casino,Commerce Casino - Employee Dining Room,102,,Cook 2
2026-04-25,2026-04-25 15:00:00,2026-04-25 23:30:00,"LBVH Hotel, LLC - L'Ermitage Beverly Hills",L'Ermitage Beverly Hills,105,,Dishwasher
2026-04-25,2026-04-25 15:00:00,2026-04-25 22:00:00,Season's Catering Inc.,@ Seasons Event and Catering | Offsite,98,,Bartender 2
2026-04-25,2026-04-25 15:00:00,2026-04-25 23:00:00,Viceroy Santa Monica Hotel,Viceroy Santa Monica Hotel,264,,Event Supervisor
2026-04-25,2026-04-25 15:00:00,2026-04-25 23:00:00,Viceroy Santa Monica Hotel,Viceroy Santa Monica Hotel,105,,Dishwasher
2026-04-25,2026-04-25 15:15:00,2026-04-26 00:30:00,Vibiana Events and Redbird Events,@ Vibiana,98,,Bartender 2
2026-04-25,2026-04-25 15:30:00,2026-04-25 23:30:00,Garibaldina Society ,Garibaldina Society,99,Bathroom Atten - Female Restroom,Busser
2026-04-25,2026-04-25 15:30:00,2026-04-25 23:30:00,Garibaldina Society ,Garibaldina Society,99,Bathroom Atten - Male Restroom,Busser
2026-04-25,2026-04-25 15:30:00,2026-04-25 23:00:00,Malibu Beach Inn,Malibu Beach Inn - BOH,105,,Dishwasher
2026-04-25,2026-04-25 15:30:00,2026-04-25 22:30:00,Sand Hill Kitchen,Sand Hill Kitchen | Quad Conference Center,278,,Bartender 1
2026-04-25,2026-04-25 15:30:00,2026-04-26 00:00:00,VH Property Corp. dba Trump National Golf Club Los Angeles,Trump National Golf Course Los Angeles | BOH,102,,Cook 2
2026-04-25,2026-04-25 16:00:00,2026-04-25 22:00:00,Ebell of Los Angeles,Ebell of Los Angeles - Saturday - FOH,115,Busser,Server 2
2026-04-25,2026-04-25 16:00:00,2026-04-26 00:30:00,Irvine Spectrum ,Irvine Spectrum - BOH,105,,Dishwasher
2026-04-25,2026-04-25 16:00:00,2026-04-26 00:00:00,NBC Universal,NBC Universal Studios | The Market Place,105,,Dishwasher
2026-04-25,2026-04-25 16:00:00,2026-04-25 22:00:00,Renaissance LA Airport Hotel,Renaissance LA Airport Hotel - Banquets,115,,Server 2
2026-04-25,2026-04-25 16:00:00,2026-04-25 22:00:00,Renaissance LA Airport Hotel,Renaissance LA Airport Hotel - Banquets,107,,Houseperson
2026-04-25,2026-04-25 16:00:00,2026-04-26 00:30:00,Renaissance LA Airport Hotel,Renaissance LA Airport Hotel - Banquets,115,,Server 2
2026-04-25,2026-04-25 16:00:00,2026-04-25 22:30:00,Sand Hill Kitchen,Sand Hill Kitchen | Quad Conference Center,285,,Server 1
2026-04-25,2026-04-25 16:00:00,2026-04-25 22:45:00,Santa Catalina Island Company,Santa Catalina Island Company,115,,Server 2
2026-04-25,2026-04-25 16:00:00,2026-04-26 00:00:00,Vibiana Events and Redbird Events,@ Vibiana,115,,Server 2
2026-04-25,2026-04-25 16:00:00,2026-04-26 00:00:00,VP Op Co LLC | The Aster LA,The Aster Los Angeles,105,,Dishwasher
2026-04-25,2026-04-25 16:00:00,2026-04-26 00:30:00,Wolfgang Puck Catering,Wolfgang Puck Catering - L.A. Live,105,,Dishwasher
2026-04-25,2026-04-25 16:30:00,2026-04-26 00:30:00,"Manhattan Beach Hotel TRS LLC., dba Westdrift Manhattan Beach",Manhattan Beach Hotel | Banquet,264,,Event Supervisor
2026-04-25,2026-04-25 16:30:00,2026-04-25 22:30:00,"Marbella Country Club, American Golf",Marbella Country Club,115,,Server 2
2026-04-25,2026-04-25 16:30:00,2026-04-25 22:30:00,"Marbella Country Club, American Golf",Marbella Country Club,285,,Server 1
2026-04-25,2026-04-25 16:30:00,2026-04-25 22:00:00,Sand Hill Kitchen,Sand Hill Kitchen | Quad Conference Center,105,,Dishwasher
2026-04-25,2026-04-25 16:30:00,2026-04-25 22:00:00,Sand Hill Kitchen,Sand Hill Kitchen | Quad Conference Center,105,,Dishwasher
2026-04-25,2026-04-25 17:00:00,2026-04-26 01:30:00,Commerce Casino,Commerce Casino - High Limit Kitchen | FOH | FRIDAY - SUN,101,runner with limited cashier duties,Cashier
2026-04-25,2026-04-25 17:00:00,2026-04-25 22:30:00,Griffin Club Los Angeles,Griffin Club Los Angeles,105,,Dishwasher
2026-04-25,2026-04-25 17:00:00,2026-04-26 01:30:00,Pepperdine University,Pepperdine University - HAWC Cafe & Store,102,,Cook 2
2026-04-25,2026-04-25 17:00:00,2026-04-26 00:30:00,Renaissance LA Airport Hotel,Renaissance LA Airport Hotel - Banquets,115,,Server 2
2026-04-25,2026-04-25 17:30:00,2026-04-25 21:30:00,KMR Gourmet Catering,KMR Gourmet Catering - Offsite,287,,Server 3
2026-04-25,2026-04-25 17:30:00,2026-04-25 21:30:00,KMR Gourmet Catering,KMR Gourmet Catering - Offsite,115,,Server 2
2026-04-25,2026-04-25 18:00:00,2026-04-25 23:30:00,Commerce Casino,Commerce Casino - Employee Dining Room,102,,Cook 2
2026-04-25,2026-04-25 18:00:00,2026-04-26 00:00:00,Ebell of Los Angeles,Ebell of Los Angeles - Back of House,105,,Dishwasher
2026-04-25,2026-04-25 18:00:00,2026-04-26 00:00:00,Good Gracious Events Inc.,Good Gracious Events,104,SCULLERY,General
2026-04-25,2026-04-25 18:30:00,2026-04-25 22:30:00,Avalon Hollywood,Avalon Hollywood - FOH,115,Tray Pass,Server 2
2026-04-25,2026-04-25 22:00:00,2026-04-26 06:30:00,Commerce Casino,Commerce Casino - Employee Dining Room,102,,Cook 2
2026-04-25,2026-04-25 22:00:00,2026-04-26 06:00:00,Commerce Casino,Commerce Casino - Employee Dining Room,115,FOH Attendant | Overnight Shift,Server 2
2026-04-25,2026-04-25 23:58:00,2026-04-26 01:00:00,Santa Catalina Island Company,Santa Catalina Island Company,300,Booking #341254647,Travel
2026-04-26,2026-04-26 05:00:00,2026-04-26 13:30:00,People Assisting the Homeless,People Assisting the Homeless - YWCA,110,,Prep Cook 2
2026-04-26,2026-04-26 05:00:00,2026-04-26 13:30:00,PIH Health - Whittier Hospital,PIH Health - Whittier Hospital,110,,Prep Cook 2
2026-04-26,2026-04-26 05:00:00,2026-04-26 13:30:00,PIH Health - Whittier Hospital,PIH Health - Whittier Hospital,102,,Cook 2
2026-04-26,2026-04-26 06:00:00,2026-04-26 14:00:00,Camp Ronald McDonald,Camp Ronald McDonald,105,,Dishwasher
2026-04-26,2026-04-26 06:00:00,2026-04-26 16:30:00,Camp Ronald McDonald,Camp Ronald McDonald,102,Shift and Travel time back to Main land. | Travel pay offered | Island/Camp Living for a week,Cook 2
2026-04-26,2026-04-26 06:00:00,2026-04-26 14:30:00,"Fox Studio Lot, LLC",Fox Studio - Moe's Cafe BoH,102,,Cook 2
2026-04-26,2026-04-26 06:00:00,2026-04-26 14:30:00,"Fox Studio Lot, LLC",Fox Studio - Moe's Cafe BoH,102,,Cook 2
2026-04-26,2026-04-26 06:00:00,2026-04-26 14:30:00,L.A. Rams,L.A. Rams,102,,Cook 2
2026-04-26,2026-04-26 06:00:00,2026-04-26 12:00:00,SBLP Warner Center OPCO LLC - The Variel,The Variel of Woodland Hills,102,,Cook 2
2026-04-26,2026-04-26 06:00:00,2026-04-26 14:30:00,The Getty Center,The Getty Center - Cafe,110,,Prep Cook 2
2026-04-26,2026-04-26 06:15:00,2026-04-26 14:45:00,PIH Health - Whittier Hospital,PIH Health - Whittier Hospital,104,Food Service Worker,General
2026-04-26,2026-04-26 06:30:00,2026-04-26 15:00:00,Childrens Hospital Los Angeles,Childrens Hospital Los Angeles,105,,Dishwasher
2026-04-26,2026-04-26 06:30:00,2026-04-26 14:30:00,"Fox Studio Lot, LLC",Fox Studio - Moe's Cafe FoH,99,,Busser
2026-04-26,2026-04-26 06:30:00,2026-04-26 13:00:00,Mosaic Hotel,Mosaic Hotel,102,Ongoing Assignment - Read description before signing up,Cook 2
2026-04-26,2026-04-26 07:00:00,2026-04-26 15:00:00,"Fox Studio Lot, LLC",Fox Studio - Moe's Cafe BoH,105,,Dishwasher
2026-04-26,2026-04-26 07:00:00,2026-04-26 16:00:00,L.A. Rams,L.A. Rams,115,,Server 2
2026-04-26,2026-04-26 07:00:00,2026-04-26 15:30:00,L.A. Rams,L.A. Rams,102,,Cook 2
2026-04-26,2026-04-26 07:00:00,2026-04-26 15:30:00,L.A. Rams,L.A. Rams,105,,Dishwasher
2026-04-26,2026-04-26 07:00:00,2026-04-26 15:00:00,Malibu Beach Inn,Malibu Beach Inn - BOH,105,,Dishwasher
2026-04-26,2026-04-26 07:00:00,2026-04-26 15:00:00,Newport Harbor Yacht Club,Newport Harbor Yacht Club | Banquets,105,Heavy Lifting - Read Description,Dishwasher
2026-04-26,2026-04-26 07:00:00,2026-04-26 11:00:00,NORR Kitchen,@ NORR Kitchen | OFFSITE EVENT,273,,Sous Chef 2
2026-04-26,2026-04-26 07:00:00,2026-04-26 15:30:00,The Getty Center,The Getty Center - Cafe,102,,Cook 2
2026-04-26,2026-04-26 07:00:00,2026-04-26 15:30:00,VH Property Corp. dba Trump National Golf Club Los Angeles,Trump National Golf Course Los Angeles | BOH,102,,Cook 2
2026-04-26,2026-04-26 07:00:00,2026-04-26 14:30:00,Wolfgang Puck Catering,Wolfgang Puck Catering - Hollywood & Highland,102,,Cook 2
2026-04-26,2026-04-26 07:30:00,2026-04-26 16:00:00,The Getty Center,The Getty Center - Catering,102,Please request Chris Hurley and Mario Deras,Cook 2
2026-04-26,2026-04-26 07:30:00,2026-04-26 16:00:00,The Getty Center,The Getty Center - Catering,102,,Cook 2
2026-04-26,2026-04-26 08:00:00,2026-04-26 16:30:00,Beverly Hills Hotel,Beverly Hills Hotel - Main Kitchen,102,,Cook 2
2026-04-26,2026-04-26 08:00:00,2026-04-26 16:00:00,Hotel Bel Air,Hotel Bel Air - Main Kitchen,102,,Cook 2
2026-04-26,2026-04-26 08:00:00,2026-04-26 16:00:00,Hotel Bel Air,Hotel Bel Air - Main Kitchen,110,,Prep Cook 2
2026-04-26,2026-04-26 08:00:00,2026-04-26 16:30:00,PIH Health - Downey Hospital,PIH Health - Downey Hospital,105,,Dishwasher
2026-04-26,2026-04-26 08:00:00,2026-04-26 15:00:00,Renaissance LA Airport Hotel,Renaissance LA Airport Hotel - Banquets,107,,Houseperson
2026-04-26,2026-04-26 08:00:00,2026-04-26 14:00:00,West Angeles Church of God in Christ Inc,West Angeles Church of God,115,,Server 2
2026-04-26,2026-04-26 09:00:00,2026-04-26 15:00:00,Cedars Sinai Medical Center,Cedars Sinai - Plaza & Cafe,105,Utility,Dishwasher
2026-04-26,2026-04-26 09:00:00,2026-04-26 17:30:00,Crescent Heights Ten Thousand,Crescent Heights Ten Thousand - Butler Department,115,Butler/Porter,Server 2
2026-04-26,2026-04-26 09:00:00,2026-04-26 17:00:00,Malibu Beach Inn,Malibu Beach Inn - BOH,107,Housekeeping,Houseperson
2026-04-26,2026-04-26 10:00:00,2026-04-26 18:30:00,Four Seasons Hotel Westlake Village,Four Seasons Hotel Westlake Village ,102,,Cook 2
2026-04-26,2026-04-26 10:00:00,2026-04-26 18:00:00,SBLP Warner Center OPCO LLC - The Variel,The Variel of Woodland Hills,102,,Cook 2
2026-04-26,2026-04-26 10:00:00,2026-04-26 18:00:00,The Garland,The Garland,102,all need to be able to speak and understand English. this event is for action stations,Cook 2
2026-04-26,2026-04-26 10:30:00,2026-04-26 19:00:00,Mount Saint Mary's University,Mount Saint Mary's University - Doheny Campus,102,,Cook 2
2026-04-26,2026-04-26 10:30:00,2026-04-26 17:00:00,VH Property Corp. dba Trump National Golf Club Los Angeles,Trump National Golf Course Los Angeles | Vista Grill,102,,Cook 2
2026-04-26,2026-04-26 11:00:00,2026-04-26 18:30:00,Griffin Club Los Angeles,Griffin Club Los Angeles,102,,Cook 2
2026-04-26,2026-04-26 11:00:00,2026-04-26 19:00:00,NBC Universal,NBC Universal Studios | The Market Place,102,Report to Catering,Cook 2
2026-04-26,2026-04-26 11:30:00,2026-04-26 20:00:00,Occidental College,Occidental College - Marketplace,102,Good professional exp. with knife skills.,Cook 2
2026-04-26,2026-04-26 12:00:00,2026-04-26 20:30:00,Childrens Hospital Los Angeles,Childrens Hospital Los Angeles,104,Food Service Worker,General
2026-04-26,2026-04-26 12:00:00,2026-04-26 20:30:00,Griffin Club Los Angeles,Griffin Club Los Angeles,102,Grill Cook,Cook 2
2026-04-26,2026-04-26 12:00:00,2026-04-26 20:30:00,VEA Hotel - Newport Beach,VEA Hotel - Newport Beach | Cooks,102,,Cook 2
2026-04-26,2026-04-26 13:30:00,2026-04-26 22:00:00,Griffin Club Los Angeles,Griffin Club Los Angeles,98,,Bartender 2
2026-04-26,2026-04-26 13:30:00,2026-04-26 19:30:00,The Vered,The Vered,102,TB and LIVE Scan Required - Ongoing Shift - Do not publish,Cook 2
2026-04-26,2026-04-26 14:00:00,2026-04-26 22:00:00,Blue Devils Lessee LLC | Hyatt Centric Delfina Santa Monica,Hyatt Centric Delfina Santa Monica,105,Steward,Dishwasher
2026-04-26,2026-04-26 14:00:00,2026-04-26 22:30:00,Commerce Casino,Commerce Casino - High Limit Kitchen | FOH | FRIDAY - SUN,101,Runner with Cashier Duties,Cashier
2026-04-26,2026-04-26 14:00:00,2026-04-26 22:00:00,Hotel Bel Air,Hotel Bel Air - Swan Cafe,102,,Cook 2
2026-04-26,2026-04-26 14:00:00,2026-04-26 22:30:00,Martin Luther King Jr Hospital,Martin Luther King Jr. Hospital | BOH,102,,Cook 2
2026-04-26,2026-04-26 14:00:00,2026-04-26 22:30:00,SBLP Warner Center OPCO LLC - The Variel,The Variel of Woodland Hills,105,,Dishwasher
2026-04-26,2026-04-26 14:00:00,2026-04-26 22:00:00,Viceroy Santa Monica Hotel,Viceroy Santa Monica Hotel,264,,Event Supervisor
2026-04-26,2026-04-26 15:00:00,2026-04-26 23:30:00,Commerce Casino,Commerce Casino - Employee Dining Room,102,,Cook 2
2026-04-26,2026-04-26 15:00:00,2026-04-26 22:00:00,Occidental College,Occidental College - Events & Catering,115,,Server 2
2026-04-26,2026-04-26 15:00:00,2026-04-26 23:00:00,Viceroy Santa Monica Hotel,Viceroy Santa Monica Hotel,105,,Dishwasher
2026-04-26,2026-04-26 15:30:00,2026-04-27 00:00:00,"Manhattan Beach Hotel TRS LLC., dba Westdrift Manhattan Beach",Manhattan Beach Hotel | Banquet,264,,Event Supervisor
2026-04-26,2026-04-26 15:30:00,2026-04-26 21:30:00,Riviera Country Club,Riviera Country Club - Kitchen,105,,Dishwasher
2026-04-26,2026-04-26 15:30:00,2026-04-27 00:00:00,VH Property Corp. dba Trump National Golf Club Los Angeles,Trump National Golf Course Los Angeles | BOH,102,,Cook 2
2026-04-26,2026-04-26 16:00:00,2026-04-27 00:30:00,Irvine Spectrum ,Irvine Spectrum - BOH,105,,Dishwasher
2026-04-26,2026-04-26 16:00:00,2026-04-27 00:00:00,Sofitel Los Angeles at Beverly Hills Hotel,Sofitel Los Angeles at Beverly Hills Hotel - Kitchen,105,,Dishwasher
2026-04-26,2026-04-26 16:30:00,2026-04-26 23:00:00,Crescent Heights Ten Thousand,Crescent Heights Ten Thousand - Bartending,98,,Bartender 2
2026-04-26,2026-04-26 16:30:00,2026-04-26 21:30:00,Griffin Club Los Angeles,Griffin Club Los Angeles,105,,Dishwasher
2026-04-26,2026-04-26 17:00:00,2026-04-26 22:00:00,Crescent Heights Ten Thousand,Crescent Heights Ten Thousand - Events,115,Event Server for Private Event. Check in with Michael Reilly.,Server 2
2026-04-26,2026-04-26 17:00:00,2026-04-26 22:00:00,Crescent Heights Ten Thousand,Crescent Heights Ten Thousand - Events,98,Bartender for Private Event. Check in with Michael Reilly,Bartender 2
2026-04-26,2026-04-26 17:00:00,2026-04-27 01:30:00,Pepperdine University,Pepperdine University - HAWC Cafe & Store,102,,Cook 2
2026-04-26,2026-04-26 19:00:00,2026-04-26 23:00:00,Malibu Beach Inn,Malibu Beach Inn - BOH,105,,Dishwasher
2026-04-26,2026-04-26 22:00:00,2026-04-27 06:30:00,Commerce Casino,Commerce Casino - Employee Dining Room,102,,Cook 2
2026-04-27,2026-04-27 05:00:00,2026-04-27 13:30:00,Edwards Lifesciences,Edwards Lifesciences FOH Bldg. C,101,,Cashier
2026-04-27,2026-04-27 05:00:00,2026-04-27 13:30:00,Google Spruce Goose Offices,Google Spruce Goose - Catering Operations,102,,Cook 2
2026-04-27,2026-04-27 05:00:00,2026-04-27 13:30:00,L.A. Rams,L.A. Rams,102,,Cook 2
2026-04-27,2026-04-27 05:00:00,2026-04-27 13:30:00,People Assisting the Homeless,People Assisting the Homeless - YWCA,110,,Prep Cook 2
2026-04-27,2026-04-27 05:00:00,2026-04-27 13:30:00,PIH Health - Good Samaritan Hospital,PIH Health - Good Samaritan Hospital,290,,Cook 3
2026-04-27,2026-04-27 05:00:00,2026-04-27 13:30:00,PIH Health - Whittier Hospital,PIH Health - Whittier Hospital,110,,Prep Cook 2
2026-04-27,2026-04-27 05:00:00,2026-04-27 13:30:00,PIH Health - Whittier Hospital,PIH Health - Whittier Hospital,102,,Cook 2
2026-04-27,2026-04-27 05:30:00,2026-04-27 11:00:00,Empowered 4 Life Foundation,@ Empowered 4 Life Foundation,110,,Prep Cook 2
2026-04-27,2026-04-27 06:00:00,2026-04-27 13:30:00,Beverly Hills Unified School District,BHUSD - Beverly Hills High School,104,,General
2026-04-27,2026-04-27 06:00:00,2026-04-27 14:00:00,Beverly Hills Unified School District,BHUSD- El Rodeo Elementary,104,,General
2026-04-27,2026-04-27 06:00:00,2026-04-27 13:30:00,Beverly Hills Unified School District,BHUSD - Beverly Hills High School,102,,Cook 2
2026-04-27,2026-04-27 06:00:00,2026-04-27 13:30:00,Beverly Hills Unified School District,BHUSD - Beverly Hills High School,110,,Prep Cook 2
2026-04-27,2026-04-27 06:00:00,2026-04-27 14:30:00,Capital Group - Irvine,Capital Group - Irvine | BOH,102,,Cook 2
2026-04-27,2026-04-27 06:00:00,2026-04-27 14:30:00,Capital Group - Irvine,Capital Group - Irvine | FOH,101,,Cashier
2026-04-27,2026-04-27 06:00:00,2026-04-27 12:00:00,Crescent Heights Ten Thousand,Crescent Heights Ten Thousand - Buffet,115,,Server 2
2026-04-27,2026-04-27 06:00:00,2026-04-27 14:30:00,Edwards Lifesciences,Edwards Lifesciences FOH Bldg. C,101,,Cashier
2026-04-27,2026-04-27 06:00:00,2026-04-27 14:30:00,Edwards Lifesciences,Edwards Lifesciences FOH Bldg. C,101,,Cashier
2026-04-27,2026-04-27 06:00:00,2026-04-27 14:30:00,"Fox Studio Lot, LLC",Fox Studio - Commissary,102,,Cook 2
2026-04-27,2026-04-27 06:00:00,2026-04-27 15:00:00,"Fox Studio Lot, LLC",Fox Studio - Moe's Cafe BoH,102,,Cook 2
2026-04-27,2026-04-27 06:00:00,2026-04-27 15:00:00,"Fox Studio Lot, LLC",Fox Studio - News Cafe BoH,102,,Cook 2
2026-04-27,2026-04-27 06:00:00,2026-04-27 14:30:00,Martin Luther King Jr Hospital,Martin Luther King Jr. Hospital | BOH,102,,Cook 2
2026-04-27,2026-04-27 06:00:00,2026-04-27 14:30:00,Park Place Plaza,Park Place Plaza,115,with Barista Duties,Server 2
2026-04-27,2026-04-27 06:00:00,2026-04-27 14:30:00,USC Verdugo Hills Hospital,USC Verdugo Hills Hospital,102,,Cook 2
2026-04-27,2026-04-27 06:15:00,2026-04-27 14:45:00,Disney Studios,Disney Studios | Big D Cafe Glendale,102,,Cook 2
2026-04-27,2026-04-27 06:30:00,2026-04-27 14:30:00,Amgen Thousand Oaks,Amgen Thousand Oaks - Bistro Cafe,102,,Cook 2
2026-04-27,2026-04-27 06:30:00,2026-04-27 14:00:00,Beverly Hills Unified School District,BHUSD - Horace Mann Elementary School,104,,General
2026-04-27,2026-04-27 06:30:00,2026-04-27 15:00:00,Disney Studios,Disney Studios | Big D Cafe Glendale,102,4 Day Assignment for Monday 4/27 to Thursday 4/30,Cook 2
2026-04-27,2026-04-27 06:30:00,2026-04-27 15:00:00,Google Spruce Goose Offices,Google Spruce Goose - Catering Operations,317,Miguel Sanchez ,Captain
2026-04-27,2026-04-27 06:30:00,2026-04-27 15:00:00,Google Spruce Goose Offices,Google Spruce Goose - Catering Operations,115,,Server 2
2026-04-27,2026-04-27 06:30:00,2026-04-27 14:30:00,Google Spruce Goose Offices,Google Spruce Goose - Cafe,102,"Cooks will work in 320 Cafe, ask for Chef Ryan Rizzuto",Cook 2
2026-04-27,2026-04-27 06:30:00,2026-04-27 15:00:00,The Archer School for Girls,The Archer School for Girls,102,,Cook 2
2026-04-27,2026-04-27 06:30:00,2026-04-27 15:00:00,The Archer School for Girls,The Archer School for Girls,102,,Cook 2
2026-04-27,2026-04-27 06:30:00,2026-04-27 15:00:00,The Archer School for Girls,The Archer School for Girls,290,,Cook 3
2026-04-27,2026-04-27 07:00:00,2026-04-27 14:00:00,Beverly Hills Unified School District,BHUSD- El Rodeo Elementary,104,,General
2026-04-27,2026-04-27 07:00:00,2026-04-27 14:00:00,Beverly Hills Unified School District,BHUSD - Beverly Hills High School,105,,Dishwasher
2026-04-27,2026-04-27 07:00:00,2026-04-27 15:00:00,Capital Group - Los Angeles,Capital Group - Los Angeles,105,,Dishwasher
2026-04-27,2026-04-27 07:00:00,2026-04-27 15:30:00,Crescent Heights Ten Thousand,Crescent Heights Ten Thousand - Butler Department,115,Butler/Porter,Server 2
2026-04-27,2026-04-27 07:00:00,2026-04-27 14:30:00,Guckenheimer Cafe at Red Bull,Guckenheimer Cafe at Red Bull - Front of House,97,,Barista 2
2026-04-27,2026-04-27 07:00:00,2026-04-27 15:30:00,L.A. Rams,L.A. Rams,105,,Dishwasher
2026-04-27,2026-04-27 07:00:00,2026-04-27 15:30:00,L.A. Rams,L.A. Rams,102,,Cook 2
2026-04-27,2026-04-27 07:00:00,2026-04-27 15:30:00,Martin Luther King Jr Hospital,Martin Luther King Jr. Hospital | BOH,102,,Cook 2
2026-04-27,2026-04-27 07:00:00,2026-04-27 15:30:00,"Platinum Equity, LLC",Platinum Equity LLC,102,,Cook 2
2026-04-27,2026-04-27 07:00:00,2026-04-27 15:00:00,The Archer School for Girls,The Archer School for Girls,105,,Dishwasher
2026-04-27,2026-04-27 07:00:00,2026-04-27 15:30:00,Union Station Homeless Services,Union Station Homeless Services - Adult Center,102,,Cook 2
2026-04-27,2026-04-27 07:00:00,2026-04-27 14:00:00,Union Station Homeless Services,Union Station Homeless Services - Adult Center,102,,Cook 2
2026-04-27,2026-04-27 07:30:00,2026-04-27 15:30:00,Amgen Thousand Oaks,Amgen Thousand Oaks - Bistro Cafe,105,,Dishwasher
2026-04-27,2026-04-27 07:30:00,2026-04-27 16:00:00,"Fox Studio Lot, LLC",Fox Studio - Moe's Cafe BoH,105,,Dishwasher
2026-04-27,2026-04-27 07:30:00,2026-04-27 16:00:00,Guckenheimer Cafe at Red Bull,Guckenheimer Cafe at Red Bull - Back of House,105,,Dishwasher
2026-04-27,2026-04-27 07:30:00,2026-04-27 16:00:00,The Getty Center,The Getty Center - Catering,102,Please request Chris Hurley and Mario Deras,Cook 2
2026-04-27,2026-04-27 08:00:00,2026-04-27 16:30:00,Beverly Hills Hotel,Beverly Hills Hotel - Main Kitchen,102,,Cook 2
2026-04-27,2026-04-27 08:00:00,2026-04-27 13:30:00,Beverly Hills Unified School District,BHUSD - Beverly Vista Middle School,104,,General
2026-04-27,2026-04-27 08:00:00,2026-04-27 16:30:00,Edwards Lifesciences,Edwards Lifesciences FOH Bldg. C,101,,Cashier
2026-04-27,2026-04-27 08:00:00,2026-04-27 16:30:00,"Fox Studio Lot, LLC",Fox Studio - Moe's Cafe FoH,264,Report to News Cafe,Event Supervisor
2026-04-27,2026-04-27 08:00:00,2026-04-27 15:00:00,Jet Propulsion Laboratory,JPL - Cafe 303,102,Must have DMV issued REAL ID ,Cook 2
2026-04-27,2026-04-27 08:00:00,2026-04-27 14:00:00,Malibu Beach Inn,Malibu Beach Inn - BOH,105,,Dishwasher
2026-04-27,2026-04-27 08:00:00,2026-04-27 13:00:00,New West Charter School,New West Charter School - W. PICO Location,115,,Server 2
2026-04-27,2026-04-27 08:00:00,2026-04-27 16:30:00,PIH Health - Downey Hospital,PIH Health - Downey Hospital,105,,Dishwasher
2026-04-27,2026-04-27 08:00:00,2026-04-27 16:30:00,"Platinum Equity, LLC",Platinum Equity LLC,105,,Dishwasher
2026-04-27,2026-04-27 08:00:00,2026-04-27 16:30:00,"Platinum Equity, LLC",Platinum Equity LLC,102,,Cook 2
2026-04-27,2026-04-27 08:00:00,2026-04-27 16:00:00,SBLP Warner Center OPCO LLC - The Variel,The Variel of Woodland Hills,105,,Dishwasher
2026-04-27,2026-04-27 08:00:00,2026-04-27 16:30:00,The Wonderful Company,The Wonderful Company,97,,Barista 2
2026-04-27,2026-04-27 08:30:00,2026-04-27 17:00:00,"Platinum Equity, LLC",Platinum Equity LLC,102,,Cook 2
2026-04-27,2026-04-27 09:00:00,2026-04-27 13:00:00,Garibaldina Society ,Garibaldina Society,107,Moving of tables and Chairs | Must be able to lift 50 + lbs,Houseperson
2026-04-27,2026-04-27 09:00:00,2026-04-27 15:00:00,Google Spruce Goose Offices,Google Spruce Goose - Cafe,104,Dishwasher - Time to be Discussed ,General
2026-04-27,2026-04-27 10:00:00,2026-04-27 18:00:00,Catalina Island Marine Institute,Camp Fox,102,Mon- Fri Assign. | Travel pay offered | Island/Camp Living for a week,Cook 2
2026-04-27,2026-04-27 10:00:00,2026-04-27 18:30:00,Four Seasons Hotel Westlake Village,Four Seasons Hotel Westlake Village ,102,pastry experience preferred,Cook 2
2026-04-27,2026-04-27 10:00:00,2026-04-27 18:30:00,Griffin Club Los Angeles,Griffin Club Los Angeles,102,,Cook 2
2026-04-27,2026-04-27 11:00:00,2026-04-27 19:00:00,Catalina Island Marine Institute,Camp Toyon Bay,102,Mon- Friday Assign. | Travel pay offered | Island/Camp Living for a week,Cook 2
2026-04-27,2026-04-27 11:00:00,2026-04-27 19:00:00,Riviera Country Club,Riviera Country Club - Kitchen,105,,Dishwasher
2026-04-27,2026-04-27 11:00:00,2026-04-27 19:30:00,University Village Thousand Oaks,University Village Thousand Oaks ,102,,Cook 2
2026-04-27,2026-04-27 11:30:00,2026-04-27 20:00:00,People Assisting the Homeless,People Assisting the Homeless - YWCA,110,,Prep Cook 2
2026-04-27,2026-04-27 12:00:00,2026-04-27 20:00:00,Academy Museum of Motion Pictures,Academy Museum of Motion Pictures - Fanny's Restaurant,105,,Dishwasher
2026-04-27,2026-04-27 12:00:00,2026-04-27 20:30:00,Childrens Hospital Los Angeles,Childrens Hospital Los Angeles,104,Food Service Worker,General
2026-04-27,2026-04-27 12:00:00,2026-04-27 20:30:00,SBLP Warner Center OPCO LLC - The Variel,The Variel of Woodland Hills,102,,Cook 2
2026-04-27,2026-04-27 12:00:00,2026-04-27 20:30:00,VEA Hotel - Newport Beach,VEA Hotel - Newport Beach | Cooks,102,,Cook 2
2026-04-27,2026-04-27 13:00:00,2026-04-27 20:30:00,PIH Health - Whittier Hospital,PIH Health - Whittier Hospital,110,,Prep Cook 2
2026-04-27,2026-04-27 13:30:00,2026-04-27 19:30:00,The Vered,The Vered,102,TB and LIVE Scan Required - Ongoing Shift - Do not publish,Cook 2
2026-04-27,2026-04-27 14:00:00,2026-04-27 22:30:00,Commerce Casino,Commerce Casino - High Limit Kitchen | FOH | MON - TH,101,with runner and cashier duties,Cashier
2026-04-27,2026-04-27 14:00:00,2026-04-27 22:00:00,Hotel Bel Air,Hotel Bel Air - Swan Cafe,102,,Cook 2
2026-04-27,2026-04-27 14:00:00,2026-04-27 22:30:00,Martin Luther King Jr Hospital,Martin Luther King Jr. Hospital | BOH,102,,Cook 2
2026-04-27,2026-04-27 14:00:00,2026-04-27 22:30:00,SBLP Warner Center OPCO LLC - The Variel,The Variel of Woodland Hills,105,,Dishwasher
2026-04-27,2026-04-27 14:00:00,2026-04-27 18:30:00,Wolfgang Puck Catering,Wolfgang Puck Catering - Hollywood & Highland,102,,Cook 2
2026-04-27,2026-04-27 14:30:00,2026-04-27 22:30:00,Viceroy Santa Monica Hotel,Viceroy Santa Monica Hotel,264,,Event Supervisor
2026-04-27,2026-04-27 15:00:00,2026-04-27 23:30:00,Crescent Heights Ten Thousand,Crescent Heights Ten Thousand - Butler Department,115,Butler/Porter,Server 2
2026-04-27,2026-04-27 15:00:00,2026-04-27 23:30:00,Henry Mayo Newhall Hospital,Henry Mayo Newhall Hospital,118,Dishwasher | Deep Cleaning | Must be TB and Physical Tested before Shift,Utility
2026-04-27,2026-04-27 15:00:00,2026-04-27 21:00:00,"Manhattan Beach Hotel TRS LLC., dba Westdrift Manhattan Beach",Manhattan Beach Hotel | Banquet,98,,Bartender 2
2026-04-27,2026-04-27 15:00:00,2026-04-27 21:00:00,"Manhattan Beach Hotel TRS LLC., dba Westdrift Manhattan Beach",Manhattan Beach Hotel | Banquet,98,,Bartender 2
2026-04-27,2026-04-27 15:30:00,2026-04-27 22:00:00,Malibu Beach Inn,Malibu Beach Inn - BOH,105,,Dishwasher
2026-04-27,2026-04-27 15:30:00,2026-04-28 00:00:00,"Manhattan Beach Hotel TRS LLC., dba Westdrift Manhattan Beach",Manhattan Beach Hotel | Banquet,264,,Event Supervisor
2026-04-27,2026-04-27 15:30:00,2026-04-27 21:30:00,Riviera Country Club,Riviera Country Club - Kitchen,105,,Dishwasher
2026-04-27,2026-04-27 16:00:00,2026-04-28 00:30:00,Irvine Spectrum ,Irvine Spectrum - BOH,105,,Dishwasher
2026-04-27,2026-04-27 16:00:00,2026-04-27 21:00:00,"Manhattan Beach Hotel TRS LLC., dba Westdrift Manhattan Beach",Manhattan Beach Hotel | Banquet,96,,Barback
2026-04-27,2026-04-27 17:00:00,2026-04-28 01:30:00,Pepperdine University,Pepperdine University - HAWC Cafe & Store,102,,Cook 2
2026-04-27,2026-04-27 17:30:00,2026-04-27 21:30:00,Athenaeum Club,Athenaeum Housekeeping,104,housekeeper/restroom attendant ,General
2026-04-27,2026-04-27 22:00:00,2026-04-28 06:30:00,Commerce Casino,Commerce Casino - Employee Dining Room,102,,Cook 2
2026-04-28,2026-04-28 05:00:00,2026-04-28 13:30:00,Edwards Lifesciences,Edwards Lifesciences FOH Bldg. C,101,,Cashier
2026-04-28,2026-04-28 05:00:00,2026-04-28 13:30:00,Google Spruce Goose Offices,Google Spruce Goose - Catering Operations,102,,Cook 2
2026-04-28,2026-04-28 05:00:00,2026-04-28 13:30:00,PIH Health - Good Samaritan Hospital,PIH Health - Good Samaritan Hospital,290,,Cook 3
2026-04-28,2026-04-28 05:00:00,2026-04-28 13:30:00,PIH Health - Whittier Hospital,PIH Health - Whittier Hospital,110,,Prep Cook 2
2026-04-28,2026-04-28 05:00:00,2026-04-28 13:30:00,PIH Health - Whittier Hospital,PIH Health - Whittier Hospital,102,,Cook 2
2026-04-28,2026-04-28 05:30:00,2026-04-28 11:00:00,Empowered 4 Life Foundation,@ Empowered 4 Life Foundation,110,,Prep Cook 2
2026-04-28,2026-04-28 05:30:00,2026-04-28 15:00:00,"Fox Studio Lot, LLC",Fox Studio - Moe's Cafe BoH,102,,Cook 2
2026-04-28,2026-04-28 05:30:00,2026-04-28 14:00:00,Teledyne,Teledyne,102,,Cook 2
2026-04-28,2026-04-28 06:00:00,2026-04-28 13:30:00,Beverly Hills Unified School District,BHUSD - Beverly Hills High School,102,,Cook 2
2026-04-28,2026-04-28 06:00:00,2026-04-28 13:30:00,Beverly Hills Unified School District,BHUSD - Beverly Hills High School,110,,Prep Cook 2
2026-04-28,2026-04-28 06:00:00,2026-04-28 13:30:00,Beverly Hills Unified School District,BHUSD - Beverly Hills High School,104,,General
2026-04-28,2026-04-28 06:00:00,2026-04-28 14:30:00,Capital Group - Irvine,Capital Group - Irvine | FOH,101,,Cashier
2026-04-28,2026-04-28 06:00:00,2026-04-28 14:30:00,Capital Group - Irvine,Capital Group - Irvine | BOH,102,,Cook 2
2026-04-28,2026-04-28 06:00:00,2026-04-28 14:00:00,Colburn Music School,Colburn Music School,102,,Cook 2
2026-04-28,2026-04-28 06:00:00,2026-04-28 12:00:00,Colburn Music School,Colburn Music School,104,Utility,General
2026-04-28,2026-04-28 06:00:00,2026-04-28 12:00:00,Crescent Heights Ten Thousand,Crescent Heights Ten Thousand - Buffet,115,,Server 2
2026-04-28,2026-04-28 06:00:00,2026-04-28 14:30:00,Edwards Lifesciences,Edwards Lifesciences FOH Bldg. C,101,,Cashier
2026-04-28,2026-04-28 06:00:00,2026-04-28 14:30:00,Edwards Lifesciences,Edwards Lifesciences FOH Bldg. C,101,,Cashier
2026-04-28,2026-04-28 06:00:00,2026-04-28 15:00:00,"Fox Studio Lot, LLC",Fox Studio - Moe's Cafe BoH,102,,Cook 2
2026-04-28,2026-04-28 06:00:00,2026-04-28 15:00:00,"Fox Studio Lot, LLC",Fox Studio - News Cafe BoH,102,,Cook 2
2026-04-28,2026-04-28 06:00:00,2026-04-28 14:30:00,"Fox Studio Lot, LLC",Fox Studio - Commissary,102,,Cook 2
2026-04-28,2026-04-28 06:00:00,2026-04-28 15:30:00,Google Spruce Goose Offices,Google Spruce Goose - Catering Operations,115,,Server 2
2026-04-28,2026-04-28 06:00:00,2026-04-28 14:30:00,L.A. Rams,L.A. Rams,102,,Cook 2
2026-04-28,2026-04-28 06:00:00,2026-04-28 14:30:00,Martin Luther King Jr Hospital,Martin Luther King Jr. Hospital | BOH,102,,Cook 2
2026-04-28,2026-04-28 06:00:00,2026-04-28 14:30:00,Park Place Plaza,Park Place Plaza,115,with Barista Duties,Server 2
2026-04-28,2026-04-28 06:00:00,2026-04-28 14:30:00,The Getty Center,The Getty Center - Cafe,102,,Cook 2
2026-04-28,2026-04-28 06:00:00,2026-04-28 14:30:00,USC Verdugo Hills Hospital,USC Verdugo Hills Hospital,102,,Cook 2
2026-04-28,2026-04-28 06:00:00,2026-04-28 14:30:00,Wolfgang Puck Catering,Wolfgang Puck Catering - Hollywood & Highland,102,,Cook 2
2026-04-28,2026-04-28 06:15:00,2026-04-28 14:45:00,Disney Studios,Disney Studios | Big D Cafe Glendale,102,,Cook 2
2026-04-28,2026-04-28 06:30:00,2026-04-28 14:30:00,Amgen Thousand Oaks,Amgen Thousand Oaks - Bistro Cafe,102,URGENT,Cook 2
2026-04-28,2026-04-28 06:30:00,2026-04-28 14:30:00,Amgen Thousand Oaks,Amgen Thousand Oaks - Bistro Cafe,102,,Cook 2
2026-04-28,2026-04-28 06:30:00,2026-04-28 13:30:00,Beverly Hills Unified School District,BHUSD- El Rodeo Elementary,288,,Cook 1
2026-04-28,2026-04-28 06:30:00,2026-04-28 15:00:00,California Endowment ,California Endowment,102,,Cook 2
2026-04-28,2026-04-28 06:30:00,2026-04-28 15:00:00,Disney Studios,Disney Studios | Big D Cafe Glendale,102,4 Day Assignment for Monday 4/27 to Thursday 4/30,Cook 2
2026-04-28,2026-04-28 06:30:00,2026-04-28 14:30:00,Google Spruce Goose Offices,Google Spruce Goose - Cafe,102,"Cooks will work in 320 Cafe, ask for Chef Ryan Rizzuto",Cook 2
2026-04-28,2026-04-28 06:30:00,2026-04-28 15:00:00,L.A. Rams,L.A. Rams,115,,Server 2
2026-04-28,2026-04-28 06:30:00,2026-04-28 15:00:00,Masimo Technology Cafe,Masimo Technology Cafe | FOH,115,,Server 2
2026-04-28,2026-04-28 06:30:00,2026-04-28 15:00:00,SBLP Warner Center OPCO LLC - The Variel,The Variel of Woodland Hills,105,,Dishwasher
2026-04-28,2026-04-28 06:30:00,2026-04-28 15:00:00,The Archer School for Girls,The Archer School for Girls,102,Read Description Thoroughly,Cook 2
2026-04-28,2026-04-28 06:30:00,2026-04-28 15:00:00,The Archer School for Girls,The Archer School for Girls,290,,Cook 3
2026-04-28,2026-04-28 06:30:00,2026-04-28 15:00:00,The Archer School for Girls,The Archer School for Girls,102,,Cook 2
2026-04-28,2026-04-28 07:00:00,2026-04-28 14:00:00,Beverly Hills Unified School District,BHUSD- El Rodeo Elementary,104,,General
2026-04-28,2026-04-28 07:00:00,2026-04-28 13:30:00,Beverly Hills Unified School District,BHUSD - Horace Mann Elementary School,104,,General
2026-04-28,2026-04-28 07:00:00,2026-04-28 14:00:00,Beverly Hills Unified School District,BHUSD - Beverly Hills High School,105,,Dishwasher
2026-04-28,2026-04-28 07:00:00,2026-04-28 15:00:00,Capital Group - Los Angeles,Capital Group - Los Angeles,105,,Dishwasher
2026-04-28,2026-04-28 07:00:00,2026-04-28 15:30:00,Crescent Heights Ten Thousand,Crescent Heights Ten Thousand - Butler Department,115,Butler/Porter,Server 2
2026-04-28,2026-04-28 07:00:00,2026-04-28 15:30:00,L.A. Rams,L.A. Rams,105,,Dishwasher
2026-04-28,2026-04-28 07:00:00,2026-04-28 15:30:00,L.A. Rams,L.A. Rams,102,,Cook 2
2026-04-28,2026-04-28 07:00:00,2026-04-28 15:30:00,Martin Luther King Jr Hospital,Martin Luther King Jr. Hospital | BOH,102,,Cook 2
2026-04-28,2026-04-28 07:00:00,2026-04-28 15:00:00,NBC Universal,NBC Universal Studios | The Market Place,102,URGENT - Report to Catering,Cook 2
2026-04-28,2026-04-28 07:00:00,2026-04-28 15:30:00,NBC Universal,NBC Universal Studios | The Market Place,102,,Cook 2
2026-04-28,2026-04-28 07:00:00,2026-04-28 15:30:00,"Platinum Equity, LLC",Platinum Equity LLC,102,,Cook 2
2026-04-28,2026-04-28 07:00:00,2026-04-28 15:00:00,RAND Corporation,RAND Corporation,102,,Cook 2
2026-04-28,2026-04-28 07:00:00,2026-04-28 15:00:00,The Archer School for Girls,The Archer School for Girls,105,,Dishwasher
2026-04-28,2026-04-28 07:00:00,2026-04-28 15:30:00,The Getty Center,The Getty Center - Cafe,102,,Cook 2
2026-04-28,2026-04-28 07:00:00,2026-04-28 15:30:00,The Getty Center,The Getty Center - Catering,102,Please request Chris Hurley and Mario Deras ,Cook 2
2026-04-28,2026-04-28 07:00:00,2026-04-28 14:00:00,Union Station Homeless Services,Union Station Homeless Services - Adult Center,102,,Cook 2
2026-04-28,2026-04-28 07:00:00,2026-04-28 15:00:00,Viceroy Santa Monica Hotel,Viceroy Santa Monica Hotel,115,,Server 2
2026-04-28,2026-04-28 07:30:00,2026-04-28 15:30:00,Amgen Thousand Oaks,Amgen Thousand Oaks - Bistro Cafe,105,,Dishwasher
2026-04-28,2026-04-28 07:30:00,2026-04-28 16:00:00,"Fox Studio Lot, LLC",Fox Studio - Moe's Cafe BoH,105,,Dishwasher
2026-04-28,2026-04-28 07:30:00,2026-04-28 16:00:00,Guckenheimer Cafe at Red Bull,Guckenheimer Cafe at Red Bull - Back of House,105,,Dishwasher
2026-04-28,2026-04-28 07:30:00,2026-04-28 16:00:00,NFL LA Huddle Cafe,NFL LA Huddle Cafe,102,,Cook 2
2026-04-28,2026-04-28 08:00:00,2026-04-28 13:30:00,Beverly Hills Unified School District,BHUSD - Beverly Vista Middle School,110,,Prep Cook 2
2026-04-28,2026-04-28 08:00:00,2026-04-28 15:30:00,Crescent Heights Ten Thousand,Crescent Heights Ten Thousand - Butler Department,115,Butler/Porter,Server 2
2026-04-28,2026-04-28 08:00:00,2026-04-28 16:30:00,Edwards Lifesciences,Edwards Lifesciences FOH Bldg. C,101,,Cashier
2026-04-28,2026-04-28 08:00:00,2026-04-28 15:00:00,Google Spruce Goose Offices,Google Spruce Goose - Cafe,97,Read Description Throughly,Barista 2
2026-04-28,2026-04-28 08:00:00,2026-04-28 16:00:00,Hotel Bel Air,Hotel Bel Air - Main Kitchen,110,,Prep Cook 2
2026-04-28,2026-04-28 08:00:00,2026-04-28 14:00:00,Malibu Beach Inn,Malibu Beach Inn - BOH,105,,Dishwasher
2026-04-28,2026-04-28 08:00:00,2026-04-28 13:00:00,New West Charter School,New West Charter School - W. PICO Location,115,,Server 2
2026-04-28,2026-04-28 08:00:00,2026-04-28 16:30:00,"Platinum Equity, LLC",Platinum Equity LLC,102,,Cook 2
2026-04-28,2026-04-28 08:00:00,2026-04-28 16:30:00,"Platinum Equity, LLC",Platinum Equity LLC,105,,Dishwasher
2026-04-28,2026-04-28 08:00:00,2026-04-28 16:30:00,The Wonderful Company,The Wonderful Company,97,,Barista 2
2026-04-28,2026-04-28 08:30:00,2026-04-28 17:00:00,"Platinum Equity, LLC",Platinum Equity LLC,102,,Cook 2
2026-04-28,2026-04-28 09:00:00,2026-04-28 13:30:00,Beverly Hills Unified School District,BHUSD - Beverly Vista Middle School,104,,General
2026-04-28,2026-04-28 09:00:00,2026-04-28 15:00:00,Google Spruce Goose Offices,Google Spruce Goose - Cafe,104,Dishwasher,General
2026-04-28,2026-04-28 09:00:00,2026-04-28 10:00:00,NORR Kitchen,@ NORR Kitchen | OFFSITE EVENT,300,Flate Rate for Travel ,Travel
2026-04-28,2026-04-28 10:00:00,2026-04-28 18:30:00,Four Seasons Hotel Westlake Village,Four Seasons Hotel Westlake Village ,102,pastry experience preferred,Cook 2
2026-04-28,2026-04-28 10:00:00,2026-04-28 14:30:00,Google Spruce Goose Offices,Google Spruce Goose - Cafe,104,,General
2026-04-28,2026-04-28 10:00:00,2026-04-28 16:00:00,NORR Kitchen,@ NORR Kitchen | OFFSITE EVENT,98,Flat Travel Pay of $41.66,Bartender 2
2026-04-28,2026-04-28 10:30:00,2026-04-28 22:30:00,Google Spruce Goose Offices,Google Spruce Goose - Catering Operations,317,Miguel Sanchez ,Captain
2026-04-28,2026-04-28 11:00:00,2026-04-28 19:30:00,Catalina Island Marine Institute,Camp Fox,102,Mon- Fri Assign. | Travel pay offered | Island/Camp Living for a week,Cook 2
2026-04-28,2026-04-28 11:00:00,2026-04-28 19:00:00,Catalina Island Marine Institute,Camp Toyon Bay,102,Mon- Friday Assign. | Travel pay offered | Island/Camp Living for a week,Cook 2
2026-04-28,2026-04-28 11:00:00,2026-04-28 19:30:00,"Manhattan Beach Hotel TRS LLC., dba Westdrift Manhattan Beach",Manhattan Beach Hotel | Banquet,115,,Server 2
2026-04-28,2026-04-28 11:00:00,2026-04-28 19:30:00,PIH Health - Whittier Hospital,PIH Health - Whittier Hospital,102,,Cook 2
2026-04-28,2026-04-28 11:00:00,2026-04-28 19:30:00,University Village Thousand Oaks,University Village Thousand Oaks ,102,,Cook 2
2026-04-28,2026-04-28 11:30:00,2026-04-28 20:00:00,People Assisting the Homeless,People Assisting the Homeless - YWCA,110,,Prep Cook 2
2026-04-28,2026-04-28 12:00:00,2026-04-28 20:30:00,Childrens Hospital Los Angeles,Childrens Hospital Los Angeles,104,Food Service Worker,General
2026-04-28,2026-04-28 12:00:00,2026-04-28 20:30:00,Griffin Club Los Angeles,Griffin Club Los Angeles,102,,Cook 2
2026-04-28,2026-04-28 12:00:00,2026-04-28 20:30:00,"Manhattan Beach Hotel TRS LLC., dba Westdrift Manhattan Beach",Manhattan Beach Hotel | Banquet,115,,Server 2
2026-04-28,2026-04-28 12:00:00,2026-04-28 20:30:00,PIH Health - Whittier Hospital,PIH Health - Whittier Hospital,110,,Prep Cook 2
2026-04-28,2026-04-28 12:00:00,2026-04-28 20:30:00,SBLP Warner Center OPCO LLC - The Variel,The Variel of Woodland Hills,102,,Cook 2
2026-04-28,2026-04-28 12:00:00,2026-04-28 20:30:00,VEA Hotel - Newport Beach,VEA Hotel - Newport Beach | Cooks,102,,Cook 2
2026-04-28,2026-04-28 12:30:00,2026-04-28 18:30:00,Wolfgang Puck Catering,Wolfgang Puck Catering - L.A. Live,102,,Cook 2
2026-04-28,2026-04-28 13:00:00,2026-04-28 18:00:00,Griffin Club Los Angeles,Griffin Club Los Angeles,105,,Dishwasher
2026-04-28,2026-04-28 13:00:00,2026-04-28 21:30:00,VEA Hotel - Newport Beach,VEA Hotel - Newport Beach | Cooks,102,,Cook 2
2026-04-28,2026-04-28 13:30:00,2026-04-28 19:30:00,The Vered,The Vered,102,TB and LIVE Scan Required - Ongoing Shift - Do not publish,Cook 2
2026-04-28,2026-04-28 14:00:00,2026-04-28 22:30:00,Blue Devils Lessee LLC | Hyatt Centric Delfina Santa Monica,Hyatt Centric Delfina Santa Monica,264,Ongoing Assignment - Read description before signing up,Event Supervisor
2026-04-28,2026-04-28 14:00:00,2026-04-28 22:30:00,Commerce Casino,Commerce Casino - High Limit Kitchen | FOH | MON - TH,101,with runner and cashier duties,Cashier
2026-04-28,2026-04-28 14:00:00,2026-04-28 22:00:00,Hotel Bel Air,Hotel Bel Air - Swan Cafe,102,,Cook 2
2026-04-28,2026-04-28 14:00:00,2026-04-28 22:30:00,Martin Luther King Jr Hospital,Martin Luther King Jr. Hospital | BOH,102,,Cook 2
2026-04-28,2026-04-28 14:00:00,2026-04-28 22:30:00,SBLP Warner Center OPCO LLC - The Variel,The Variel of Woodland Hills,105,,Dishwasher
2026-04-28,2026-04-28 14:00:00,2026-04-28 22:00:00,Viceroy Santa Monica Hotel,Viceroy Santa Monica Hotel,264,,Event Supervisor
2026-04-28,2026-04-28 14:30:00,2026-04-28 23:00:00,Commerce Casino,Commerce Casino - Employee Dining Room,102,,Cook 2
2026-04-28,2026-04-28 15:00:00,2026-04-28 23:30:00,Crescent Heights Ten Thousand,Crescent Heights Ten Thousand - Butler Department,115,Butler/Porter,Server 2
2026-04-28,2026-04-28 15:00:00,2026-04-28 23:30:00,Henry Mayo Newhall Hospital,Henry Mayo Newhall Hospital,118,Dishwasher | Deep Cleaning | Must be TB and Physical Tested before Shift,Utility
2026-04-28,2026-04-28 15:00:00,2026-04-28 21:00:00,"Manhattan Beach Hotel TRS LLC., dba Westdrift Manhattan Beach",Manhattan Beach Hotel | Banquet,98,,Bartender 2
2026-04-28,2026-04-28 15:00:00,2026-04-28 21:00:00,"Manhattan Beach Hotel TRS LLC., dba Westdrift Manhattan Beach",Manhattan Beach Hotel | Banquet,96,,Barback
2026-04-28,2026-04-28 15:00:00,2026-04-28 20:00:00,Wolfgang Puck Catering,Wolfgang Puck Catering BOH | Offsite,102,,Cook 2
2026-04-28,2026-04-28 15:30:00,2026-04-28 22:00:00,Malibu Beach Inn,Malibu Beach Inn - BOH,105,,Dishwasher
2026-04-28,2026-04-28 15:30:00,2026-04-29 00:00:00,"Manhattan Beach Hotel TRS LLC., dba Westdrift Manhattan Beach",Manhattan Beach Hotel | Banquet,264,,Event Supervisor
2026-04-28,2026-04-28 16:00:00,2026-04-28 22:30:00,Malibu Beach Inn,Malibu Beach Inn - BOH,102,Line Cook,Cook 2
2026-04-28,2026-04-28 16:00:00,2026-04-28 21:00:00,"Manhattan Beach Hotel TRS LLC., dba Westdrift Manhattan Beach",Manhattan Beach Hotel | Banquet,96,,Barback
2026-04-28,2026-04-28 17:00:00,2026-04-29 01:30:00,Pepperdine University,Pepperdine University - HAWC Cafe & Store,102,,Cook 2
2026-04-28,2026-04-28 18:00:00,2026-04-28 23:00:00,Viceroy Santa Monica Hotel,Viceroy Santa Monica Hotel,105,URGENT,Dishwasher
2026-04-28,2026-04-28 22:00:00,2026-04-29 06:30:00,Commerce Casino,Commerce Casino - Employee Dining Room,102,,Cook 2
2026-04-29,2026-04-29 05:00:00,2026-04-29 13:30:00,Google Spruce Goose Offices,Google Spruce Goose - Catering Operations,102,,Cook 2
2026-04-29,2026-04-29 05:00:00,2026-04-29 13:30:00,People Assisting the Homeless,People Assisting the Homeless - YWCA,110,,Prep Cook 2
2026-04-29,2026-04-29 05:00:00,2026-04-29 13:30:00,PIH Health - Good Samaritan Hospital,PIH Health - Good Samaritan Hospital,290,,Cook 3
2026-04-29,2026-04-29 05:00:00,2026-04-29 13:30:00,PIH Health - Whittier Hospital,PIH Health - Whittier Hospital,102,,Cook 2
2026-04-29,2026-04-29 05:00:00,2026-04-29 13:30:00,PIH Health - Whittier Hospital,PIH Health - Whittier Hospital,110,,Prep Cook 2
2026-04-29,2026-04-29 05:30:00,2026-04-29 11:00:00,Empowered 4 Life Foundation,@ Empowered 4 Life Foundation,110,,Prep Cook 2
2026-04-29,2026-04-29 05:30:00,2026-04-29 15:00:00,"Fox Studio Lot, LLC",Fox Studio - Moe's Cafe BoH,102,,Cook 2
2026-04-29,2026-04-29 06:00:00,2026-04-29 14:30:00,Bel Air Bay Club ,Bel Air Bay Club - Upper Club,102,,Cook 2
2026-04-29,2026-04-29 06:00:00,2026-04-29 13:30:00,Beverly Hills Unified School District,BHUSD - Beverly Hills High School,104,,General
2026-04-29,2026-04-29 06:00:00,2026-04-29 13:30:00,Beverly Hills Unified School District,BHUSD - Beverly Hills High School,110,,Prep Cook 2
2026-04-29,2026-04-29 06:00:00,2026-04-29 14:30:00,Capital Group - Irvine,Capital Group - Irvine | BOH,102,,Cook 2
2026-04-29,2026-04-29 06:00:00,2026-04-29 14:30:00,Capital Group - Irvine,Capital Group - Irvine | FOH,101,,Cashier
2026-04-29,2026-04-29 06:00:00,2026-04-29 14:30:00,Colburn Music School,Colburn Music School,102,,Cook 2
2026-04-29,2026-04-29 06:00:00,2026-04-29 14:30:00,Disney Studios,Disney Studios | GC3 Cafe Glendale,102,,Cook 2
2026-04-29,2026-04-29 06:00:00,2026-04-29 14:30:00,Edwards Lifesciences,Edwards Lifesciences FOH Bldg. C,101,,Cashier
2026-04-29,2026-04-29 06:00:00,2026-04-29 14:30:00,Edwards Lifesciences,Edwards Lifesciences FOH Bldg. C,101,,Cashier
2026-04-29,2026-04-29 06:00:00,2026-04-29 14:30:00,Edwards Lifesciences,Edwards Lifesciences FOH Bldg. C,101,,Cashier
2026-04-29,2026-04-29 06:00:00,2026-04-29 14:30:00,"Fox Studio Lot, LLC",Fox Studio - Commissary,102,,Cook 2
2026-04-29,2026-04-29 06:00:00,2026-04-29 15:00:00,"Fox Studio Lot, LLC",Fox Studio - News Cafe BoH,102,,Cook 2
2026-04-29,2026-04-29 06:00:00,2026-04-29 15:00:00,"Fox Studio Lot, LLC",Fox Studio - Moe's Cafe BoH,102,,Cook 2
2026-04-29,2026-04-29 06:00:00,2026-04-29 15:30:00,Google Spruce Goose Offices,Google Spruce Goose - Catering Operations,115,,Server 2
2026-04-29,2026-04-29 06:00:00,2026-04-29 14:30:00,Jet Propulsion Laboratory,JPL - Cafe 303,102,,Cook 2
2026-04-29,2026-04-29 06:00:00,2026-04-29 14:30:00,L.A. Rams,L.A. Rams,102,,Cook 2
2026-04-29,2026-04-29 06:00:00,2026-04-29 14:30:00,Martin Luther King Jr Hospital,Martin Luther King Jr. Hospital | BOH,102,,Cook 2
2026-04-29,2026-04-29 06:00:00,2026-04-29 14:30:00,Park Place Plaza,Park Place Plaza,115,with Barista Duties,Server 2
2026-04-29,2026-04-29 06:00:00,2026-04-29 14:00:00,The Westin Long Beach,The Westin Long Beach,105,,Dishwasher
2026-04-29,2026-04-29 06:15:00,2026-04-29 14:45:00,Disney Studios,Disney Studios | Big D Cafe Glendale,102,,Cook 2
2026-04-29,2026-04-29 06:30:00,2026-04-29 14:30:00,Amgen Thousand Oaks,Amgen Thousand Oaks - Bistro Cafe,102,,Cook 2
2026-04-29,2026-04-29 06:30:00,2026-04-29 13:30:00,Beverly Hills Unified School District,BHUSD- El Rodeo Elementary,288,,Cook 1
2026-04-29,2026-04-29 06:30:00,2026-04-29 14:00:00,Beverly Hills Unified School District,BHUSD- El Rodeo Elementary,104,,General
2026-04-29,2026-04-29 06:30:00,2026-04-29 15:00:00,California Endowment ,California Endowment,102,,Cook 2
2026-04-29,2026-04-29 06:30:00,2026-04-29 15:00:00,Childrens Hospital Los Angeles,Childrens Hospital Los Angeles,105,,Dishwasher
2026-04-29,2026-04-29 06:30:00,2026-04-29 15:00:00,Disney Studios,Disney Studios | Big D Cafe Glendale,102,4 Day Assignment for Monday 4/27 to Thursday 4/30,Cook 2
2026-04-29,2026-04-29 06:30:00,2026-04-29 14:30:00,Google Spruce Goose Offices,Google Spruce Goose - Cafe,102,"Cooks will work in 320 Cafe, ask for Chef Ryan Rizzuto",Cook 2
2026-04-29,2026-04-29 06:30:00,2026-04-29 15:00:00,Masimo Technology Cafe,Masimo Technology Cafe | FOH,115,,Server 2
2026-04-29,2026-04-29 06:30:00,2026-04-29 14:00:00,Park Place Plaza,Park Place Plaza,115,,Server 2
2026-04-29,2026-04-29 06:30:00,2026-04-29 15:00:00,The Archer School for Girls,The Archer School for Girls,102,Read Description Thoroughly,Cook 2
2026-04-29,2026-04-29 06:30:00,2026-04-29 15:00:00,The Archer School for Girls,The Archer School for Girls,290,,Cook 3
2026-04-29,2026-04-29 06:30:00,2026-04-29 15:00:00,The Archer School for Girls,The Archer School for Girls,102,,Cook 2
2026-04-29,2026-04-29 07:00:00,2026-04-29 14:00:00,Beverly Hills Unified School District,BHUSD - Horace Mann Elementary School,110,,Prep Cook 2
2026-04-29,2026-04-29 07:00:00,2026-04-29 14:00:00,Beverly Hills Unified School District,BHUSD - Beverly Hills High School,105,,Dishwasher
2026-04-29,2026-04-29 07:00:00,2026-04-29 14:00:00,Capital Group - Los Angeles,Capital Group - Los Angeles,105,,Dishwasher
2026-04-29,2026-04-29 07:00:00,2026-04-29 15:30:00,Crescent Heights Ten Thousand,Crescent Heights Ten Thousand - Butler Department,115,Butler/Porter,Server 2
2026-04-29,2026-04-29 07:00:00,2026-04-29 15:00:00,Guckenheimer Cafe at Red Bull,Guckenheimer Cafe at Red Bull - Front of House,97,,Barista 2
2026-04-29,2026-04-29 07:00:00,2026-04-29 15:30:00,L.A. Rams,L.A. Rams,105,,Dishwasher
2026-04-29,2026-04-29 07:00:00,2026-04-29 15:30:00,L.A. Rams,L.A. Rams,102,,Cook 2
2026-04-29,2026-04-29 07:00:00,2026-04-29 15:30:00,Martin Luther King Jr Hospital,Martin Luther King Jr. Hospital | BOH,102,,Cook 2
2026-04-29,2026-04-29 07:00:00,2026-04-29 15:30:00,NBC Universal,NBC Universal Studios | The Market Place,102,,Cook 2
2026-04-29,2026-04-29 07:00:00,2026-04-29 15:00:00,Newport Harbor Yacht Club,Newport Harbor Yacht Club | Banquets,105,Heavy Lifting - Read Description,Dishwasher
2026-04-29,2026-04-29 07:00:00,2026-04-29 15:30:00,"Platinum Equity, LLC",Platinum Equity LLC,102,,Cook 2
2026-04-29,2026-04-29 07:00:00,2026-04-29 15:00:00,RAND Corporation,RAND Corporation,102,,Cook 2
2026-04-29,2026-04-29 07:00:00,2026-04-29 15:00:00,The Archer School for Girls,The Archer School for Girls,105,,Dishwasher
2026-04-29,2026-04-29 07:00:00,2026-04-29 15:30:00,The Getty Center,The Getty Center - Cafe,102,,Cook 2
2026-04-29,2026-04-29 07:00:00,2026-04-29 14:00:00,Union Station Homeless Services,Union Station Homeless Services - Adult Center,102,,Cook 2
2026-04-29,2026-04-29 07:00:00,2026-04-29 14:30:00,Wolfgang Puck Catering,Wolfgang Puck Catering - Hollywood & Highland,102,,Cook 2
2026-04-29,2026-04-29 07:30:00,2026-04-29 15:30:00,Amgen Thousand Oaks,Amgen Thousand Oaks - Bistro Cafe,105,,Dishwasher
2026-04-29,2026-04-29 07:30:00,2026-04-29 15:00:00,Cedars Sinai Medical Center,Cedars Sinai Medical Center - Pavilion,102,Grill Cook,Cook 2
2026-04-29,2026-04-29 07:30:00,2026-04-29 16:00:00,"Fox Studio Lot, LLC",Fox Studio - Moe's Cafe BoH,105,,Dishwasher
2026-04-29,2026-04-29 07:30:00,2026-04-29 16:00:00,Guckenheimer Cafe at Red Bull,Guckenheimer Cafe at Red Bull - Back of House,105,,Dishwasher
2026-04-29,2026-04-29 07:30:00,2026-04-29 16:00:00,NFL LA Huddle Cafe,NFL LA Huddle Cafe,105,,Dishwasher
2026-04-29,2026-04-29 07:45:00,2026-04-29 15:30:00,Disney Studios,Disney Studios | Rotunda Restaurant,99,,Busser
2026-04-29,2026-04-29 08:00:00,2026-04-29 13:30:00,Beverly Hills Unified School District,BHUSD - Beverly Vista Middle School,110,,Prep Cook 2
2026-04-29,2026-04-29 08:00:00,2026-04-29 16:30:00,Edwards Lifesciences,Edwards Lifesciences FOH Bldg. C,101,,Cashier
2026-04-29,2026-04-29 08:00:00,2026-04-29 15:00:00,Google Spruce Goose Offices,Google Spruce Goose - Cafe,97,Read Description Throughly,Barista 2
2026-04-29,2026-04-29 08:00:00,2026-04-29 16:00:00,Hotel Bel Air,Hotel Bel Air - Main Kitchen,110,,Prep Cook 2
2026-04-29,2026-04-29 08:00:00,2026-04-29 14:00:00,Malibu Beach Inn,Malibu Beach Inn - BOH,105,,Dishwasher
2026-04-29,2026-04-29 08:00:00,2026-04-29 16:00:00,NBC Universal,NBC Universal Studios | The Market Place,102,,Cook 2
2026-04-29,2026-04-29 08:00:00,2026-04-29 16:30:00,PIH Health - Downey Hospital,PIH Health - Downey Hospital,105,,Dishwasher
2026-04-29,2026-04-29 08:00:00,2026-04-29 16:30:00,"Platinum Equity, LLC",Platinum Equity LLC,102,,Cook 2
2026-04-29,2026-04-29 08:00:00,2026-04-29 16:30:00,"Platinum Equity, LLC",Platinum Equity LLC,105,,Dishwasher
2026-04-29,2026-04-29 08:00:00,2026-04-29 16:00:00,SBLP Warner Center OPCO LLC - The Variel,The Variel of Woodland Hills,105,,Dishwasher
2026-04-29,2026-04-29 08:00:00,2026-04-29 16:30:00,The Getty Center,The Getty Center - Catering,102,Please request Chris Hurley and Mario Deras,Cook 2
2026-04-29,2026-04-29 08:00:00,2026-04-29 16:30:00,The Wonderful Company,The Wonderful Company,97,,Barista 2
2026-04-29,2026-04-29 08:30:00,2026-04-29 17:00:00,Google Spruce Goose Offices,Google Spruce Goose - Catering Operations,115,,Server 2
2026-04-29,2026-04-29 08:30:00,2026-04-29 17:00:00,"Platinum Equity, LLC",Platinum Equity LLC,102,,Cook 2
2026-04-29,2026-04-29 09:00:00,2026-04-29 15:00:00,Google Spruce Goose Offices,Google Spruce Goose - Cafe,104,Dishwasher,General
2026-04-29,2026-04-29 09:00:00,2026-04-29 17:00:00,Malibu Beach Inn,Malibu Beach Inn - BOH,107,Housekeeping,Houseperson
2026-04-29,2026-04-29 09:00:00,2026-04-29 17:00:00,Netflix,Netflix - NOV - WPC- Catering Service,102,,Cook 2
2026-04-29,2026-04-29 09:30:00,2026-04-29 18:00:00,Netflix,Netflix - NOV - WPC- Catering Service,97,May I please request Maria Zuniga.,Barista 2
2026-04-29,2026-04-29 10:00:00,2026-04-29 18:30:00,Four Seasons Hotel Westlake Village,Four Seasons Hotel Westlake Village ,102,pastry experience preferred,Cook 2
2026-04-29,2026-04-29 10:00:00,2026-04-29 14:30:00,Google Spruce Goose Offices,Google Spruce Goose - Cafe,104,,General
2026-04-29,2026-04-29 10:00:00,2026-04-29 18:30:00,Griffin Club Los Angeles,Griffin Club Los Angeles,102,,Cook 2
2026-04-29,2026-04-29 10:00:00,2026-04-29 18:00:00,"Manhattan Beach Hotel TRS LLC., dba Westdrift Manhattan Beach",Manhattan Beach Hotel | Banquet,96,,Barback
2026-04-29,2026-04-29 10:00:00,2026-04-29 18:00:00,"Manhattan Beach Hotel TRS LLC., dba Westdrift Manhattan Beach",Manhattan Beach Hotel | Banquet,98,,Bartender 2
2026-04-29,2026-04-29 10:30:00,2026-04-29 22:30:00,Google Spruce Goose Offices,Google Spruce Goose - Catering Operations,317,Miguel Sanchez ,Captain
2026-04-29,2026-04-29 11:00:00,2026-04-29 19:00:00,Catalina Island Marine Institute,Camp Toyon Bay,102,Mon- Friday Assign. | Travel pay offered | Island/Camp Living for a week,Cook 2
2026-04-29,2026-04-29 11:00:00,2026-04-29 19:30:00,Catalina Island Marine Institute,Camp Fox,102,Mon- Fri Assign. | Travel pay offered | Island/Camp Living for a week,Cook 2
2026-04-29,2026-04-29 11:00:00,2026-04-29 19:30:00,PIH Health - Whittier Hospital,PIH Health - Whittier Hospital,102,,Cook 2
2026-04-29,2026-04-29 11:00:00,2026-04-29 15:00:00,Renaissance LA Airport Hotel,Renaissance LA Airport Hotel (Kitchen),115,,Server 2
2026-04-29,2026-04-29 12:00:00,2026-04-29 20:30:00,Cedars Sinai Medical Center,Cedars Sinai - Plaza & Cafe,102,Grill Cook,Cook 2
2026-04-29,2026-04-29 12:00:00,2026-04-29 20:30:00,Childrens Hospital Los Angeles,Childrens Hospital Los Angeles,104,Food Service Worker,General
2026-04-29,2026-04-29 12:00:00,2026-04-29 20:30:00,Griffin Club Los Angeles,Griffin Club Los Angeles,102,Grill Cook,Cook 2
2026-04-29,2026-04-29 12:00:00,2026-04-29 20:30:00,PIH Health - Whittier Hospital,PIH Health - Whittier Hospital,110,,Prep Cook 2
2026-04-29,2026-04-29 12:00:00,2026-04-29 20:30:00,SBLP Warner Center OPCO LLC - The Variel,The Variel of Woodland Hills,102,,Cook 2
2026-04-29,2026-04-29 13:00:00,2026-04-29 20:00:00,MCP Catering,@ MCP Catering-Offsite,102,Professional with cooking experience,Cook 2
2026-04-29,2026-04-29 13:00:00,2026-04-29 21:30:00,VEA Hotel - Newport Beach,VEA Hotel - Newport Beach | Cooks,102,,Cook 2
2026-04-29,2026-04-29 14:00:00,2026-04-29 22:00:00,Academy Museum of Motion Pictures,Academy Museum of Motion Pictures - Fanny's Restaurant,105,,Dishwasher
2026-04-29,2026-04-29 14:00:00,2026-04-29 22:30:00,Blue Devils Lessee LLC | Hyatt Centric Delfina Santa Monica,Hyatt Centric Delfina Santa Monica,264,Ongoing Assignment - Read description before signing up,Event Supervisor
2026-04-29,2026-04-29 14:00:00,2026-04-29 22:30:00,Commerce Casino,Commerce Casino - High Limit Kitchen | FOH | MON - TH,101,with runner and cashier duties,Cashier
2026-04-29,2026-04-29 14:00:00,2026-04-29 22:00:00,Hotel Bel Air,Hotel Bel Air - Swan Cafe,102,,Cook 2
2026-04-29,2026-04-29 14:00:00,2026-04-29 22:30:00,Martin Luther King Jr Hospital,Martin Luther King Jr. Hospital | BOH,102,,Cook 2
2026-04-29,2026-04-29 14:00:00,2026-04-29 22:30:00,SBLP Warner Center OPCO LLC - The Variel,The Variel of Woodland Hills,105,,Dishwasher
2026-04-29,2026-04-29 14:30:00,2026-04-29 23:00:00,Commerce Casino,Commerce Casino - Employee Dining Room,102,,Cook 2
2026-04-29,2026-04-29 14:30:00,2026-04-29 23:00:00,VH Property Corp. dba Trump National Golf Club Los Angeles,Trump National Golf Course Los Angeles | BOH,102,,Cook 2
2026-04-29,2026-04-29 14:30:00,2026-04-29 22:30:00,Viceroy Santa Monica Hotel,Viceroy Santa Monica Hotel,264,,Event Supervisor
2026-04-29,2026-04-29 15:00:00,2026-04-29 22:00:00,Academy Museum of Motion Pictures,Academy Museum of Motion Pictures - Fanny's Restaurant,105,,Dishwasher
2026-04-29,2026-04-29 15:00:00,2026-04-29 23:30:00,Crescent Heights Ten Thousand,Crescent Heights Ten Thousand - Butler Department,115,Butler/Porter,Server 2
2026-04-29,2026-04-29 15:00:00,2026-04-29 23:30:00,Henry Mayo Newhall Hospital,Henry Mayo Newhall Hospital,118,Dishwasher | Deep Cleaning | Must be TB and Physical Tested before Shift,Utility
2026-04-29,2026-04-29 15:00:00,2026-04-29 23:30:00,"LBVH Hotel, LLC - L'Ermitage Beverly Hills",L'Ermitage Beverly Hills,105,,Dishwasher
2026-04-29,2026-04-29 15:00:00,2026-04-29 22:00:00,NBC Universal,NBC Universal Studios | The Market Place,102,URGENT,Cook 2
2026-04-29,2026-04-29 15:30:00,2026-04-29 22:00:00,Malibu Beach Inn,Malibu Beach Inn - BOH,105,,Dishwasher
2026-04-29,2026-04-29 15:30:00,2026-04-30 00:00:00,"Manhattan Beach Hotel TRS LLC., dba Westdrift Manhattan Beach",Manhattan Beach Hotel | Banquet,264,,Event Supervisor
2026-04-29,2026-04-29 16:00:00,2026-04-29 22:00:00,Academy Museum of Motion Pictures,Academy Museum of Motion Pictures - Fanny's Restaurant,105,URGENT,Dishwasher
2026-04-29,2026-04-29 16:00:00,2026-04-30 00:30:00,Irvine Spectrum ,Irvine Spectrum - BOH,105,,Dishwasher
2026-04-29,2026-04-29 16:00:00,2026-04-29 23:00:00,Wolfgang Puck Catering,Wolfgang Puck Catering - L.A. Live,105,,Dishwasher
2026-04-29,2026-04-29 17:00:00,2026-04-29 22:00:00,Griffin Club Los Angeles,Griffin Club Los Angeles,105,,Dishwasher
2026-04-29,2026-04-29 17:00:00,2026-04-30 01:30:00,Pepperdine University,Pepperdine University - HAWC Cafe & Store,102,URGENT,Cook 2
2026-04-29,2026-04-29 22:00:00,2026-04-30 06:30:00,Commerce Casino,Commerce Casino - Employee Dining Room,102,,Cook 2
2026-04-30,2026-04-30 05:00:00,2026-04-30 13:30:00,Google Spruce Goose Offices,Google Spruce Goose - Catering Operations,102,,Cook 2
2026-04-30,2026-04-30 05:00:00,2026-04-30 13:30:00,PIH Health - Good Samaritan Hospital,PIH Health - Good Samaritan Hospital,290,,Cook 3
2026-04-30,2026-04-30 05:00:00,2026-04-30 13:30:00,PIH Health - Whittier Hospital,PIH Health - Whittier Hospital,102,,Cook 2
2026-04-30,2026-04-30 05:00:00,2026-04-30 13:30:00,PIH Health - Whittier Hospital,PIH Health - Whittier Hospital,110,,Prep Cook 2
2026-04-30,2026-04-30 05:30:00,2026-04-30 11:00:00,Empowered 4 Life Foundation,@ Empowered 4 Life Foundation,110,,Prep Cook 2
2026-04-30,2026-04-30 05:30:00,2026-04-30 15:00:00,"Fox Studio Lot, LLC",Fox Studio - Moe's Cafe BoH,102,,Cook 2
2026-04-30,2026-04-30 06:00:00,2026-04-30 13:30:00,Beverly Hills Unified School District,BHUSD- El Rodeo Elementary,104,,General
2026-04-30,2026-04-30 06:00:00,2026-04-30 13:30:00,Beverly Hills Unified School District,BHUSD - Beverly Hills High School,288,,Cook 1
2026-04-30,2026-04-30 06:00:00,2026-04-30 13:30:00,Beverly Hills Unified School District,BHUSD - Beverly Hills High School,110,,Prep Cook 2
2026-04-30,2026-04-30 06:00:00,2026-04-30 13:30:00,Beverly Hills Unified School District,BHUSD - Beverly Hills High School,104,,General
2026-04-30,2026-04-30 06:00:00,2026-04-30 14:30:00,Capital Group - Irvine,Capital Group - Irvine | BOH,102,,Cook 2
2026-04-30,2026-04-30 06:00:00,2026-04-30 14:30:00,Capital Group - Irvine,Capital Group - Irvine | FOH,101,,Cashier
2026-04-30,2026-04-30 06:00:00,2026-04-30 14:30:00,Colburn Music School,Colburn Music School,102,,Cook 2
2026-04-30,2026-04-30 06:00:00,2026-04-30 14:00:00,Commerce Casino,Commerce Casino - Employee Dining Room,115,,Server 2
2026-04-30,2026-04-30 06:00:00,2026-04-30 14:30:00,Commerce Casino,Commerce Casino - Banquets | BOH,102,,Cook 2
2026-04-30,2026-04-30 06:00:00,2026-04-30 14:30:00,Disney Studios,Disney Studios | GC3 Cafe Glendale,102,,Cook 2
2026-04-30,2026-04-30 06:00:00,2026-04-30 14:30:00,Edwards Lifesciences,Edwards Lifesciences FOH Bldg. C,101,,Cashier
2026-04-30,2026-04-30 06:00:00,2026-04-30 14:30:00,Edwards Lifesciences,Edwards Lifesciences FOH Bldg. C,101,,Cashier
2026-04-30,2026-04-30 06:00:00,2026-04-30 14:30:00,"Fox Studio Lot, LLC",Fox Studio - Commissary,102,,Cook 2
2026-04-30,2026-04-30 06:00:00,2026-04-30 15:00:00,"Fox Studio Lot, LLC",Fox Studio - News Cafe BoH,102,,Cook 2
2026-04-30,2026-04-30 06:00:00,2026-04-30 14:30:00,Google Spruce Goose Offices,Google Spruce Goose - Catering Operations,115,,Server 2
2026-04-30,2026-04-30 06:00:00,2026-04-30 14:30:00,Jet Propulsion Laboratory,JPL - Cafe 303,102,,Cook 2
2026-04-30,2026-04-30 06:00:00,2026-04-30 14:30:00,L.A. Rams,L.A. Rams,102,,Cook 2
2026-04-30,2026-04-30 06:00:00,2026-04-30 14:30:00,Martin Luther King Jr Hospital,Martin Luther King Jr. Hospital | BOH,102,,Cook 2
2026-04-30,2026-04-30 06:00:00,2026-04-30 14:30:00,Park Place Plaza,Park Place Plaza,115,with Barista Duties,Server 2
2026-04-30,2026-04-30 06:00:00,2026-04-30 14:30:00,VEA Hotel - Newport Beach,VEA Hotel - Newport Beach | Cooks,102,,Cook 2
2026-04-30,2026-04-30 06:15:00,2026-04-30 14:45:00,Disney Studios,Disney Studios | Big D Cafe Glendale,102,,Cook 2
2026-04-30,2026-04-30 06:30:00,2026-04-30 14:30:00,Amgen Thousand Oaks,Amgen Thousand Oaks - Bistro Cafe,102,,Cook 2
2026-04-30,2026-04-30 06:30:00,2026-04-30 15:00:00,California Endowment ,California Endowment,102,,Cook 2
2026-04-30,2026-04-30 06:30:00,2026-04-30 11:00:00,Cedars Sinai Medical Center,Cedars Sinai Medical Center - Catering Dept.,115,,Server 2
2026-04-30,2026-04-30 06:30:00,2026-04-30 15:00:00,Childrens Hospital Los Angeles,Childrens Hospital Los Angeles,105,,Dishwasher
2026-04-30,2026-04-30 06:30:00,2026-04-30 15:00:00,Disney Studios,Disney Studios | Big D Cafe Glendale,102,4 Day Assignment for Monday 4/27 to Thursday 4/30,Cook 2
2026-04-30,2026-04-30 06:30:00,2026-04-30 14:30:00,Google Spruce Goose Offices,Google Spruce Goose - Cafe,102,"Cooks will work in 320 Cafe, ask for Aldin",Cook 2
2026-04-30,2026-04-30 06:30:00,2026-04-30 15:00:00,SBLP Warner Center OPCO LLC - The Variel,The Variel of Woodland Hills,105,,Dishwasher
2026-04-30,2026-04-30 06:30:00,2026-04-30 15:00:00,The Archer School for Girls,The Archer School for Girls,102,,Cook 2
2026-04-30,2026-04-30 06:30:00,2026-04-30 15:00:00,The Archer School for Girls,The Archer School for Girls,290,Read Description Thoroughly,Cook 3
2026-04-30,2026-04-30 06:30:00,2026-04-30 15:00:00,The Archer School for Girls,The Archer School for Girls,102,Read Description Thoroughly,Cook 2
2026-04-30,2026-04-30 07:00:00,2026-04-30 14:00:00,Beverly Hills Unified School District,BHUSD - Horace Mann Elementary School,104,,General
2026-04-30,2026-04-30 07:00:00,2026-04-30 14:00:00,Beverly Hills Unified School District,BHUSD - Beverly Hills High School,105,,Dishwasher
2026-04-30,2026-04-30 07:00:00,2026-04-30 12:00:00,Cedars Sinai Medical Center,Cedars Sinai Medical Center - Catering Dept.,115,,Server 2
2026-04-30,2026-04-30 07:00:00,2026-04-30 15:30:00,Crescent Heights Ten Thousand,Crescent Heights Ten Thousand - Butler Department,115,Butler/Porter,Server 2
2026-04-30,2026-04-30 07:00:00,2026-04-30 15:30:00,Disney Studios,Disney Studios | Big D Cafe Glendale,104,Dishwasher,General
2026-04-30,2026-04-30 07:00:00,2026-04-30 15:30:00,Edwards Lifesciences,Edwards Lifesciences FOH Bldg. C,101,,Cashier
2026-04-30,2026-04-30 07:00:00,2026-04-30 15:00:00,"Fox Studio Lot, LLC",Fox Studio - Commissary,99,,Busser
2026-04-30,2026-04-30 07:00:00,2026-04-30 15:30:00,Google Spruce Goose Offices,Google Spruce Goose - Catering Operations,115,,Server 2
2026-04-30,2026-04-30 07:00:00,2026-04-30 15:15:00,Guckenheimer Cafe at Red Bull,Guckenheimer Cafe at Red Bull - Front of House,97,,Barista 2
2026-04-30,2026-04-30 07:00:00,2026-04-30 15:30:00,L.A. Rams,L.A. Rams,102,,Cook 2
2026-04-30,2026-04-30 07:00:00,2026-04-30 15:30:00,L.A. Rams,L.A. Rams,105,,Dishwasher
2026-04-30,2026-04-30 07:00:00,2026-04-30 15:30:00,Martin Luther King Jr Hospital,Martin Luther King Jr. Hospital | BOH,102,,Cook 2
2026-04-30,2026-04-30 07:00:00,2026-04-30 15:30:00,NBC Universal,NBC Universal Studios | The Market Place,102,,Cook 2
2026-04-30,2026-04-30 07:00:00,2026-04-30 15:00:00,Newport Harbor Yacht Club,Newport Harbor Yacht Club | Banquets,105,Heavy Lifting - Read Description,Dishwasher
2026-04-30,2026-04-30 07:00:00,2026-04-30 15:30:00,NFL LA Huddle Cafe,NFL LA Huddle Cafe,102,,Cook 2
2026-04-30,2026-04-30 07:00:00,2026-04-30 15:30:00,"Platinum Equity, LLC",Platinum Equity LLC,102,,Cook 2
2026-04-30,2026-04-30 07:00:00,2026-04-30 15:00:00,RAND Corporation,RAND Corporation,102,,Cook 2
2026-04-30,2026-04-30 07:00:00,2026-04-30 15:00:00,The Archer School for Girls,The Archer School for Girls,105,Read Description Throughly,Dishwasher
2026-04-30,2026-04-30 07:00:00,2026-04-30 15:30:00,The Getty Center,The Getty Center - Cafe,102,Urgent Required.,Cook 2
2026-04-30,2026-04-30 07:00:00,2026-04-30 14:00:00,Union Station Homeless Services,Union Station Homeless Services - Adult Center,102,,Cook 2
2026-04-30,2026-04-30 07:30:00,2026-04-30 15:30:00,Amgen Thousand Oaks,Amgen Thousand Oaks - Bistro Cafe,105,,Dishwasher
2026-04-30,2026-04-30 07:30:00,2026-04-30 15:00:00,Cedars Sinai Medical Center,Cedars Sinai Medical Center - Pavilion,102,Grill Cook,Cook 2
2026-04-30,2026-04-30 07:30:00,2026-04-30 16:00:00,"Fox Studio Lot, LLC",Fox Studio - Moe's Cafe BoH,105,,Dishwasher
2026-04-30,2026-04-30 07:30:00,2026-04-30 16:00:00,Guckenheimer Cafe at Red Bull,Guckenheimer Cafe at Red Bull - Back of House,105,,Dishwasher
2026-04-30,2026-04-30 07:45:00,2026-04-30 15:00:00,Disney Studios,Disney Studios | Rotunda Restaurant,99,,Busser
2026-04-30,2026-04-30 08:00:00,2026-04-30 16:30:00,Beverly Hills Hotel,Beverly Hills Hotel - Main Kitchen,102,,Cook 2
2026-04-30,2026-04-30 08:00:00,2026-04-30 13:30:00,Beverly Hills Unified School District,BHUSD - Beverly Vista Middle School,110,,Prep Cook 2
2026-04-30,2026-04-30 08:00:00,2026-04-30 16:30:00,Edwards Lifesciences,Edwards Lifesciences FOH Bldg. C,101,,Cashier
2026-04-30,2026-04-30 08:00:00,2026-04-30 15:00:00,Google Spruce Goose Offices,Google Spruce Goose - Cafe,97,Read Description Throughly,Barista 2
2026-04-30,2026-04-30 08:00:00,2026-04-30 16:30:00,Google Spruce Goose Offices,Google Spruce Goose - Catering Operations,317,Miguel Sanchez ,Captain
2026-04-30,2026-04-30 08:00:00,2026-04-30 16:00:00,Hotel Bel Air,Hotel Bel Air - Main Kitchen,110,,Prep Cook 2
2026-04-30,2026-04-30 08:00:00,2026-04-30 15:00:00,Malibu Beach Inn,Malibu Beach Inn - BOH,105,,Dishwasher
2026-04-30,2026-04-30 08:00:00,2026-04-30 13:00:00,New West Charter School,New West Charter School - W. PICO Location,115,,Server 2
2026-04-30,2026-04-30 08:00:00,2026-04-30 16:30:00,PIH Health - Downey Hospital,PIH Health - Downey Hospital,105,,Dishwasher
2026-04-30,2026-04-30 08:00:00,2026-04-30 16:30:00,"Platinum Equity, LLC",Platinum Equity LLC,102,,Cook 2
2026-04-30,2026-04-30 08:00:00,2026-04-30 16:30:00,"Platinum Equity, LLC",Platinum Equity LLC,105,,Dishwasher
2026-04-30,2026-04-30 08:30:00,2026-04-30 17:00:00,"Platinum Equity, LLC",Platinum Equity LLC,102,,Cook 2
2026-04-30,2026-04-30 09:00:00,2026-04-30 14:00:00,Beverly Hills Unified School District,BHUSD - Beverly Vista Middle School,104,,General
2026-04-30,2026-04-30 09:00:00,2026-04-30 16:30:00,Cedars Sinai Medical Center,Cedars Sinai - Plaza & Cafe,102,Grill Cook,Cook 2
2026-04-30,2026-04-30 09:00:00,2026-04-30 15:00:00,Google Spruce Goose Offices,Google Spruce Goose - Cafe,104,Dishwasher,General
2026-04-30,2026-04-30 09:00:00,2026-04-30 17:00:00,Malibu Beach Inn,Malibu Beach Inn - BOH,107,Housekeeping,Houseperson
2026-04-30,2026-04-30 09:00:00,2026-04-30 14:00:00,New West Charter School,New West Charter School - ARMACOST Location,115,,Server 2
2026-04-30,2026-04-30 09:30:00,2026-04-30 16:30:00,L.A. Rams,L.A. Rams,105,,Dishwasher
2026-04-30,2026-04-30 09:30:00,2026-04-30 16:30:00,L.A. Rams,L.A. Rams,102,Strong Cook Needed - URGENT,Cook 2
2026-04-30,2026-04-30 10:00:00,2026-04-30 18:30:00,Four Seasons Hotel Westlake Village,Four Seasons Hotel Westlake Village ,102,pastry experience preferred,Cook 2
2026-04-30,2026-04-30 10:00:00,2026-04-30 14:30:00,Google Spruce Goose Offices,Google Spruce Goose - Cafe,104,,General
2026-04-30,2026-04-30 10:00:00,2026-04-30 18:30:00,The Getty Center,The Getty Center - Catering,102,,Cook 2
2026-04-30,2026-04-30 10:00:00,2026-04-30 18:00:00,The Getty Center,The Getty Center - Catering,102,,Cook 2
2026-04-30,2026-04-30 10:00:00,2026-04-30 18:30:00,The Getty Center,The Getty Center - Catering,102,Please request Chris Hurley and Mario Deras,Cook 2
2026-04-30,2026-04-30 10:00:00,2026-05-01 15:00:00,Universal Music Group,Universal Music Group,105,,Dishwasher
2026-04-30,2026-04-30 11:00:00,2026-04-30 19:30:00,Catalina Island Marine Institute,Camp Fox,102,Mon- Fri Assign. | Travel pay offered | Island/Camp Living for a week,Cook 2
2026-04-30,2026-04-30 11:00:00,2026-04-30 19:00:00,Catalina Island Marine Institute,Camp Toyon Bay,102,Mon- Fri Assign. | Travel pay offered | Island/Camp Living for a week,Cook 2
2026-04-30,2026-04-30 11:00:00,2026-04-30 19:30:00,PIH Health - Whittier Hospital,PIH Health - Whittier Hospital,102,,Cook 2
2026-04-30,2026-04-30 11:00:00,2026-04-30 17:00:00,University Village Thousand Oaks,University Village Thousand Oaks ,102,,Cook 2
2026-04-30,2026-04-30 11:30:00,2026-04-30 20:00:00,Occidental College,Occidental College - Marketplace,110,,Prep Cook 2
2026-04-30,2026-04-30 12:00:00,2026-04-30 20:00:00,Academy Museum of Motion Pictures,Academy Museum of Motion Pictures - Fanny's Restaurant,105,,Dishwasher
2026-04-30,2026-04-30 12:00:00,2026-04-30 16:30:00,Commerce Casino,Commerce Casino - Banquets | FOH,115,,Server 2
2026-04-30,2026-04-30 12:00:00,2026-04-30 17:00:00,Crescent Heights Ten Thousand,Crescent Heights Ten Thousand - Butler Department,115,Butler/Porter,Server 2
2026-04-30,2026-04-30 12:00:00,2026-04-30 20:30:00,PIH Health - Whittier Hospital,PIH Health - Whittier Hospital,110,,Prep Cook 2
2026-04-30,2026-04-30 12:00:00,2026-04-30 20:30:00,Pitzer College,Pitzer College,102,,Cook 2
2026-04-30,2026-04-30 12:00:00,2026-04-30 20:30:00,SBLP Warner Center OPCO LLC - The Variel,The Variel of Woodland Hills,102,,Cook 2
2026-04-30,2026-04-30 12:00:00,2026-04-30 20:30:00,VEA Hotel - Newport Beach,VEA Hotel - Newport Beach | Cooks,102,,Cook 2
2026-04-30,2026-04-30 13:00:00,2026-04-30 21:30:00,Griffin Club Los Angeles,Griffin Club Los Angeles,102,Grill Cook,Cook 2
2026-04-30,2026-04-30 13:00:00,2026-04-30 21:30:00,VEA Hotel - Newport Beach,VEA Hotel - Newport Beach | Cooks,102,,Cook 2
2026-04-30,2026-04-30 14:00:00,2026-04-30 22:30:00,Commerce Casino,Commerce Casino - Banquets | BOH,105,,Dishwasher
2026-04-30,2026-04-30 14:00:00,2026-04-30 22:30:00,Commerce Casino,Commerce Casino - High Limit Kitchen | FOH | MON - TH,101,with runner and cashier duties,Cashier
2026-04-30,2026-04-30 14:00:00,2026-04-30 19:00:00,Crescent Heights Ten Thousand,Crescent Heights Ten Thousand - Butler Department,115,Butler/Porter,Server 2
2026-04-30,2026-04-30 14:00:00,2026-04-30 18:00:00,Guckenheimer Cafe at Red Bull,Guckenheimer Cafe at Red Bull - Front of House,98,,Bartender 2
2026-04-30,2026-04-30 14:00:00,2026-04-30 22:00:00,Hotel Bel Air,Hotel Bel Air - Swan Cafe,102,,Cook 2
2026-04-30,2026-04-30 14:00:00,2026-04-30 22:30:00,Martin Luther King Jr Hospital,Martin Luther King Jr. Hospital | BOH,102,,Cook 2
2026-04-30,2026-04-30 14:00:00,2026-04-30 20:00:00,Occidental College,Occidental College - Events & Catering,115,"serve, maybe help on bar, bus and clean",Server 2
2026-04-30,2026-04-30 14:30:00,2026-04-30 23:00:00,Commerce Casino,Commerce Casino - Employee Dining Room,102,,Cook 2
2026-04-30,2026-04-30 14:30:00,2026-04-30 23:00:00,VH Property Corp. dba Trump National Golf Club Los Angeles,Trump National Golf Course Los Angeles | BOH,102,,Cook 2
2026-04-30,2026-04-30 15:00:00,2026-04-30 23:30:00,Crescent Heights Ten Thousand,Crescent Heights Ten Thousand - Butler Department,115,Butler/Porter,Server 2
2026-04-30,2026-04-30 15:00:00,2026-04-30 23:30:00,Henry Mayo Newhall Hospital,Henry Mayo Newhall Hospital,118,Dishwasher | Deep Cleaning | Must be TB and Physical Tested before Shift,Utility
2026-04-30,2026-04-30 15:00:00,2026-04-30 23:30:00,"LBVH Hotel, LLC - L'Ermitage Beverly Hills",L'Ermitage Beverly Hills,105,,Dishwasher
2026-04-30,2026-04-30 15:00:00,2026-04-30 23:00:00,Viceroy Santa Monica Hotel,Viceroy Santa Monica Hotel,105,Steward,Dishwasher
2026-04-30,2026-04-30 15:00:00,2026-04-30 21:00:00,Wolfgang Puck Catering,Wolfgang Puck Catering - Sony Studios,102,,Cook 2
2026-04-30,2026-04-30 15:30:00,2026-04-30 22:00:00,Malibu Beach Inn,Malibu Beach Inn - BOH,105,,Dishwasher
2026-04-30,2026-04-30 16:00:00,2026-05-01 00:30:00,Irvine Spectrum ,Irvine Spectrum - BOH,105,,Dishwasher
2026-04-30,2026-04-30 16:00:00,2026-05-01 00:30:00,Marina Del Rey Marriott,Marina Del Rey Marriott,105,URGENT,Dishwasher
2026-04-30,2026-04-30 16:00:00,2026-04-30 20:30:00,Villa Portofino,Villa Portofino,115,,Server 2
2026-04-30,2026-04-30 16:15:00,2026-04-30 22:30:00,SBLP Warner Center OPCO LLC - The Variel,The Variel of Woodland Hills,105,URGENT,Dishwasher
2026-04-30,2026-04-30 16:45:00,2026-04-30 23:15:00,Garibaldina Society ,Garibaldina Society,264,,Event Supervisor
2026-04-30,2026-04-30 16:45:00,2026-04-30 22:30:00,Garibaldina Society ,Garibaldina Society,102,,Cook 2
2026-04-30,2026-04-30 17:00:00,2026-04-30 23:00:00,Garibaldina Society ,Garibaldina Society,115,,Server 2
2026-04-30,2026-04-30 17:00:00,2026-04-30 22:45:00,Garibaldina Society ,Garibaldina Society,99,,Busser
2026-04-30,2026-04-30 17:00:00,2026-04-30 22:00:00,Griffin Club Los Angeles,Griffin Club Los Angeles,105,,Dishwasher
2026-04-30,2026-04-30 17:30:00,2026-04-30 23:30:00,Garibaldina Society ,Garibaldina Society,96,,Barback
2026-04-30,2026-04-30 17:30:00,2026-04-30 23:30:00,Garibaldina Society ,Garibaldina Society,105,,Dishwasher
2026-04-30,2026-04-30 18:00:00,2026-04-30 22:30:00,SBLP Warner Center OPCO LLC - The Variel,The Variel of Woodland Hills,105,,Dishwasher
2026-04-30,2026-04-30 18:00:00,2026-04-30 22:30:00,SBLP Warner Center OPCO LLC - The Variel,The Variel of Woodland Hills,102,URGENT,Cook 2
2026-04-30,2026-04-30 18:30:00,2026-04-30 23:30:00,Garibaldina Society ,Garibaldina Society,105,,Dishwasher
2026-04-30,2026-04-30 19:30:00,2026-05-01 01:30:00,Pepperdine University,Pepperdine University - HAWC Cafe & Store,102,URGENT,Cook 2
2026-04-30,2026-04-30 22:00:00,2026-05-01 06:30:00,Commerce Casino,Commerce Casino - Employee Dining Room,102,,Cook 2
